form,mean_in,mean_out
а,0.887240356083086,0.7857142857142857
абсолютно,0.0,0.1111111111111111
абсолютного,0.0,0.0
абсолютной,0.0,0.25
абсолютный,1.0,0.1875
абсолютным,0.0,0.0
абсурда,1.0,0.15384615384615385
абы,0.0,0.125
авангарде,0.3333333333333333,0.0
авансом,0.0,0.0
авось,0.0,0.041666666666666664
автомате,0.0,0.0
автопилоте,0.0,0.0
адрес,0.6,0.2608695652173913
адресу,1.0,0.5
адская,1.0,0.1111111111111111
адски,0.0,0.0
адский,0.6666666666666666,0.0
адской,0.0,0.1
ажуре,0.0,0.05263157894736842
аза,0.0,0.06666666666666667
ай,1.0,0.23529411764705882
аккурат,0.16666666666666666,0.0
алфавиту,0.0,0.2
ан,0.4,0.25
апельсинах,1.0,0.0
априори,0.0,0.0
арсенал,0.0,0.06666666666666667
арсенале,0.0,0.16666666666666666
африке,1.0,0.15
ах,0.2,0.18518518518518517
б,0.0,0.1
бабушке,0.0,0.08333333333333333
базаре,0.0,0.125
балды,0.0,0.0
баран,0.0,0.05555555555555555
баранов,1.0,0.07692307692307693
барского,1.0,0.0
батарея,0.0,0.047619047619047616
батареями,0.0,0.4
бдительным,1.0,0.07142857142857142
бе,1.0,0.1111111111111111
бегах,0.5,0.0
бегу,0.2,0.037037037037037035
беда,0.0,0.2
бедных,0.2,0.23076923076923078
беду,0.3333333333333333,0.2222222222222222
без,0.9382716049382716,0.6875
безгранично,0.0,0.0
безграничный,0.0,0.0
бездна,0.0,0.05555555555555555
безмерно,0.0,0.0
безмерное,0.0,0.0
безо,0.0,0.0
безобразия,0.0,0.0
безудержное,0.0,0.2857142857142857
бела,1.0,0.75
белы,0.6666666666666666,0.3333333333333333
белый,1.0,0.4666666666666667
бельмеса,0.0,0.0
берегу,0.0,0.46153846153846156
берет,1.0,0.3333333333333333
берите,0.5,0.06896551724137931
берущие,1.0,0.25
берущий,0.0,0.1111111111111111
бесконечно,0.0,0.1875
бесконечное,1.0,0.07692307692307693
беспорядке,0.3333333333333333,0.0
беспредельно,0.0,0.0
беспредельные,0.0,0.0
бесятся,1.0,0.0
бешенные,0.0,0.0
бешусь,0.0,0.0
библии,0.0,0.25
битком,1.0,0.4375
битый,0.2,0.0
бишь,0.0,0.0
благим,0.3333333333333333,0.0
благо,0.6666666666666666,0.0
благоволите,0.0,0.0
благодарим,0.0,0.30434782608695654
благодарю,0.75,0.3125
благодаря,1.0,0.4
блаженном,0.6666666666666666,0.125
блеске,0.6666666666666666,0.125
близка,0.6666666666666666,0.23529411764705882
близки,1.0,0.35714285714285715
близко,1.0,0.3333333333333333
близок,0.8,0.1875
бог,0.4507042253521127,0.4166666666666667
бога,0.3,0.5
богом,0.6666666666666666,0.21428571428571427
боем,0.3333333333333333,0.3888888888888889
боже,0.4,0.4666666666666667
божеский,0.3333333333333333,0.18181818181818182
божий,1.0,0.25
божьей,0.6666666666666666,0.2
боится,1.0,0.2608695652173913
бок,1.0,0.5714285714285714
бокам,0.6666666666666666,0.4
боки,0.75,0.0
боком,0.16666666666666666,0.17647058823529413
боку,1.0,0.0
более,0.9666666666666667,0.5384615384615384
болеем,0.0,0.13043478260869565
болеет,0.5,0.1111111111111111
болеешь,0.0,0.05405405405405406
болел,1.0,0.35
болела,0.0,0.2916666666666667
болею,1.0,0.0
болеющий,0.0,0.0
боли,0.8,0.4375
болит,0.7142857142857143,0.5625
больно,0.0,0.2727272727272727
больше,0.6071428571428571,0.7368421052631579
большей,1.0,0.6666666666666666
большие,1.0,0.15384615384615385
большим,1.0,0.6666666666666666
большинстве,1.0,0.6666666666666666
большого,1.0,0.4166666666666667
большое,1.0,0.46153846153846156
большой,1.0,0.125
большому,1.0,0.5714285714285714
борт,1.0,0.38461538461538464
бортом,1.0,0.25
бору,1.0,0.4444444444444444
боюсь,0.5,0.20930232558139536
боя,0.4,0.4166666666666667
боялась,1.0,0.125
боялись,1.0,0.21052631578947367
боялся,1.0,0.13043478260869565
боятся,1.0,0.17391304347826086
брал,0.0,0.09090909090909091
брат,1.0,0.42105263157894735
брать,1.0,0.6875
браться,0.0,0.3888888888888889
бросив,0.0,0.5714285714285714
бросил,0.5,0.3333333333333333
бросила,0.0,0.2
бросилась,1.0,0.21739130434782608
бросились,1.0,0.06666666666666667
бросило,1.0,0.25
бросился,0.6666666666666666,0.0
брось,0.5,0.10256410256410256
бросьте,0.0,0.0
будем,0.6666666666666666,0.5238095238095238
будет,0.5,0.56
будешь,1.0,0.42424242424242425
будто,0.34285714285714286,0.0
буду,1.0,0.48148148148148145
будучи,1.0,0.6666666666666666
будущем,0.8,0.4444444444444444
будь,0.9230769230769231,0.7142857142857143
будьте,1.0,0.625
буква,1.0,0.6842105263157895
букву,1.0,0.7058823529411765
буквы,1.0,0.26666666666666666
букет,0.25,0.38461538461538464
букете,0.0,0.0
бум-бум,0.0,0.0
бурлит,0.0,0.0
бухты-барахты,0.0,0.0
бы,0.9048780487804878,0.75
бывает,1.0,0.5
бывало,1.0,0.045454545454545456
был,1.0,0.9285714285714286
была,0.6666666666666666,0.6111111111111112
были,1.0,0.6923076923076923
было,0.9387755102040817,0.7647058823529411
быстро,0.4,0.47368421052631576
быть,0.9782608695652174,0.8333333333333334
бьюсь,1.0,0.25
в,0.9707692307692307,0.8421052631578947
вагон,0.3333333333333333,0.16666666666666666
вагоном,0.0,0.13333333333333333
важности,1.0,0.6666666666666666
валится,0.0,0.2
валко,1.0,0.16666666666666666
валялся,1.0,0.05555555555555555
вам,0.2222222222222222,0.2916666666666667
вариант,0.6,0.6
варила,0.0,0.14285714285714285
варимся,1.0,0.125
варит,0.0,0.2222222222222222
варятся,1.0,0.23076923076923078
ваше,0.4,0.34782608695652173
вверх,1.0,0.46153846153846156
ввиду,0.6,0.5
вдвоем,0.0,0.045454545454545456
вдвойне,0.25,0.0
вдобавок,0.0,0.0
вдогонку,0.0,0.037037037037037035
вдоль,0.5,0.16666666666666666
вдруг,0.39285714285714285,0.08333333333333333
ведем,0.0,0.09090909090909091
ведет,0.25,0.058823529411764705
ведете,0.0,0.46153846153846156
ведешь,0.0,0.41379310344827586
ведома,0.125,0.0
ведут,1.0,0.4
ведь,0.625,0.08
везет,0.2,0.1875
век,0.0,0.625
века,0.375,0.7692307692307693
веками,0.0,0.3333333333333333
веки,1.0,0.5294117647058824
веков,1.0,0.45454545454545453
вел,0.0,0.25
вела,0.6666666666666666,0.2857142857142857
велел,0.6,0.19047619047619047
велели,0.0,0.03225806451612903
великое,1.0,0.13043478260869565
величиной,0.0,0.0
верится,1.0,0.5
вернее,0.0,0.0
верно,0.1111111111111111,0.4117647058823529
верной,1.0,0.0
вероятно,0.0,0.0
вероятности,0.0,0.0
версту,0.5,0.0
верти,0.0,0.0
вертит,0.5,0.0
вертят,1.0,0.09090909090909091
верх,0.8,0.375
верхам,0.0,0.0
вес,0.7272727272727273,0.5
весом,1.0,0.14285714285714285
вести,1.0,0.5
весть,0.0,0.29411764705882354
весу,0.3333333333333333,0.36363636363636365
весь,0.8484848484848485,0.5555555555555556
ветерком,0.3333333333333333,0.09090909090909091
ветрил,0.0,0.0
ветром,1.0,0.2857142857142857
вечер,0.0,0.1875
вечера,1.0,0.3076923076923077
вечно,0.3333333333333333,0.25
вечность,1.0,0.13333333333333333
вечные,1.0,0.0625
вещей,0.625,0.5
вещь,0.0,0.22727272727272727
взад,1.0,0.8235294117647058
взводе,0.3333333333333333,0.045454545454545456
взгляд,1.0,0.0
взгляда,1.0,0.3333333333333333
взглянешь,0.6,0.0
вздумай,0.0,0.10810810810810811
вздумайте,0.0,0.034482758620689655
взял,0.6666666666666666,0.3157894736842105
взяла,1.0,0.3684210526315789
взялась,0.0,0.20833333333333334
взяли,0.75,0.3333333333333333
взялись,0.0,0.4
взяло,0.0,0.05555555555555555
взялся,1.0,0.4090909090909091
взята,1.0,0.25
взять,0.9473684210526315,0.3157894736842105
взяться,1.0,0.6470588235294118
вид,0.9354838709677419,0.5882352941176471
видавший,1.0,0.0
видано,0.8,0.2692307692307692
видел,0.3333333333333333,0.5384615384615384
видели,0.8,0.23809523809523808
видимо,0.5,0.13333333333333333
видимо-невидимо,0.0,0.0
видимости,0.3333333333333333,0.625
видит,0.75,0.3333333333333333
видите,0.5,0.3125
видишь,0.2222222222222222,0.125
виднее,0.4,0.36666666666666664
видно,0.8571428571428571,0.47058823529411764
видом,0.7777777777777778,0.5
виду,0.75,0.8
виды,0.8571428571428571,0.6
видывал,1.0,0.4
видят,0.5,0.3157894736842105
вижу,1.0,0.56
вине,0.6666666666666666,0.09090909090909091
виноват,0.75,0.45454545454545453
виновата,1.0,0.3333333333333333
виноваты,1.0,0.43478260869565216
виной,1.0,0.4117647058823529
висел,0.0,0.16666666666666666
висела,0.5,0.07142857142857142
висели,1.0,0.07142857142857142
висело,0.0,0.13333333333333333
висит,1.0,0.29411764705882354
вишь,0.0,0.0
включает,1.0,0.42857142857142855
включал,0.5,0.3
включающий,0.0,0.0
включая,0.8,0.25
включительно,0.0,0.0
вкупе,0.0,0.0
вкус,0.8,0.5
вкусом,0.5,0.2
вкусу,0.25,1.0
власти,0.75,0.5263157894736842
влезет,0.6,0.17647058823529413
влитой,0.0,0.0
вместе,0.9,0.3076923076923077
вместо,0.7,0.4
вне,0.8529411764705882,0.4166666666666667
внезапно,0.0,0.0625
вниз,0.8461538461538461,0.6
внимания,0.9,0.75
внутри,0.6,0.3333333333333333
внутрь,0.6666666666666666,0.5
во,0.967391304347826,0.8125
вовек,0.0,0.0
вовремя,0.14285714285714285,0.2222222222222222
вовсе,0.4,0.0
вода,1.0,0.5833333333333334
воды,1.0,0.7857142857142857
воз,0.0,0.06666666666666667
воздух,0.25,0.5384615384615384
воздухе,0.0,0.6875
возможности,1.0,0.5714285714285714
возражает,0.0,0.058823529411764705
возражаете,0.5,0.3548387096774194
возражаешь,0.0,0.47058823529411764
возрасте,0.6,0.0
возьмем,0.0,0.07142857142857142
возьмет,1.0,0.1724137931034483
возьмется,1.0,0.0
возьмешь,1.0,0.12121212121212122
возьми,0.8888888888888888,0.2564102564102564
возьмись,1.0,0.0
возьмите,0.0,0.18518518518518517
возьму,0.0,0.275
возьмут,0.0,0.21052631578947367
вокруг,1.0,0.5
воле,0.8333333333333334,0.15384615384615385
волей,0.0,0.5
волей-неволей,0.0,0.0
волен,0.0,0.15789473684210525
волна,1.0,0.5294117647058824
волне,0.6,0.14285714285714285
волну,1.0,0.058823529411764705
волны,1.0,0.2222222222222222
волоске,0.3333333333333333,0.43478260869565216
волосы,1.0,0.42857142857142855
вольные,1.0,0.0
вольных,1.0,0.0
волю,0.3333333333333333,0.21428571428571427
воля,1.0,0.2857142857142857
вон,0.8181818181818182,0.16
вообще,0.5,0.2692307692307692
вопреки,0.8,0.5454545454545454
вопрос,0.35714285714285715,0.625
вопросам,0.8,0.5454545454545454
вопросов,0.5,0.3333333333333333
вопросом,1.0,0.6666666666666666
ворота,1.0,0.2
воротил,0.0,0.0
воротили,1.0,0.1
воротит,0.5,0.12
воротить,0.6666666666666666,0.09090909090909091
воротишь,0.0,0.1724137931034483
ворох,0.16666666666666666,0.125
вороха,0.0,0.0
воспрещается,0.0,0.0
востоке,0.5,0.7142857142857143
вот,0.7633136094674556,0.4642857142857143
вот-вот,0.2,0.0
вошедший,1.0,0.11764705882352941
вошли,1.0,0.5714285714285714
впадает,0.0,0.5714285714285714
впал,0.8,0.0
впали,1.0,0.0
вперед,0.6363636363636364,0.7272727272727273
впечатление,1.0,0.6923076923076923
вполне,0.0,0.3076923076923077
впоследствии,0.4,0.0
вправду,0.0,0.041666666666666664
вправе,0.2,0.2222222222222222
впредь,0.25,0.0
впрочем,0.75,0.10526315789473684
впрягаться,1.0,0.0
впрягаются,1.0,0.0
впрямь,0.0,0.0
впустую,0.0,0.16666666666666666
врагу,0.6666666666666666,0.21428571428571427
вразрез,0.3333333333333333,0.0
вращалась,0.0,0.2
вращался,0.0,0.0
вращаться,0.0,0.5714285714285714
вращаюсь,1.0,0.1111111111111111
вращаясь,0.0,0.0
вред,1.0,0.5
вреда,1.0,0.5454545454545454
времен,0.75,0.4166666666666667
времена,0.8333333333333334,0.9230769230769231
временам,0.0,1.0
временами,0.0,0.0
временем,1.0,0.14285714285714285
времени,0.9310344827586207,0.7
время,0.9423076923076923,0.8461538461538461
вровень,0.1,0.0
вроде,0.5333333333333333,0.16666666666666666
все,0.6515679442508711,0.625
всегда,0.7272727272727273,0.42857142857142855
всего,0.9272727272727272,0.7333333333333333
всего-навсего,0.0,0.0
всей,0.84,0.5
всем,0.9038461538461539,0.5
всеми,0.9285714285714286,1.0
всему,0.9375,0.6363636363636364
всеоружии,0.0,0.0
всех,0.9545454545454546,0.4
вслед,0.6666666666666666,0.6428571428571429
вследствие,0.21428571428571427,0.5
всплеснул,0.5,0.3333333333333333
всплеснула,1.0,0.48
всплеснуть,1.0,0.0
встал,1.0,0.34782608695652173
встанешь,0.0,0.19047619047619047
встань,0.0,0.037037037037037035
встаньте,0.0,0.0967741935483871
встать,0.3333333333333333,0.20833333333333334
всю,0.8888888888888888,0.7333333333333333
вся,0.5833333333333334,0.7777777777777778
всякие,1.0,0.16666666666666666
всякий,0.7142857142857143,0.35294117647058826
всякими,1.0,0.0
всяких,0.75,0.3
всякого,0.8181818181818182,0.0
всякой,1.0,0.47058823529411764
всячески,0.0,0.0
втаптывал,0.0,0.0
втаптывала,0.0,0.0
втаптывать,0.0,0.0
втоптал,0.0,0.0
вторая,1.0,0.2631578947368421
второго,1.0,0.1
второй,0.6666666666666666,0.5
вторых,1.0,0.3076923076923077
втройне,0.0,0.0
вчетвером,0.0,0.0
вы,0.0,0.6333333333333333
выбор,1.0,0.46153846153846156
выброс,0.0,0.15384615384615385
выгодном,0.0,0.2222222222222222
выдавал,1.0,0.05
выдавать,1.0,0.3125
выдавая,1.0,0.0
выдает,0.0,0.16666666666666666
выеденного,0.6666666666666666,0.18181818181818182
вызвала,1.0,0.631578947368421
вызвали,1.0,0.3157894736842105
вызваны,0.0,0.42857142857142855
выкид,0.0,0.0
вылитая,0.0,0.0
вылитый,0.0,0.0
вынос,0.25,0.3888888888888889
выноси,1.0,0.25
выносит,0.0,0.0
выносят,0.0,0.0
вынудил,0.0,0.2727272727272727
вынудит,0.0,0.16666666666666666
выпавший,0.0,0.16666666666666666
выпал,1.0,0.47619047619047616
выпала,0.0,0.3684210526315789
выпустив,1.0,0.2
выпустил,1.0,0.15384615384615385
выпустили,1.0,0.13333333333333333
выпустит,1.0,0.15789473684210525
выражению,0.3333333333333333,0.3333333333333333
выражения,0.0,0.5
вырост,0.0,0.0
высоко,0.6666666666666666,0.375
высокого,1.0,0.75
высокой,0.0,0.5
высоте,1.0,0.6363636363636364
высотой,1.0,0.5
высоту,1.0,0.5
выставила,0.0,0.09090909090909091
выставлять,0.0,0.5
выставляют,0.0,0.3
высшей,1.0,0.08333333333333333
выходе,1.0,0.5
выходит,0.0,0.26666666666666666
вычесть,0.2,0.0
вычетом,0.0,0.0
выше,1.0,0.5833333333333334
выяснилось,0.0,0.25
гаком,0.0,0.0
галереи,0.0,0.0
галерея,0.3333333333333333,0.25
галопом,0.0,0.09523809523809523
галочки,0.0,0.0
гарантий,0.2,0.3333333333333333
где,0.8611111111111112,0.5714285714285714
где-то,0.0,0.06666666666666667
главе,1.0,0.0
главный,0.0,0.5
главным,1.0,0.25
главу,1.0,0.4166666666666667
глаз,0.8,0.3333333333333333
глаза,0.8870967741935484,0.48
глазами,1.0,0.8181818181818182
глазах,1.0,0.0
глазки,0.0,0.23076923076923078
глазком,0.8333333333333334,0.21428571428571427
глазок,0.5,0.3125
глазом,1.0,0.3333333333333333
глазу,1.0,0.5
глотка,0.25,0.21428571428571427
глотку,0.6666666666666666,0.22727272727272727
глубине,0.9,0.3333333333333333
глубиной,1.0,0.16666666666666666
глубины,1.0,0.2
глубокая,0.0,0.047619047619047616
глубокий,0.0,0.2727272727272727
глубокого,0.0,0.4444444444444444
глубокой,0.75,0.625
гляди,1.0,0.125
глядишь,0.6,0.0
глядя,0.3333333333333333,0.625
глядят,1.0,0.07692307692307693
гнула,0.0,0.1
гнуть,1.0,0.19047619047619047
говори,0.6666666666666666,0.2647058823529412
говорил,0.875,0.08333333333333333
говорила,0.16666666666666666,0.2
говорили,0.0,0.2777777777777778
говорит,0.8,0.3333333333333333
говорите,0.25,0.36666666666666664
говорится,0.5,0.2
говорить,0.631578947368421,0.375
говоришь,0.3333333333333333,0.37142857142857144
говорю,1.0,0.15384615384615385
говоря,0.9841269841269841,0.6
говорят,0.3333333333333333,0.47619047619047616
год,0.75,0.5555555555555556
годам,0.6666666666666666,0.6666666666666666
годами,1.0,0.3333333333333333
годах,0.0,0.0
годилась,0.0,0.15789473684210525
годилось,0.0,0.0
годится,0.6666666666666666,0.0
году,0.8333333333333334,1.0
годы,0.0,0.8888888888888888
голимая,0.0,0.0
голимый,0.0,0.0
голова,0.7692307692307693,0.5882352941176471
голове,0.7142857142857143,0.7647058823529411
головой,0.8888888888888888,0.75
голову,0.8571428571428571,0.6470588235294118
головы,0.5,0.6428571428571429
голодном,1.0,0.0
голодный,0.6666666666666666,0.07692307692307693
голое,1.0,0.16666666666666666
голой,0.0,0.5
голом,0.42857142857142855,0.1
голос,1.0,0.6111111111111112
голосе,0.0,0.631578947368421
голубом,1.0,0.0
голую,0.0,0.1
голые,0.0,0.25
голыми,1.0,0.2857142857142857
гонял,1.0,0.2
гора,0.25,0.29411764705882354
горазд,0.375,0.07142857142857142
гораздо,0.4,0.6111111111111112
горами,1.0,0.3
горах,0.8,0.3333333333333333
горбом,0.0,0.0
горе,1.0,0.16666666666666666
горем,0.0,0.18181818181818182
гори,0.2857142857142857,0.20833333333333334
горите,0.0,0.06451612903225806
горле,1.0,0.47368421052631576
горло,1.0,0.21428571428571427
город,0.6666666666666666,0.45454545454545453
городом,1.0,0.4375
городу,1.0,0.0
горох,1.0,0.35294117647058826
горстка,0.0,0.0
горстки,0.0,0.2
горстку,1.0,0.14285714285714285
горячим,1.0,0.2
господи,0.0,0.16129032258064516
господь,0.42857142857142855,0.4166666666666667
гости,0.6666666666666666,0.1875
гостях,1.0,0.13333333333333333
готов,0.18181818181818182,0.23076923076923078
готова,0.0,0.4
готовности,1.0,0.3333333333333333
готовность,0.3333333333333333,0.3
готовностью,0.0,0.13333333333333333
готово,0.0,0.5416666666666666
готовы,1.0,0.5333333333333333
град,1.0,0.3333333333333333
градом,0.6666666666666666,0.625
градусов,1.0,0.7222222222222222
грамм,0.6,0.5
грамма,0.0,0.15384615384615385
грани,1.0,0.3333333333333333
границах,0.0,0.1111111111111111
границей,0.3333333333333333,0.5
границу,1.0,0.4
границы,0.5,0.2222222222222222
гранью,0.6666666666666666,0.0
гребете,0.0,0.0
гребут,1.0,0.16666666666666666
греет,1.0,0.0625
грела,1.0,0.06666666666666667
грех,0.5,0.17391304347826086
греха,0.6666666666666666,0.2777777777777778
грехом,0.0,0.1111111111111111
грешным,0.0,0.0
греют,0.0,0.10526315789473684
гроб,0.6666666666666666,0.0625
гробу,0.8,0.0
грош,1.0,0.17647058823529413
грубо,0.2,0.07142857142857142
груда,0.0,0.16666666666666666
груди,0.75,0.3076923076923077
грудой,1.0,0.25
груду,0.3333333333333333,0.14285714285714285
грудь,0.0,0.3125
груз,0.3333333333333333,0.5
грузом,1.0,0.21428571428571427
грязи,0.875,0.36363636363636365
грязь,1.0,0.38461538461538464
гугу,0.0,0.5
гулькин,0.5,0.0
гуся,1.0,0.0
д,0.0,0.125
да,0.6412213740458015,0.5142857142857142
дабы,0.0,0.3333333333333333
давай,0.35,0.35135135135135137
давался,1.0,0.043478260869565216
даваться,0.0,0.07142857142857142
давил,0.0,0.058823529411764705
давит,0.0,0.041666666666666664
давлением,0.5,0.36363636363636365
давних,0.4,0.0
давно,0.42857142857142855,0.23076923076923078
давным-давно,0.0,0.07142857142857142
давят,0.0,0.0
дадим,0.5,0.3103448275862069
дадите,1.0,0.08333333333333333
дадут,0.3333333333333333,0.2727272727272727
дается,1.0,0.16666666666666666
даже,0.7368421052631579,0.26666666666666666
дай,0.8636363636363636,0.42857142857142855
дайте,0.0,0.3333333333333333
дал,0.8333333333333334,0.6
дала,0.5,0.5
далее,1.0,0.3333333333333333
далеко,0.85,0.75
дали,0.6,0.4666666666666667
дались,0.0,0.09090909090909091
далось,1.0,0.21052631578947367
дался,0.0,0.16666666666666666
дальнейшем,0.0,0.42857142857142855
дальних,0.0,0.125
дальше,0.8333333333333334,0.43478260869565216
дам,0.0,0.16666666666666666
данный,0.75,0.4
даром,0.5,0.21052631578947367
даст,0.75,0.5333333333333333
дать,1.0,0.5833333333333334
дашь,0.0,0.1875
даю,1.0,0.34615384615384615
два,1.0,0.7857142857142857
дважды,1.0,0.36363636363636365
две,1.0,0.75
двери,0.6,0.47058823529411764
дверьми,0.0,0.08333333333333333
дверью,0.6,0.5555555555555556
дверями,1.0,0.6666666666666666
двоих,0.0,0.15
дворе,0.6,0.6190476190476191
двумя,0.0,0.625
двух,1.0,0.7272727272727273
девался,0.0,0.10714285714285714
девать,0.8,0.72
деваться,0.6666666666666666,0.3333333333333333
девках,1.0,0.0
дежурный,1.0,0.0
действием,0.5,0.0
действии,0.6,0.0
действительно,0.0,0.058823529411764705
действительности,0.0,0.16666666666666666
дел,1.0,0.7777777777777778
дела,1.0,0.5
делает,0.75,0.6666666666666666
делал,1.0,0.13333333333333333
делали,1.0,0.25
делать,0.92,0.4230769230769231
делают,1.0,0.5714285714285714
делится,0.7,0.4
дело,0.75,0.8
делом,1.0,0.8181818181818182
делу,0.75,0.36363636363636365
денег,1.0,0.5
день,0.9375,0.7777777777777778
деньги,0.3333333333333333,0.5
держа,0.3333333333333333,0.7692307692307693
держал,0.5,0.4375
держала,0.6666666666666666,0.25
держали,0.25,0.14285714285714285
держался,0.0,0.13043478260869565
держат,1.0,0.3333333333333333
держать,1.0,0.8666666666666667
держащиеся,0.0,0.14285714285714285
держащих,1.0,0.0
держи,0.6666666666666666,0.058823529411764705
держит,0.8333333333333334,0.35294117647058826
держите,0.3333333333333333,0.16129032258064516
держится,1.0,0.3125
держу,0.4,0.5652173913043478
дернул,0.4,0.18181818181818182
десяти,0.25,0.0
десятка,1.0,0.3
десяток,0.8,0.46153846153846156
десятых,0.6666666666666666,0.1111111111111111
детей,1.0,0.8
детство,1.0,0.47619047619047616
диагонали,0.3333333333333333,0.0
диаметре,1.0,0.8
диаметром,0.6666666666666666,0.5
диво,0.0,0.06451612903225806
диву,0.6666666666666666,0.3333333333333333
дикая,0.0,0.08333333333333333
дикий,0.0,0.125
диким,0.0,0.25
дико,0.1111111111111111,0.0
диковинку,0.0,0.047619047619047616
дикое,0.0,0.0
длинным,0.3333333333333333,0.3
длиной,1.0,0.375
длину,0.75,0.625
для,0.9038461538461539,0.8888888888888888
дневал,0.3333333333333333,0.0
дневать,0.0,0.0
дней,1.0,0.7647058823529411
днем,1.0,0.2222222222222222
дни,0.875,0.42857142857142855
дном,1.0,0.875
дню,1.0,0.4
днюют,1.0,0.0
дня,0.9565217391304348,0.625
дням,1.0,0.16666666666666666
днях,0.875,0.5
до,0.967032967032967,0.6666666666666666
добавить,0.2,0.35714285714285715
добавление,0.0,0.2222222222222222
добираться,0.5,0.2222222222222222
добр,1.0,0.3888888888888889
добра,1.0,0.52
добрая,0.0,0.17391304347826086
добро,0.0,0.25
доброго,1.0,0.25
доброй,0.6666666666666666,0.6666666666666666
добру,0.3333333333333333,0.4117647058823529
добры,0.5,0.6875
доведена,1.0,0.0
доведет,0.25,0.3076923076923077
довели,0.0,0.0
доверху,0.0,0.0
довершение,1.0,0.3333333333333333
довести,1.0,0.0
доводил,0.5,0.0
доводили,0.0,0.0
доводить,1.0,0.0
доводят,1.0,0.0
довольно,0.2727272727272727,0.07142857142857142
дождем,0.0,0.45454545454545453
дождемся,1.0,0.034482758620689655
дождется,1.0,0.043478260869565216
дождусь,0.0,0.0
дождь,0.6666666666666666,0.5454545454545454
дождя,0.0,0.5
доз,0.0,0.0
дозу,1.0,0.23076923076923078
дозы,0.5,0.09090909090909091
доказательство,0.0,0.5714285714285714
доктор,0.6,0.21428571428571427
долг,0.6666666666666666,0.32
долгий,0.6666666666666666,0.1111111111111111
долго,1.0,0.42857142857142855
долгом,0.0,0.3333333333333333
долгу,0.5,0.5625
доле,0.0,0.0
должен,0.75,0.75
должно,0.8,0.8235294117647058
доли,0.16666666666666666,0.5714285714285714
долой,0.3333333333333333,0.3125
долю,1.0,0.75
доля,1.0,0.5333333333333333
дом,0.2,0.6
дома,1.0,0.45454545454545453
домик,1.0,0.0625
дому,1.0,0.14285714285714285
дополнение,1.0,0.625
допустил,0.0,0.3157894736842105
дорога,1.0,0.4666666666666667
дороге,0.6666666666666666,0.5
дороги,1.0,0.4
дорогого,0.6666666666666666,0.3333333333333333
дорогой,0.3333333333333333,0.25
дороже,1.0,0.3684210526315789
дорожке,1.0,0.1
доставкой,0.0,0.0
достаточно,0.6923076923076923,0.13333333333333333
достигает,0.6666666666666666,0.2727272727272727
достигал,1.0,0.0
достигали,1.0,0.09090909090909091
доходит,1.0,0.47058823529411764
доходя,0.0,0.0
доходят,0.5,0.6153846153846154
дошло,1.0,0.8333333333333334
др,1.0,0.3333333333333333
древних,0.3333333333333333,0.45454545454545453
древности,0.8,0.2857142857142857
друг,1.0,0.8571428571428571
другая,0.3333333333333333,0.3125
другие,0.8333333333333334,0.8
другим,1.0,0.4
другими,0.4,0.5
других,1.0,0.4
другого,1.0,0.45454545454545453
другое,0.6666666666666666,0.6111111111111112
другой,0.7307692307692307,0.46153846153846156
другом,0.375,0.6666666666666666
другому,1.0,0.8333333333333334
дружку,0.0,0.0
дулом,0.6666666666666666,0.0625
думает,0.0,0.38461538461538464
думаете,1.0,0.5185185185185185
думаешь,1.0,0.4
думай,0.6666666666666666,0.14814814814814814
думайте,0.0,0.09090909090909091
думал,0.6666666666666666,0.21052631578947367
думала,0.0,0.3684210526315789
думаю,1.0,0.4166666666666667
думая,0.75,0.4444444444444444
дураках,1.0,0.25
дурила,0.0,0.0
дурит,0.0,0.0
дурить,0.0,0.0
дурью,0.3333333333333333,0.0
дух,0.2,0.7272727272727273
духу,0.3333333333333333,0.25
душа,0.8888888888888888,0.21052631578947367
душе,0.8571428571428571,0.4117647058823529
душевной,1.0,0.38461538461538464
души,0.75,0.21428571428571427
душой,0.9411764705882353,0.29411764705882354
душу,0.8,0.5
дыбом,0.6666666666666666,0.5555555555555556
дым,0.0,0.3333333333333333
дыхании,0.8,0.7777777777777778
дыхания,0.6666666666666666,0.16666666666666666
дышат,1.0,0.058823529411764705
дышать,1.0,0.5
европам,0.3333333333333333,0.14285714285714285
его,0.0,0.45454545454545453
едва,0.11538461538461539,0.2222222222222222
едва-едва,0.0,0.0
единицы,0.2,0.25
едино,0.0,0.1875
единого,0.42857142857142855,0.4444444444444444
единой,0.0,0.6666666666666666
едином,0.0,0.4444444444444444
единственная,0.0,0.18181818181818182
единственное,1.0,0.5333333333333333
ежели,0.0,0.0
ей-богу,0.0,0.0
еле,0.3333333333333333,0.3076923076923077
еле-еле,0.0,0.0
епархия,0.0,0.0
если,0.9244186046511628,0.7777777777777778
естественным,0.5,0.15384615384615385
есть,0.7142857142857143,0.6
еще,0.5086705202312138,0.21052631578947367
ж,0.2,0.5652173913043478
жалко,0.5,0.21875
жаль,0.625,0.3333333333333333
жанра,1.0,0.36363636363636365
жару,1.0,0.2727272727272727
ждал,0.0,0.3333333333333333
ждала,0.0,0.2857142857142857
ждем,1.0,0.4444444444444444
ждет,0.5,0.4117647058823529
ждешь,0.0,0.10344827586206896
жду,1.0,0.5151515151515151
же,0.8697916666666666,0.6470588235294118
желаем,0.0,0.15789473684210525
желании,1.0,0.875
желать,1.0,0.2222222222222222
желаю,0.6,0.4117647058823529
желудок,1.0,0.17647058823529413
жестоко,0.0,0.13043478260869565
живое,1.0,0.3333333333333333
живут,1.0,0.35714285714285715
жизни,0.8823529411764706,0.9166666666666666
жизнь,0.8666666666666667,0.5454545454545454
жилах,1.0,0.5833333333333334
жиру,0.0,0.125
жить,1.0,0.38095238095238093
житья,0.0,0.0
жуткая,0.0,0.0
жутко,0.0,0.0
жуткую,0.0,0.16666666666666666
жутчайшая,0.0,0.0
за,0.9235181644359465,0.6818181818181818
заблаговременно,0.0,0.14285714285714285
забот,0.5,0.1111111111111111
заботы,0.0,0.11764705882352941
забралом,0.6666666666666666,0.2857142857142857
забыла,0.0,0.18518518518518517
забыли,0.0,0.4
забытой,1.0,0.125
забытые,1.0,0.0
завались,0.3333333333333333,0.0
завершение,0.0,0.038461538461538464
завершилась,0.0,0.0
завершился,0.5,0.1
зависимости,1.0,0.6666666666666666
зависть,0.6666666666666666,0.05
завороженный,0.0,0.0
завтра,1.0,0.14285714285714285
завязке,0.0,0.0
завязку,0.6666666666666666,0.0
заглядение,0.0,0.0
загляденье,0.5,0.0
загодя,0.0,0.0
заголовком,1.0,1.0
загорелись,0.2,0.14285714285714285
задал,0.0,0.64
задала,0.0,0.4375
задаст,0.5,0.3125
задатки,0.0,0.125
задворки,0.0,0.0
задней,1.0,0.7777777777777778
задним,1.0,0.5555555555555556
задних,1.0,0.38461538461538464
задом,1.0,0.08333333333333333
задоринки,1.0,0.5882352941176471
задурят,0.0,0.0
зазрения,1.0,0.0
заикаться,0.4,0.3125
займет,0.0,0.36363636363636365
закадычных,0.0,0.0
заказ,0.6,0.08
заката,1.0,0.07692307692307693
закате,0.2,0.0
закатил,0.0,0.16666666666666666
закатила,1.0,0.4444444444444444
закатит,0.0,0.2
заклад,1.0,0.25
закона,0.6666666666666666,0.2
законам,1.0,0.6428571428571429
закону,0.8571428571428571,0.2222222222222222
закончилась,0.0,0.5882352941176471
закоренелые,0.0,0.0
закрытыми,1.0,1.0
закрыть,1.0,0.2777777777777778
залейся,0.0,0.12
залилась,1.0,0.25806451612903225
залились,0.0,0.23809523809523808
залился,0.0,0.32
заложниках,0.6666666666666666,0.0
заложники,1.0,0.0
заметил,0.0,0.125
замечанию,0.0,0.0
замками,0.0,0.0
замком,0.3333333333333333,0.4
замок,0.3333333333333333,0.47368421052631576
занавес,0.0,0.3157894736842105
занесло,1.0,0.5217391304347826
занимает,0.0,0.5
занимайся,0.6666666666666666,0.391304347826087
занимайтесь,0.0,0.27586206896551724
занимать,0.8,0.29411764705882354
заняла,0.0,0.5294117647058824
заняло,1.0,0.5555555555555556
заодно,0.2727272727272727,0.1
запарке,0.0,0.0
запасе,0.3333333333333333,0.13333333333333333
запахом,0.5,0.2857142857142857
запинки,0.0,0.0
запрещается,0.0,0.0625
запрещено,0.6666666666666666,0.3125
заранее,0.0,0.2
заре,0.5,0.3333333333333333
зари,1.0,0.13333333333333333
зародыше,0.0,0.0
заря,1.0,0.13333333333333333
заслугам,0.6666666666666666,0.6666666666666666
заставил,1.0,0.7692307692307693
заставило,1.0,0.75
заставить,1.0,0.6470588235294118
засучив,1.0,0.0
затей,0.0,0.0
затем,0.8,0.1111111111111111
зато,0.2,0.045454545454545456
затравки,0.0,0.0
захватило,1.0,0.06666666666666667
захоти,0.0,0.0
захочет,0.4,0.3125
зачастую,0.0,0.0
зачем,0.7,0.6666666666666666
защитой,0.8,0.3
заядлый,0.0,0.0
заядлым,1.0,0.07692307692307693
звали,1.0,0.2222222222222222
звать,0.0,0.16666666666666666
звезды,0.2,0.0625
звонка,1.0,0.17391304347826086
здесь,0.4,0.23076923076923078
здоров,0.6428571428571429,0.15384615384615385
здорово,0.625,0.0
здравом,1.0,0.6666666666666666
здравствует,1.0,0.0
земель,1.0,0.18181818181818182
земли,0.4444444444444444,0.3333333333333333
землю,1.0,0.36363636363636365
земля,1.0,0.4117647058823529
зимой,1.0,0.0
зимуют,1.0,0.1111111111111111
злобу,1.0,0.23076923076923078
знаем,1.0,0.6818181818181818
знает,0.7619047619047619,0.6428571428571429
знаете,0.7777777777777778,0.39285714285714285
знаешь,0.0,0.4482758620689655
знак,1.0,0.3333333333333333
знаком,0.8,0.5263157894736842
знал,0.8571428571428571,0.2222222222222222
знала,0.0,0.1
знали,1.0,0.3
знаменем,0.3333333333333333,0.14285714285714285
знамя,0.8,0.17647058823529413
знать,0.9393939393939394,0.3181818181818182
значение,1.0,0.2727272727272727
значения,1.0,0.6666666666666666
значит,0.6,0.2962962962962963
значительно,0.2,0.07692307692307693
знаю,0.7407407407407407,0.7692307692307693
знают,0.5,0.6111111111111112
зовут,0.8,0.8
золота,1.0,0.35294117647058826
зрения,1.0,0.875
зря,0.625,0.24
зуб,0.6923076923076923,0.3333333333333333
зубам,0.6666666666666666,0.05
и,0.90973630831643,0.6
ивановскую,0.0,0.07692307692307693
играем,1.0,0.3076923076923077
играет,0.8571428571428571,0.5384615384615384
играл,1.0,0.375
играла,0.0,0.21428571428571427
играли,0.0,0.14285714285714285
играло,0.0,0.07142857142857142
играть,1.0,0.2727272727272727
играют,1.0,0.375
игрушки,1.0,0.3181818181818182
игры,0.5,0.6363636363636364
идее,0.3333333333333333,0.2857142857142857
идем,0.5,0.21428571428571427
идет,0.125,0.5384615384615384
иди,0.4,0.5428571428571428
идите,1.0,0.14285714285714285
идти,0.5,0.5
идут,0.2,0.3076923076923077
иже,0.3333333333333333,0.25
из,0.9540816326530612,0.8
из-за,0.42857142857142855,0.3
из-под,0.5,0.5
избави,0.2,0.058823529411764705
избытке,0.6666666666666666,0.125
известно,0.75,0.6
известный,0.5,0.3333333333333333
извини,0.0,0.03333333333333333
извините,1.0,0.07142857142857142
извне,0.2,0.0
изволь,0.0,0.0
изнутри,0.0,0.07142857142857142
изо,1.0,0.7333333333333333
изредка,0.4,0.07142857142857142
или,0.875,0.4
имевшиеся,0.0,0.0
имеет,0.875,0.7
имеешь,1.0,0.48
имей,0.2,0.19047619047619047
имел,0.4,0.5
имела,0.0,0.375
имели,0.25,0.3333333333333333
имело,0.4,0.1
именем,0.18181818181818182,0.45454545454545453
имени,1.0,0.8888888888888888
именно,0.6,0.35294117647058826
иметь,1.0,0.5
имею,1.0,0.5
имеют,1.0,0.7142857142857143
имеющиеся,1.0,0.42857142857142855
имеющий,1.0,0.3333333333333333
имея,1.0,0.375
имя,0.9,0.4444444444444444
иначе,0.46153846153846156,0.4
иногда,1.0,0.0
иное,0.5,0.2222222222222222
иной,0.5,0.25
интереса,0.0,0.3684210526315789
интересах,1.0,0.0
иным,1.0,0.0
иными,0.6666666666666666,0.125
искать,1.0,0.4666666666666667
исключая,0.4,0.0
исключением,0.8,0.25
исключения,1.0,0.5
исключительно,0.0,0.06666666666666667
испокон,0.2,0.3333333333333333
исходе,1.0,0.6666666666666666
итак,0.6,0.16666666666666666
их,0.0,0.1875
ишь,0.2,0.058823529411764705
йоту,0.75,0.2
йоты,0.0,0.0
к,0.9779735682819384,1.0
каблук,0.0,0.0
каблуком,0.6666666666666666,0.25
кабы,0.0,0.0
кадр,0.0,0.3125
кадром,0.6666666666666666,0.3333333333333333
каждого,0.4,0.7857142857142857
каждом,1.0,0.4444444444444444
каждому,1.0,0.6
каждую,1.0,0.3333333333333333
каждый,0.5862068965517241,0.5714285714285714
каждым,1.0,0.625
кажется,0.6666666666666666,0.55
казалось,0.5,0.5555555555555556
как,0.8748538011695907,0.6875
как-никак,0.0,0.0
как-то,0.42857142857142855,0.0625
какая,0.9230769230769231,0.6774193548387096
какие,0.9090909090909091,0.64
каким,1.0,0.8333333333333334
каким-нибудь,0.0,0.0
какими,1.0,0.5555555555555556
каких,0.875,0.8235294117647058
каков,0.16666666666666666,0.11538461538461539
какого,0.875,0.5882352941176471
какое,0.8,0.65
какой,0.8441558441558441,0.7647058823529411
какой-нибудь,0.0,0.08333333333333333
каком,0.75,0.7142857142857143
каком-то,0.6666666666666666,0.5
какую,0.625,0.5555555555555556
каменной,1.0,0.2
капельку,0.0,0.0
капле,0.0,0.3333333333333333
капли,0.6428571428571429,0.35714285714285715
каплю,0.0,0.23076923076923078
капля,0.0,0.30434782608695654
караван,0.3333333333333333,0.14285714285714285
караване,0.0,0.0
караваны,0.0,0.25
карандаше,0.0,0.14285714285714285
караулом,0.0,0.23076923076923078
кардинальным,0.3333333333333333,0.0
кармане,1.0,0.5714285714285714
карману,1.0,0.17647058823529413
карточный,1.0,0.14285714285714285
карьер,1.0,0.1111111111111111
касается,1.0,0.7
касательно,0.0,0.0
касаются,1.0,0.4117647058823529
кассу,0.0,0.10526315789473684
кассы,0.7,0.16666666666666666
катись,0.0,0.02857142857142857
катит,0.0,0.17391304347826086
катушку,0.8,0.38461538461538464
каша,1.0,0.23809523809523808
каюк,0.0,0.0
квадрате,0.2857142857142857,0.0
квадратный,0.6666666666666666,0.3
квиты,0.0,0.0
кем,1.0,0.65
километр,1.0,0.5
кинулась,0.0,0.06666666666666667
кинулись,0.0,0.041666666666666664
кинулся,0.0,0.0
кипа,0.25,0.0
кипит,0.0,0.1111111111111111
кирдык,0.0,0.0
китайской,0.3333333333333333,0.16666666666666666
китая,0.3333333333333333,0.14285714285714285
кишит,1.0,0.13333333333333333
кишмя,0.3333333333333333,0.46153846153846156
кладезем,0.0,0.08333333333333333
кладезь,0.0,0.0
классике,0.0,0.0
клейма,0.6666666666666666,0.0
клеймо,0.0,0.06666666666666667
клонит,0.6,0.4
клонишь,1.0,0.2857142857142857
клонят,0.0,0.0
ключе,0.0,0.0
клюют,1.0,0.2222222222222222
ко,1.0,0.9473684210526315
ковер,0.75,0.11764705882352941
коврижки,0.0,0.0
когда,0.6190476190476191,0.5
когда-нибудь,0.2,0.23076923076923078
кого,1.0,0.47058823529411764
когтях,0.0,0.0
кое-как,0.0,0.0
коем,1.0,0.95
козу,0.6,0.0
кои,1.0,1.0
кои-то,1.0,0.6923076923076923
кой,0.3333333333333333,0.2962962962962963
колее,1.0,0.0
колена,1.0,0.25
коленке,0.0,0.19047619047619047
коли,0.0,0.0
колоду,1.0,0.25
колокола,0.6,0.3333333333333333
колокольни,0.6,0.1111111111111111
колпаком,0.3333333333333333,0.375
коль,1.0,0.047619047619047616
ком,0.75,0.3157894736842105
команде,1.0,0.4
командованием,1.0,0.25
комок,0.0,0.3333333333333333
компании,0.6,0.3076923076923077
компанию,0.4,0.3
компьютером,0.5,0.16666666666666666
кому,0.4,0.5333333333333333
конец,0.75,0.3333333333333333
конечно,0.6666666666666666,0.23809523809523808
конкуренции,0.6666666666666666,0.15384615384615385
конкурса,0.3333333333333333,0.6666666666666666
контролем,1.0,0.6666666666666666
контроль,1.0,0.2857142857142857
кону,0.6666666666666666,0.0
конца,0.6818181818181818,0.6363636363636364
концами,1.0,0.4444444444444444
конце,1.0,0.6666666666666666
концов,0.9333333333333333,0.0
концом,1.0,0.14285714285714285
концу,1.0,0.8181818181818182
концы,0.5,0.36363636363636365
кончай,0.3333333333333333,0.0
кончайте,0.0,0.0
кончено,0.0,0.13333333333333333
кончиков,1.0,0.8333333333333334
кончилось,0.3333333333333333,0.06896551724137931
конь,1.0,0.16
копеек,0.8,0.047619047619047616
копейками,0.0,0.0
копейки,0.5384615384615384,0.38095238095238093
копейку,0.0,0.23809523809523808
копна,0.0,0.2
копнами,0.0,0.25
копне,0.0,0.0
копной,0.0,0.5
корень,0.3333333333333333,0.14285714285714285
корки,1.0,0.0625
корми,1.0,0.5
кормила,0.0,0.14285714285714285
корню,1.0,0.0
короба,1.0,0.0
короткой,1.0,0.36363636363636365
короче,0.2,0.0
косо,0.3333333333333333,0.0
костей,1.0,0.2
костях,0.0,0.0
косяками,0.0,0.0
косяком,0.0,0.14285714285714285
кот,1.0,0.2631578947368421
котле,1.0,0.36363636363636365
которую,1.0,1.0
которые,1.0,0.3333333333333333
который,1.0,0.7272727272727273
которым,1.0,1.0
коту,1.0,0.0
краем,1.0,0.75
край,0.9230769230769231,0.5454545454545454
крайней,1.0,0.0
крайнем,0.8,0.2
крайности,0.6666666666666666,0.18181818181818182
кранты,0.0,0.0
красе,1.0,0.0
красивые,1.0,0.30434782608695654
краснел,0.0,0.08333333333333333
краснеть,0.3333333333333333,0.1111111111111111
красного,1.0,0.75
красной,1.0,0.5
красоты,0.3333333333333333,0.5
крат,0.6666666666666666,0.6923076923076923
краю,0.5,0.5
края,1.0,0.5
краях,0.6666666666666666,0.0
крест,0.6666666666666666,0.5333333333333333
крестил,0.5,0.0
крестить,0.0,0.06666666666666667
крова,1.0,0.4444444444444444
крови,0.6666666666666666,0.4166666666666667
кровь,0.5833333333333334,0.5333333333333333
кровью,1.0,0.38461538461538464
кроме,0.875,0.2
крошек,0.0,0.0
крошка,0.0,0.05555555555555555
крошки,0.25,0.4
круг,0.0,0.5882352941176471
круга,0.0,0.36363636363636365
круге,0.0,0.2
круглого,0.0,0.4
круглый,1.0,0.0
круглым,0.0,0.4
кругу,0.42857142857142855,0.7142857142857143
кружок,0.3333333333333333,0.17391304347826086
крупица,0.5,0.0
крупицу,1.0,0.0
крупицы,0.0,0.0
крути,0.6666666666666666,0.4
крылом,0.3333333333333333,0.16666666666666666
крыльях,0.6666666666666666,0.5
крышей,1.0,0.5833333333333334
крыши,1.0,0.25
крышка,0.0,0.3157894736842105
кряду,0.0,0.0
кстати,0.5,0.2
кто,0.8450704225352113,0.9047619047619048
кубе,0.0,0.06666666666666667
куда,0.7746478873239436,0.5238095238095238
кукареку,0.0,0.0
кулисами,0.6666666666666666,0.0
кулисы,0.6,0.0
куличиках,0.0,0.0
курс,1.0,0.46153846153846156
курсе,1.0,0.65
куры,0.75,0.0
куча,0.0,0.3
кучи,0.6,0.0
кучка,0.6666666666666666,0.46153846153846156
кучкой,1.0,0.08333333333333333
кучку,0.0,0.42857142857142855
кучу,0.6666666666666666,0.25
лавина,0.0,0.13333333333333333
лавиной,1.0,0.0
лавину,0.0,0.07692307692307693
лад,0.0,0.5555555555555556
ладан,1.0,0.0
ладно,0.4666666666666667,0.2857142857142857
ладони,1.0,0.17391304347826086
лады,1.0,0.08333333333333333
лампочки,1.0,0.0
левой,0.3333333333333333,0.375
левую,0.3333333333333333,0.35714285714285715
легенде,0.5,0.3333333333333333
легион,0.0,0.38461538461538464
легкий,0.5,0.17647058823529413
легких,0.0,0.5384615384615384
легко,0.7142857142857143,0.17647058823529413
легкого,0.3333333333333333,0.25
легкой,1.0,0.6666666666666666
легком,1.0,0.0
легче,1.0,0.2222222222222222
лежал,0.0,0.2
лежала,0.6666666666666666,0.22727272727272727
лежали,0.25,0.14285714285714285
лежало,0.0,0.041666666666666664
лежат,0.8,0.23809523809523808
лежит,1.0,0.5625
лежку,0.0,0.0
лез,0.0,0.0
лезет,1.0,0.5
лень,0.0,0.35
лепешку,0.6666666666666666,0.09090909090909091
лес,0.6666666666666666,0.5294117647058824
леса,1.0,0.23076923076923078
лесом,0.0,0.08333333333333333
лет,0.8888888888888888,0.9375
летела,0.0,0.0
лететь,1.0,0.08695652173913043
летом,1.0,0.2727272727272727
лету,0.3,0.16666666666666666
ли,0.9496402877697842,0.8095238095238095
ливень,0.0,0.0
линии,0.75,0.2857142857142857
линию,1.0,0.2
лица,0.75,0.5833333333333334
лицах,0.3333333333333333,0.7222222222222222
лице,1.0,0.625
лицо,0.75,0.5
лицом,0.8888888888888888,0.3333333333333333
лицу,1.0,0.5294117647058824
лично,0.0,0.10526315789473684
личном,0.5,0.36363636363636365
лишен,1.0,0.45454545454545453
лишком,0.3333333333333333,0.0
лишку,0.0,0.13333333333333333
лишнего,1.0,0.38095238095238093
лишнее,0.0,0.15789473684210525
лишние,0.0,0.10714285714285714
лишний,0.0,0.125
лишним,0.9,0.0
лишних,1.0,0.18181818181818182
лишь,0.7666666666666667,0.1
лоб,0.8125,0.15789473684210525
ложись,0.5,0.024390243902439025
ложном,0.0,0.0
локоть,1.0,0.3076923076923077
лом,0.6,0.04
лопатки,0.3333333333333333,0.5555555555555556
лопатой,0.0,0.09523809523809523
лопни,0.0,0.0
лукавого,0.3333333333333333,0.0
луны,0.6,0.25
лучше,0.6086956521739131,0.5714285714285714
лучшего,1.0,0.2727272727272727
лучшем,0.75,0.4
лучшему,1.0,0.9473684210526315
лучших,1.0,0.3333333333333333
львиная,0.3333333333333333,0.0
любезны,0.4,0.20833333333333334
любо-дорого,0.0,0.0
любое,1.0,0.45454545454545453
любой,0.9444444444444444,0.2727272727272727
любому,0.3333333333333333,0.2777777777777778
людей,0.42857142857142855,0.5
люди,0.0,0.5384615384615384
людях,0.16666666666666666,0.5333333333333333
лямку,0.6666666666666666,0.21428571428571427
мази,0.0,0.14285714285714285
макар,1.0,0.1
макаром,0.0,0.1
максимум,0.0,0.1111111111111111
мала,0.0,0.35294117647058826
малая,1.0,0.3333333333333333
маленькая,0.75,0.4444444444444444
маленький,0.75,0.4666666666666667
мало,0.4827586206896552,0.4
мало-мальски,0.0,0.0
мало-помалу,0.0,0.0
малого,1.0,0.4
малой,1.0,0.0
манером,0.0,0.0
марки,0.0,0.36363636363636365
маркой,0.0,0.6666666666666666
маслу,1.0,0.0
масса,0.2,0.17647058823529413
массе,0.875,0.4
массой,1.0,0.2
мастак,0.0,0.0
мастей,1.0,0.5
матери,1.0,0.15384615384615385
матом,1.0,0.15384615384615385
мать,1.0,0.25
маха,0.0,0.0
махом,0.6666666666666666,0.0
маху,0.5,0.4444444444444444
маяться,0.6666666666666666,0.0
мгновение,0.75,0.2222222222222222
мгновенно,0.0,0.0
ме,0.6,0.07692307692307693
мед,0.0,0.09090909090909091
медом,1.0,0.1
между,0.875,1.0
мелочам,0.3333333333333333,0.16666666666666666
мелочи,0.6666666666666666,0.2
мельком,0.0,0.23076923076923078
менее,1.0,0.75
меньше,0.5714285714285714,0.26666666666666666
меньшей,0.16666666666666666,0.25
меня,0.9166666666666666,0.48
мере,0.8780487804878049,0.0
мертвым,0.6666666666666666,0.23076923076923078
меру,0.2,0.4375
меры,0.875,0.5
места,1.0,0.6153846153846154
месте,1.0,0.8571428571428571
место,0.875,0.7272727272727273
месту,1.0,0.6
мечтать,1.0,0.5
мечтаю,0.0,0.14285714285714285
мечтая,1.0,0.0
мешает,0.6666666666666666,0.2692307692307692
мешало,0.5,0.16666666666666666
мешка,1.0,0.2727272727272727
мешком,1.0,0.21428571428571427
мешок,0.3333333333333333,0.2
миг,0.1111111111111111,0.0625
мизинца,0.3333333333333333,0.0
мил,1.0,0.3
миленькие,0.0,0.0
миленький,0.0,0.0
миленького,0.0,0.0
миллиметр,0.5,0.0
миллион,0.2,0.2222222222222222
милое,1.0,0.23076923076923078
милости,0.36363636363636365,0.07692307692307693
милость,0.6,0.2727272727272727
милую,1.0,0.2222222222222222
милю,0.0,0.1111111111111111
мимо,1.0,0.8235294117647058
минимум,0.5714285714285714,0.1111111111111111
минус,0.125,0.42105263157894735
минусе,0.0,0.0
минут,1.0,0.7222222222222222
минутах,1.0,0.5
минуте,1.0,0.6363636363636364
минутку,1.0,0.027777777777777776
минуточку,0.0,0.0
минуту,0.45454545454545453,0.3888888888888889
минуты,1.0,0.5
мира,1.0,0.4444444444444444
мире,1.0,0.6363636363636364
мириады,0.0,0.0
миром,0.6,0.4444444444444444
младая,0.0,0.0
мне,0.9333333333333333,0.7058823529411765
мнению,1.0,1.0
мнения,1.0,0.6666666666666666
многих,0.0,0.0
много,0.6875,0.6190476190476191
многом,1.0,0.4166666666666667
множество,1.0,0.0
мог,0.8,0.5384615384615384
могилы,0.0,0.09090909090909091
могла,0.0,0.7
могли,1.0,0.4
могло,0.2,0.6153846153846154
могу,0.4166666666666667,0.5416666666666666
могут,1.0,0.875
моде,1.0,0.4
моду,0.3333333333333333,0.35294117647058826
мое,0.3333333333333333,0.36
можем,1.0,0.4666666666666667
может,0.8974358974358975,0.4
можешь,1.0,0.4
можно,0.7307692307692307,0.6666666666666666
мозга,1.0,0.7
мозгам,0.4,0.05555555555555555
мои,1.0,0.6111111111111112
мой,1.0,0.4
мокрого,0.6,0.06666666666666667
молодости,1.0,0.15384615384615385
момент,0.9,0.5384615384615384
море,0.25,0.26666666666666666
морем,0.0,0.3076923076923077
морочат,0.0,0.0
морочила,0.0,0.0
морочили,0.0,0.08333333333333333
морочите,1.0,0.07692307692307693
моря,1.0,0.46153846153846156
моя,1.0,0.3684210526315789
мусорку,0.0,0.05
мы,1.0,0.5294117647058824
мысли,1.0,0.3125
мысль,0.0,0.4117647058823529
мыслях,1.0,0.0
мягко,0.6,0.1111111111111111
на,0.964924838940587,0.875
набит,1.0,0.125
набралась,1.0,0.14285714285714285
набрался,0.6666666666666666,0.3333333333333333
навеки,0.25,0.0
наверное,0.6,0.1111111111111111
наверняка,0.1,0.0625
навсегда,1.0,0.2777777777777778
навскидку,0.0,0.0
навстречу,0.4,0.5789473684210527
навяжет,0.0,0.0
навязать,0.0,0.375
награду,0.4,0.2857142857142857
над,1.0,0.9090909090909091
надежде,1.0,0.5
надеяться,0.3333333333333333,0.5263157894736842
надлежало,0.0,0.0
надлежащим,0.6666666666666666,0.0
надлежит,0.0,0.0
надо,0.75,0.5
надобности,0.3333333333333333,0.25
надоело,0.4,0.25806451612903225
наездами,0.0,0.0
назад,0.6666666666666666,1.0
назвали,0.75,0.29411764705882354
названием,1.0,0.8571428571428571
назвать,1.0,0.8
назидание,0.4,0.0
назло,0.0,0.13333333333333333
называемый,1.0,0.3333333333333333
называется,0.4,0.27586206896551724
называют,1.0,0.4
наиболее,0.0,0.16666666666666666
наизнанку,0.8,0.7777777777777778
наименее,0.0,0.14285714285714285
найдешь,1.0,0.18518518518518517
наказание,0.75,0.3888888888888889
накатанной,0.4,0.35294117647058826
накладе,0.0,0.0
наклонной,0.3333333333333333,0.0
наконец,0.5,0.05263157894736842
наконец-то,0.0,0.0
налево,1.0,0.4444444444444444
наличии,0.25,1.0
наличный,1.0,0.125
намазано,0.0,0.0
намерения,0.3333333333333333,0.14285714285714285
намного,0.0,0.05263157894736842
напасешься,0.0,0.0
наперед,1.0,0.18181818181818182
наперекор,0.0,0.0
наплакал,0.0,0.0
наподобие,0.0,0.0
напоминает,0.3333333333333333,0.3888888888888889
напоминающая,0.0,0.16666666666666666
направо,1.0,0.6
напрасно,0.0,0.045454545454545456
например,1.0,0.3333333333333333
напролет,0.0,0.47058823529411764
нарастающей,0.0,0.0
нарочно,0.0,0.03571428571428571
нарушение,0.8,0.5
нас,1.0,0.5
насилу,0.0,0.0
наскока,0.0,0.0
наскоками,0.0,0.0
насколько,0.6875,0.35714285714285715
настанет,0.0,0.058823529411764705
настолько,0.8,0.75
настоящий,0.0,0.2
насчет,0.34782608695652173,0.2
натворили,0.0,0.09523809523809523
натуре,0.3333333333333333,0.4166666666666667
наутек,0.0,0.0
нафиг,0.16666666666666666,0.09090909090909091
находилась,0.3333333333333333,0.09090909090909091
находились,0.0,0.2
находите,0.0,0.15625
находится,1.0,0.2222222222222222
находишь,1.0,0.15789473684210525
нахрен,0.0,0.0
нацело,0.0,0.0
начала,0.6666666666666666,0.5555555555555556
начали,0.5,0.3888888888888889
начинал,0.0,0.1875
начинала,0.0,0.25
начнет,0.0,0.1111111111111111
начнут,1.0,0.375
наше,0.6,0.4117647058823529
нашел,0.14285714285714285,0.5833333333333334
наши,0.8,0.3333333333333333
нашло,1.0,0.6666666666666666
не,0.9561925365062196,0.9090909090909091
небо,1.0,0.6666666666666666
небольшим,0.3333333333333333,0.0
небом,1.0,0.42857142857142855
небось,0.0,0.0
невдалеке,0.0,0.0
неведении,1.0,0.375
невесть,0.0,0.1875
невзирая,0.0,0.0
неволей,0.0,0.0
невооруженным,0.2,0.16666666666666666
невпроворот,0.0,0.0
невредимый,1.0,0.4375
невредимым,1.0,0.18181818181818182
негде,0.9,0.4583333333333333
негусто,0.0,0.0
недавно,0.0,0.4
недалеком,1.0,0.6666666666666666
неделя,1.0,0.28
недостатком,0.0,0.3333333333333333
недостаточно,0.0,0.5263157894736842
нежели,0.0,0.0
независимо,0.6,0.0
незаметно,0.0,0.29411764705882354
незапамятных,0.5,0.6666666666666666
незачем,0.0,0.14285714285714285
незнамо,0.3333333333333333,0.0
неимением,1.0,0.6363636363636364
неймется,0.0,0.0
некогда,0.2,0.3
некого,0.6,0.38095238095238093
некому,0.4,0.5
некотором,0.5,0.6111111111111112
некоторых,0.0,0.6
некуда,0.9130434782608695,0.625
неладен,0.0,0.0
неладна,0.5,0.0
неладное,0.5,0.8
нельзя,0.5428571428571428,0.6
немилости,0.0,0.0
немного,0.42857142857142855,0.3
немножко,0.0,0.0
ненадолго,0.0,0.23809523809523808
ненормальная,0.0,0.0
необходима,1.0,0.23809523809523808
необходимо,0.0,0.2
необходимости,1.0,0.75
необыкновенно,0.0,0.0
неожиданно,0.0,0.16666666666666666
неохота,0.0,0.06060606060606061
неподалеку,0.0,0.0
непочатый,0.0,0.0
неправдами,1.0,0.4
нерешительности,0.6,0.0
неродной,0.0,0.0
несет,0.0,0.5
несете,0.0,0.2857142857142857
несешь,1.0,0.1
несло,0.0,0.16666666666666666
несмотря,1.0,0.8
несолоно,1.0,1.0
нести,1.0,0.2
несу,1.0,0.13636363636363635
несут,0.75,0.38461538461538464
несчастью,0.0,0.5
нет,0.7868852459016393,0.7142857142857143
нет-нет,0.4,0.0
нету,0.0,0.0
неужели,0.0,0.18181818181818182
неужто,0.0,0.0
неурочное,0.0,0.1
неурочный,0.0,0.0
нехорошее,0.0,0.045454545454545456
нечего,0.65625,0.5384615384615384
нечему,1.0,0.4642857142857143
ни,0.95,0.75
ни-ни,0.0,0.0
нигде,0.4,0.13333333333333333
ниже,1.0,0.35714285714285715
никак,0.48,0.2
никакая,0.6,0.2857142857142857
никаким,1.0,0.2727272727272727
никаких,0.8333333333333334,0.8947368421052632
никакого,0.3333333333333333,0.9090909090909091
никакое,1.0,0.0
никакой,0.6666666666666666,0.5652173913043478
никогда,0.6363636363636364,1.0
никто,1.0,0.9285714285714286
никуда,1.0,0.5294117647058824
ним,1.0,0.5384615384615384
нипочем,0.0,0.0
нисколько,0.0,0.0
ниточке,0.0,0.0
нитью,1.0,0.25
ничего,0.6829268292682927,0.5714285714285714
ничем,0.0,0.3333333333333333
ничто,0.0,0.08333333333333333
ничуть,0.5,0.0
но,0.8446601941747572,0.3181818181818182
новинку,0.6666666666666666,0.1111111111111111
новой,0.0,0.25
новом,1.0,0.4375
новость,1.0,0.2222222222222222
новостью,0.0,0.25
ног,0.9523809523809523,0.7272727272727273
нога,1.0,0.15
ногам,1.0,0.21428571428571427
ногами,0.9,0.3
ноге,1.0,0.45454545454545453
ноги,0.9230769230769231,0.47058823529411764
ногой,0.42857142857142855,0.125
ногтей,0.6,0.7142857142857143
ногу,1.0,0.25
ножах,0.3333333333333333,0.0
ноль,0.5,0.2962962962962963
норме,0.4,0.16666666666666666
нос,0.8125,0.5882352941176471
носа,0.6666666666666666,0.42857142857142855
носил,0.0,0.3
носила,0.0,0.2777777777777778
носит,0.5,0.5714285714285714
носом,0.9166666666666666,0.42105263157894735
носу,1.0,0.3684210526315789
носят,1.0,0.42857142857142855
нотам,0.6666666666666666,0.0
ночевал,1.0,0.0
ночевать,1.0,0.07407407407407407
ночи,0.6,0.5
ночуют,1.0,0.0
ночь,0.6923076923076923,0.42105263157894735
нраву,0.3333333333333333,0.0
ну,0.7473684210526316,0.3235294117647059
ну-ка,0.0,0.06451612903225806
нужен,1.0,0.7142857142857143
нужна,0.0,0.4
нужно,0.4666666666666667,0.23529411764705882
нужны,1.0,0.6842105263157895
нуле,0.0,0.0
нуля,0.8,0.2857142857142857
нулям,0.0,0.0
нутру,0.0,0.0
нюхал,1.0,0.3333333333333333
о,0.9454545454545454,0.6
о-го-го,0.0,0.0
об,1.0,0.9411764705882353
оба,1.0,0.2
обгон,0.0,0.0
обделил,1.0,0.2857142857142857
обе,1.0,0.16666666666666666
обед,1.0,0.08695652173913043
обеими,0.0,0.6
обернулась,0.3333333333333333,0.14814814814814814
обернулось,0.0,0.047619047619047616
обернулся,0.0,0.07407407407407407
обиде,1.0,0.3
обидел,1.0,0.20833333333333334
обидно,0.6666666666666666,0.12
обидного,0.0,0.0
обиняков,0.0,0.0
области,1.0,0.5
обнимку,0.4,0.46153846153846156
обогнав,0.0,0.4
обогнал,0.0,0.18181818181818182
обозримом,1.0,0.5833333333333334
обойдется,1.0,0.13793103448275862
обойдутся,1.0,0.041666666666666664
обойтись,1.0,0.6
обошла,1.0,0.25
обошлись,1.0,0.16666666666666666
образе,0.2,0.6666666666666666
образом,0.92,1.0
образу,1.0,0.3333333333333333
образцу,0.8,0.0
обратно,1.0,0.25
обращает,1.0,0.6363636363636364
обращал,0.0,0.3333333333333333
обрез,0.6666666666666666,0.0
обстановке,0.2,0.3333333333333333
обухом,0.0,0.0
обхвате,0.0,0.0
обход,0.0,0.07692307692307693
обчелся,0.6666666666666666,0.0
общей,0.75,0.4444444444444444
общими,0.6666666666666666,0.2857142857142857
общих,0.6666666666666666,0.6
объемом,0.25,0.3333333333333333
обыкновению,0.6666666666666666,0.5
обычае,0.0,0.0
обычаю,0.3333333333333333,0.0
обычно,0.0,0.058823529411764705
обычным,0.0,0.1875
обязуется,0.0,0.0
обязуются,0.0,0.0
обязывались,0.0,0.0
оглядки,1.0,0.5
оглядкой,0.3333333333333333,0.2727272727272727
огне,0.0,0.5555555555555556
огнем,0.7142857142857143,0.21428571428571427
огня,1.0,0.25
огонь,0.0,0.08333333333333333
огоньком,0.0,0.09090909090909091
огурчик,0.5,0.0
один,0.8648648648648649,0.65
одинаково,0.2,0.45454545454545453
одна,0.6470588235294118,0.5789473684210527
однажды,0.3,0.2727272727272727
одни,0.7,0.6153846153846154
одним,0.92,0.6363636363636364
одних,1.0,0.625
одно,0.8095238095238095,0.7142857142857143
одновременно,1.0,0.1
одного,1.0,0.4
одной,0.8823529411764706,0.5384615384615384
одном,1.0,0.7692307692307693
одному,0.7777777777777778,0.6
одну,0.6,0.7857142857142857
одолжение,1.0,0.07692307692307693
ожидал,0.5,0.3333333333333333
ожидали,1.0,0.09090909090909091
ожидания,1.0,0.45454545454545453
ой,0.0,0.43333333333333335
ока,1.0,0.5454545454545454
оказавшись,0.0,0.18181818181818182
оказалась,0.0,0.25
оказались,0.0,0.29411764705882354
оказался,0.0,0.3076923076923077
оказаться,0.5,0.2857142857142857
океан,0.0,0.13333333333333333
океане,0.0,0.5714285714285714
океаном,0.0,0.0
океаны,0.0,0.2
окном,0.5,0.7777777777777778
околичностей,0.0,0.0
около,0.875,0.5714285714285714
окольными,0.0,0.0
оком,1.0,0.6
окончательно,0.0,0.375
окромя,0.0,0.0
окружении,0.4,0.3333333333333333
он,1.0,0.2727272727272727
оно,0.9285714285714286,0.3684210526315789
опаски,0.0,0.0
опередивший,1.0,0.0
оперы,0.3333333333333333,0.4444444444444444
опор,1.0,0.2727272727272727
опять,1.0,0.07692307692307693
осадок,0.2,0.4
основании,0.9,0.5
оснований,0.625,0.36363636363636365
основаниях,1.0,0.75
основе,0.8,0.6666666666666666
особенно,0.25,0.26666666666666666
особенности,0.5,0.07692307692307693
особого,1.0,0.6153846153846154
особое,0.0,0.4166666666666667
особой,0.5,0.125
особых,1.0,0.16666666666666666
оставалось,1.0,0.24
оставившая,1.0,0.42857142857142855
оставил,0.6666666666666666,0.3333333333333333
оставила,1.0,0.09090909090909091
оставили,1.0,0.3157894736842105
оставим,1.0,0.3076923076923077
оставите,1.0,0.2
оставить,0.6666666666666666,0.8571428571428571
оставляет,1.0,0.4
оставлял,0.5,0.0
оставь,1.0,0.1111111111111111
оставьте,1.0,0.2857142857142857
остается,1.0,0.3333333333333333
остаешься,0.0,0.12
осталось,0.0,0.38095238095238093
остальных,0.4,0.2727272727272727
остатка,0.4,0.0
остатком,0.0,0.0
острастки,0.0,0.0
острого,1.0,0.16666666666666666
острое,1.0,0.08333333333333333
острой,0.0,0.14285714285714285
острый,1.0,0.1111111111111111
от,0.9673202614379085,1.0
отбою,0.0,0.0
отбоя,0.5,0.047619047619047616
ответ,0.6666666666666666,0.4166666666666667
отвечает,0.0,0.5384615384615384
отвечают,0.0,0.23076923076923078
отвечающие,1.0,1.0
отвечающих,1.0,0.5
отвода,1.0,0.8888888888888888
отводу,0.0,0.0
отдалении,0.0,0.0
отдали,0.3333333333333333,0.21739130434782608
отдан,1.0,0.6666666666666666
отдано,1.0,0.14285714285714285
отданы,1.0,0.36363636363636365
отдать,0.5,0.45
отдельности,1.0,0.25
откажешь,0.6666666666666666,0.0
откладывать,0.6666666666666666,0.22727272727272727
открыв,0.6666666666666666,0.2
открытой,0.3333333333333333,0.7272727272727273
открытую,0.3333333333333333,0.5
открытым,0.8461538461538461,0.5
откуда,0.9333333333333333,0.6818181818181818
откуп,1.0,0.2
отлете,0.0,0.0
отличается,1.0,0.7142857142857143
отличалась,0.5,0.4166666666666667
отличался,1.0,0.2727272727272727
отличаются,1.0,0.8571428571428571
отличие,1.0,0.4
отлично,0.5,0.13043478260869565
отнимешь,0.6666666666666666,0.0
относилось,0.0,0.2
относился,0.0,0.42857142857142855
относятся,0.6666666666666666,1.0
отношении,0.2857142857142857,0.5
отношениях,0.8,0.8888888888888888
отныне,0.2,0.0
отнять,0.4,0.2
отойдут,0.0,0.1
оторвать,0.6666666666666666,0.5555555555555556
отошел,0.0,0.21428571428571427
отошла,0.0,0.2857142857142857
отошло,0.0,0.05555555555555555
отрезало,0.3333333333333333,0.0
отродясь,0.0,0.0
отсутствие,0.6,0.17647058823529413
отсутствием,1.0,0.625
отсутствовало,0.0,0.0625
отсутствует,0.0,0.17647058823529413
отсюда,0.5714285714285714,0.22580645161290322
оттого,0.4,0.0
оттуда,1.0,0.2222222222222222
отходя,1.0,0.25
отчаялись,0.0,0.0
отчаялся,0.0,0.0
отчего,0.0,0.0
отъезде,0.3333333333333333,0.07142857142857142
ох,0.7142857142857143,0.05714285714285714
охапки,0.0,0.1
охапку,0.14285714285714285,0.125
охота,0.0,0.18518518518518517
охотку,0.0,0.0
охотой,0.0,0.4
очевидно,0.0,0.18181818181818182
очень,0.5483870967741935,0.6
очереди,0.5882352941176471,0.6
очередь,0.9230769230769231,0.14285714285714285
очертя,0.0,0.0
очистки,1.0,0.375
очков,0.6666666666666666,0.6
очумелая,0.0,0.0
ошалелый,0.0,0.0
ошибки,0.25,0.25
ошибку,1.0,0.7142857142857143
ошпаренный,0.0,0.0
п,0.0,0.4166666666666667
падает,1.0,0.36363636363636365
пайке,1.0,0.06666666666666667
палец,1.0,0.631578947368421
палки,1.0,0.058823529411764705
пальцам,0.7142857142857143,0.2727272727272727
пальцах,1.0,0.35714285714285715
пальцев,1.0,0.75
пальцем,0.6,0.7058823529411765
памяти,0.46153846153846156,0.6666666666666666
память,0.8333333333333334,0.2777777777777778
пар,0.4,0.25
пара,0.5,0.14285714285714285
параде,0.0,0.2
параллельно,0.14285714285714285,0.14285714285714285
парах,1.0,0.23076923076923078
паре,0.6666666666666666,0.2777777777777778
пари,1.0,0.25
пару,0.6666666666666666,0.7777777777777778
парусах,0.5,0.0
пасхи,0.0,0.3
пахнет,1.0,0.625
пеленок,0.0,0.0
пеной,1.0,0.07692307692307693
пень,1.0,0.21739130434782608
первая,1.0,0.5
перво-наперво,0.0,0.0
первого,1.0,0.5714285714285714
первое,0.6666666666666666,0.35294117647058826
первой,0.875,0.42857142857142855
первом,0.6666666666666666,0.5454545454545454
первому,0.6666666666666666,0.2
первости,0.0,0.0
первую,0.75,0.8333333333333334
первый,0.46153846153846156,0.46153846153846156
первым,1.0,0.4
первых,1.0,0.6666666666666666
перевалил,1.0,0.0
перевалило,1.0,0.6666666666666666
переводя,1.0,0.5
перед,0.9565217391304348,0.6666666666666666
передали,1.0,0.058823529411764705
передано,1.0,0.42857142857142855
передышки,0.0,0.0
переименовал,0.0,0.125
переименовали,1.0,0.125
переименовать,0.5,0.2
переименуйте,0.0,0.0
перекладных,0.0,0.0
переносит,0.0,0.25
переносить,0.5,0.15384615384615385
перепуга,0.0,0.0
перепугу,0.0,0.2222222222222222
перепутье,0.0,0.0
перерыва,0.4,0.36363636363636365
переставал,1.0,0.2727272727272727
переставали,0.0,0.25
переставая,0.8,0.0
перестаем,0.0,0.42857142857142855
перестает,0.0,0.47058823529411764
перестал,1.0,0.4
перестали,1.0,0.3181818181818182
перестаньте,0.0,0.0
пересчитать,1.0,0.21428571428571427
перехватило,1.0,0.7894736842105263
перец,0.0,0.1111111111111111
перешагнув,0.0,0.25
перешагнул,1.0,0.3125
перешагнуть,0.0,0.0
периодами,0.0,0.0
периодически,0.0,0.0
персоной,1.0,0.25
перспективе,0.5,0.5
перцу,0.0,0.05
печенок,0.0,0.0
пешком,0.5,0.23809523809523808
пику,0.0,0.0
писаному,0.0,0.125
плакал,0.0,0.20833333333333334
плакали,0.0,0.2608695652173913
пламенем,1.0,0.46153846153846156
плане,0.625,1.0
плачь,0.6666666666666666,0.21875
плеча,0.8,0.5
плечах,1.0,0.23809523809523808
плечо,1.0,0.5238095238095238
плечу,0.25,1.0
плинтуса,0.0,0.0
плоскости,1.0,0.4
плоти,1.0,0.2222222222222222
плоть,1.0,0.2222222222222222
плохи,1.0,0.30434782608695654
плохо,0.5,0.3
площадью,1.0,0.38461538461538464
плюс,0.4444444444444444,0.08333333333333333
плюс-минус,0.0,0.0
по,0.9717514124293786,0.9
по-вашему,0.0,0.125
по-видимому,0.5,0.16666666666666666
по-детски,0.0,0.05
по-моему,0.0,0.2571428571428571
по-прежнему,0.0,0.08333333333333333
по-своему,0.2,0.0
по-твоему,0.0,0.0
побери,0.0,0.2857142857142857
побоку,0.0,0.0
побрал,1.0,0.75
повезло,0.8333333333333334,0.26666666666666666
повелось,1.0,0.10526315789473684
поверхности,1.0,0.375
повестке,0.6666666666666666,0.1
повестку,1.0,0.3125
повод,1.0,0.3333333333333333
повода,1.0,0.42857142857142855
поворачивается,1.0,0.34782608695652173
повредило,0.5,0.16666666666666666
погибель,0.0,0.0
погоди,0.2,0.06451612903225806
погодите,0.0,0.027777777777777776
погодя,0.6666666666666666,0.11764705882352941
погоняет,0.0,0.0
под,0.9220183486238532,0.75
подавал,1.0,0.14285714285714285
подавись,1.0,0.08571428571428572
подавитесь,0.0,0.027777777777777776
подает,1.0,0.05263157894736842
подальше,1.0,0.5625
подарок,0.0,0.3181818181818182
подать,1.0,0.4117647058823529
подачи,0.2,0.5
подаю,0.0,0.15
подбор,1.0,0.0625
подведена,1.0,0.15789473684210525
подвел,0.5,0.2
подвернется,0.0,0.0
поделать,0.2857142857142857,0.375
поделите,0.0,0.06666666666666667
подери,1.0,0.1935483870967742
поди,0.0,0.06666666666666667
подлости,0.2857142857142857,0.0
подменили,0.6666666666666666,0.2
подмывало,0.3333333333333333,0.0
поднял,1.0,0.29411764705882354
подняли,0.5,0.4090909090909091
подобает,0.2857142857142857,0.2222222222222222
подобию,1.0,0.0
подобно,1.0,0.2857142857142857
подобного,1.0,0.1111111111111111
подобное,1.0,0.3157894736842105
подожди,0.0,0.05555555555555555
подождите,0.0,0.029411764705882353
подряд,0.625,0.6
подтверждение,0.6666666666666666,0.5454545454545454
подумаешь,0.0,0.0
подумай,0.6666666666666666,0.0625
подумайте,0.0,0.1
подумал,0.6666666666666666,0.3888888888888889
подумать,0.6428571428571429,0.3
подхвате,0.0,0.0
подход,0.0,0.5
подходе,0.5833333333333334,0.6153846153846154
подходил,0.5,0.17647058823529413
подходили,0.0,0.3125
подходило,1.0,0.16666666666666666
подходят,1.0,0.11764705882352941
подчас,0.0,0.0
пожалуйста,0.6,0.6
пожарном,0.0,0.125
пожарный,0.0,0.18181818181818182
пожелает,1.0,0.14285714285714285
пожелаешь,0.6666666666666666,0.0
позволим,1.0,0.3125
позволите,1.0,0.3225806451612903
позволишь,0.0,0.1
позвольте,0.6666666666666666,0.14285714285714285
позволю,0.5,0.3888888888888889
поздно,0.6666666666666666,0.5217391304347826
поздравляла,0.0,0.1875
поздравляли,0.0,0.14285714285714285
поздравляю,1.0,0.3235294117647059
пойдем,0.0,0.16666666666666666
пойдет,1.0,0.375
пойду,0.0,0.30303030303030304
пойми,0.3333333333333333,0.125
пока,1.0,0.3333333333333333
покажет,1.0,0.4782608695652174
покажу,0.6666666666666666,0.4
покажут,0.5,0.15384615384615385
покамест,0.0,0.0
покладая,1.0,0.0
поколение,1.0,0.6
поколения,1.0,0.8571428571428571
полагается,0.0,0.041666666666666664
полдень,0.0,0.14285714285714285
полдороге,0.0,0.0
полдороги,0.0,0.0
полезли,0.75,0.08333333333333333
полета,1.0,0.0
полна,1.0,0.375
полная,0.0,0.47368421052631576
полно,0.2,0.05263157894736842
полное,0.0,0.5833333333333334
полной,0.8461538461538461,0.375
полном,0.6666666666666666,0.875
полностью,0.75,0.3
полноте,0.3333333333333333,0.0
полнотой,0.0,0.2
полноты,0.6666666666666666,0.125
полную,1.0,0.6
полны,1.0,0.4666666666666667
полный,0.75,0.5333333333333333
полным,0.3333333333333333,0.7333333333333333
полным-полно,0.0,0.0
половина,1.0,0.09090909090909091
половине,1.0,0.6
половиной,1.0,0.8571428571428571
половину,1.0,0.375
положении,0.8333333333333334,0.0
положения,1.0,0.4
положено,0.2,0.0625
положит,1.0,0.1
полон,1.0,0.5652173913043478
полочкам,0.4,0.0
полпинка,0.0,0.0
получилось,0.6666666666666666,0.1111111111111111
получите,0.0,0.26666666666666666
получишь,0.5,0.37037037037037035
полы,1.0,0.07692307692307693
пользоваться,0.0,0.5384615384615384
пользу,0.8,0.7272727272727273
пользуются,1.0,0.7647058823529411
пользующихся,0.0,0.0
помаленечку,0.0,0.0
помаленьку,0.0,0.0
поманить,0.3333333333333333,0.0
помимо,0.25,0.2
поминай,0.8,0.23076923076923078
помине,1.0,0.7142857142857143
помирай,0.0,0.03225806451612903
помнится,0.0,0.0
помнишь,0.0,0.06896551724137931
помножить,0.0,0.0
помню,1.0,0.15
помойку,0.0,0.2222222222222222
помощи,1.0,0.625
помощью,1.0,0.8333333333333334
помпой,0.0,0.0
помпы,0.0,0.0
помяни,0.0,0.0
понемногу,0.0,0.0
понемножечку,0.0,0.0
понемножку,0.0,0.0
понимает,0.0,0.42857142857142855
понимаете,0.8,0.4482758620689655
понимаешь,0.42857142857142855,0.16
понимании,0.25,0.3333333333333333
понимать,0.2,0.16666666666666666
понимаю,0.375,0.6521739130434783
понимают,1.0,0.47619047619047616
понял,0.5,0.47058823529411764
понятия,1.0,0.5882352941176471
понятно,0.25,0.36363636363636365
понять,1.0,0.25
попа,0.0,0.2
попадется,0.0,0.058823529411764705
попаду,0.0,0.3333333333333333
попадя,1.0,0.0
попала,1.0,0.47058823529411764
попало,0.6,0.25
поперек,1.0,0.3333333333333333
пополам,1.0,0.35
попомни,1.0,0.05714285714285714
попробует,1.0,0.3125
попробуй,1.0,0.13793103448275862
попробуйте,0.5,0.06666666666666667
попросил,1.0,0.15
попусту,0.0,0.08695652173913043
пор,0.92,1.0
пора,0.6666666666666666,0.43333333333333335
поразивший,1.0,0.0
поразит,0.0,0.0
порога,0.0,0.0
порой,0.3333333333333333,0.14285714285714285
пороху,0.75,0.09090909090909091
пору,0.2857142857142857,0.25
поры,0.7222222222222222,0.3333333333333333
порядка,0.0,0.125
порядке,0.8888888888888888,0.4444444444444444
порядком,0.6666666666666666,0.15384615384615385
поскольку,0.5,0.0
после,0.875,0.8461538461538461
последнего,0.6666666666666666,0.3333333333333333
последнее,1.0,0.6
последней,1.0,0.18181818181818182
последнем,1.0,0.14285714285714285
последние,0.6,0.7
последний,0.8888888888888888,0.3333333333333333
последним,1.0,0.25
последняя,1.0,0.13333333333333333
последующем,0.0,0.0
послушать,0.6666666666666666,0.0
посмотреть,0.0,0.6363636363636364
посмотрим,0.6,0.4375
поспешил,0.0,0.047619047619047616
поспешила,1.0,0.09523809523809523
поспорить,0.75,0.17647058823529413
посредством,0.2,0.0
поставив,0.0,0.125
поставил,0.6666666666666666,0.625
поставили,1.0,0.2631578947368421
поставить,1.0,0.1
поставлен,1.0,0.35294117647058826
поставленном,0.0,0.0
поставьте,0.0,0.11538461538461539
постепенно,0.4,0.46153846153846156
постой,0.0,0.0
постойте,0.0,0.02702702702702703
постфактум,0.0,0.0
посылках,0.0,0.0
поте,1.0,1.0
потерял,1.0,0.4117647058823529
потеряла,0.0,0.38095238095238093
потеху,0.2,0.0
потихоньку,0.0,0.0
поток,0.8,0.4166666666666667
потоке,0.0,0.6
потоку,1.0,0.2222222222222222
потолка,1.0,0.25
потом,0.5454545454545454,0.5625
потому,0.5384615384615384,0.0
потрохами,0.0,0.0
потрясло,1.0,0.0
похож,1.0,0.9285714285714286
похожа,1.0,0.7
похоже,0.9,0.631578947368421
похожи,1.0,0.7058823529411765
почве,0.6,0.0
почем,0.045454545454545456,0.0
почему,0.9090909090909091,0.5172413793103449
почете,0.0,0.0
почти,0.6666666666666666,0.0
почуяли,1.0,0.17647058823529413
пошевелю,0.0,0.0
пошел,1.0,0.3333333333333333
пошла,0.5,0.48148148148148145
пошлет,0.6666666666666666,0.0
пошли,0.0,0.17647058823529413
пошло,1.0,0.2608695652173913
поэтому,0.2,0.06666666666666667
пр,0.0,0.16666666666666666
права,1.0,0.5454545454545454
правах,0.75,0.42857142857142855
правда,0.25,0.0
правдами,1.0,0.2
правде,1.0,0.8823529411764706
правилам,0.75,0.4166666666666667
правило,0.6,0.25
правильно,1.0,0.4444444444444444
право,0.1,0.75
правую,1.0,0.4166666666666667
практике,1.0,0.25
практически,0.5,0.0
прах,1.0,0.0
пребываешь,0.0,0.0
пребывал,0.0,0.0
пребывали,0.0,0.3333333333333333
пребывать,0.0,0.0
пребываю,0.0,0.0
пребывают,0.0,0.0
превзошла,1.0,0.21428571428571427
превзошли,0.75,0.25
превыше,0.3333333333333333,0.0
преданию,0.5,0.16666666666666666
предварительно,0.2,0.4
пределе,0.6,0.0
предлогом,1.0,0.5
предложил,1.0,0.35714285714285715
предложила,1.0,0.14285714285714285
предложите,0.0,0.041666666666666664
представить,0.6666666666666666,0.6666666666666666
представиться,0.8,0.30434782608695654
представлениям,0.0,0.5
представляет,1.0,0.36363636363636365
представлял,0.0,0.2727272727272727
представляю,0.75,0.3157894736842105
представляют,1.0,0.6
прежде,0.7142857142857143,0.4166666666666667
преимущественно,0.0,0.0
прекрасный,1.0,0.17647058823529413
прекрати,0.5,0.05405405405405406
прекратите,0.0,0.030303030303030304
претензии,0.0,0.21052631578947367
преувеличения,1.0,0.0
при,0.9545454545454546,0.8888888888888888
прибавить,0.3333333333333333,0.25
прибавь,0.0,0.0
прибавьте,0.0,0.0
приблизительно,0.0,0.0
приведи,0.0,0.5161290322580645
привела,1.0,0.625
привести,1.0,0.625
привет,0.25,0.3611111111111111
приветствуем,0.25,0.0
приветствую,0.0,0.030303030303030304
привлекает,0.3333333333333333,0.25
привлекал,0.0,0.2857142857142857
привлекают,1.0,0.3076923076923077
приводила,1.0,0.375
приводит,1.0,0.6666666666666666
привычке,0.3333333333333333,0.0
пригоршня,0.0,0.0
придавал,1.0,0.6666666666666666
придавать,1.0,0.4444444444444444
придаем,1.0,0.5555555555555556
придачу,0.0,0.3
придают,0.5,0.5
придет,0.0,0.11764705882352941
придется,0.23076923076923078,0.15789473684210525
придутся,0.0,0.0
призму,1.0,0.6666666666666666
прийти,1.0,0.6428571428571429
прикидывается,0.0,0.125
прикидывайся,0.0,0.04878048780487805
прикрас,0.0,0.0
прикрытием,0.75,0.125
прикурить,0.0,0.0
прилавка,0.3333333333333333,0.0
применении,1.0,0.625
пример,0.76,0.65
примера,0.6,0.45454545454545453
примерами,0.75,0.0
примерно,0.3333333333333333,0.23076923076923078
принимает,0.0,0.4166666666666667
принимаешь,0.75,0.2727272727272727
принципу,1.0,0.4
принявшая,0.0,0.6666666666666666
принял,0.5,0.8888888888888888
приняла,0.5,0.5
приняли,0.0,0.6923076923076923
принялся,0.0,0.2
принято,0.0,0.6666666666666666
принять,0.0,0.42857142857142855
припеваючи,0.0,0.0
природе,0.45454545454545453,0.3333333333333333
присест,1.0,0.3
пристало,0.4,0.0
пристрастием,0.3333333333333333,0.0
присутствует,0.0,0.125
присутствуют,0.0,0.3333333333333333
притворяется,1.0,0.041666666666666664
притворяешься,0.0,0.0
притворялась,0.0,0.043478260869565216
притворялся,0.5,0.058823529411764705
притворяться,0.0,0.1
притворяюсь,0.0,0.0
притворяются,1.0,0.0
притронется,0.0,0.2
притронулись,0.0,0.0
притронулся,0.0,0.0
приходилась,1.0,0.1111111111111111
приходился,1.0,0.375
приходится,0.8571428571428571,0.4666666666666667
прицеле,0.6666666666666666,0.3076923076923077
причем,0.0,0.14285714285714285
причине,0.8,0.0
причитается,0.5,0.0
причудами,0.0,0.0
пришел,0.0,0.21428571428571427
пришелся,0.5,0.2777777777777778
пришлась,1.0,0.5
пришло,0.75,0.5714285714285714
пришлось,0.6666666666666666,0.2857142857142857
пришьешь,0.0,0.0
про,0.7272727272727273,0.631578947368421
пробил,0.0,0.15384615384615385
проблем,1.0,0.2857142857142857
проблема,1.0,0.36363636363636365
пробовал,0.0,0.038461538461538464
пробовала,0.0,0.041666666666666664
пробовать,0.0,0.1
пробы,0.6666666666666666,0.23076923076923078
провались,0.0,0.03225806451612903
проведешь,0.2,0.11764705882352941
программе,0.75,0.1111111111111111
продолжение,0.0,0.391304347826087
продыха,0.0,0.0
продыху,0.0,0.0
прозвали,0.2,0.125
произвела,1.0,0.375
произвели,1.0,0.5454545454545454
произвести,1.0,0.3333333333333333
пройдет,1.0,0.16666666666666666
прокатит,0.2,0.09090909090909091
проклят,1.0,0.14285714285714285
проклята,1.0,0.16666666666666666
промах,0.3333333333333333,0.2222222222222222
промаха,0.0,0.07142857142857142
промаху,0.0,0.0
пропади,1.0,0.6296296296296297
пропадом,0.6666666666666666,0.7586206896551724
пропасть,0.0,0.10526315789473684
прописал,0.8,0.2
прорва,0.0,0.0
прорву,0.0,0.0
просим,0.5,0.21052631578947367
просит,0.2,0.06666666666666667
просится,0.0,0.0
прости,1.0,0.3333333333333333
простите,0.5,0.2962962962962963
просто,0.5294117647058824,0.1111111111111111
простоте,0.6666666666666666,0.14285714285714285
простыл,1.0,0.5
просыпу,0.0,0.0
просьба,0.0,0.15
просьбой,1.0,0.6
просьбы,1.0,0.13333333333333333
против,0.8695652173913043,0.6
противном,1.0,0.0
противовес,0.6,0.0
протянутой,0.3333333333333333,0.3333333333333333
прохода,0.0,0.16666666666666666
проходило,0.0,0.3333333333333333
проходит,1.0,0.23076923076923078
проходу,0.0,0.14285714285714285
проч,0.0,0.2
прочат,0.0,0.0
прочего,0.8,0.3333333333333333
прочее,0.5,0.2
прочему,1.0,0.5
прочие,1.0,0.14285714285714285
прочили,0.0,0.0
прочим,1.0,0.3333333333333333
прочих,0.14285714285714285,0.0
прочь,0.2857142857142857,0.3333333333333333
прошла,0.0,0.2727272727272727
прошло,1.0,0.3333333333333333
прошлом,1.0,1.0
прошу,0.875,0.5
прощание,0.5,0.42105263157894735
прощанье,0.0,0.0
проще,0.6666666666666666,0.1111111111111111
прощения,1.0,0.8333333333333334
пруд,1.0,0.46153846153846156
пруди,1.0,0.7222222222222222
прыть,0.0,0.0
прямая,1.0,0.23076923076923078
прямо,0.26666666666666666,0.15384615384615385
прямой,0.8333333333333334,0.16666666666666666
прямым,1.0,0.2857142857142857
псевдонимом,0.8,0.16666666666666666
псу,0.0,0.125
птица,0.5,0.35714285714285715
птичьего,0.3333333333333333,0.1
птичьих,1.0,0.125
пудов,0.0,0.0
пуза,0.3333333333333333,0.0
пульсе,1.0,0.375
пунктам,0.3333333333333333,0.5
пускай,0.0,0.0
пусто,1.0,0.125
пустой,0.0,0.3333333333333333
пустом,1.0,0.0
пустыми,1.0,0.46153846153846156
пусть,0.65,0.5
пустяков,0.0,0.13333333333333333
пути,0.6666666666666666,0.5294117647058824
путь,0.2,0.4444444444444444
путями,1.0,0.5
пух,1.0,0.25
пушистый,0.8,0.16666666666666666
пушки,0.5,0.3333333333333333
пуще,0.0,0.0
пущей,0.6666666666666666,0.8571428571428571
пыла,0.0,0.09090909090909091
пылу,1.0,0.4166666666666667
пытаемся,1.0,0.375
пытаетесь,0.0,0.0625
пытается,1.0,0.25
пыталась,0.0,0.08333333333333333
пытался,0.0,0.5
пьяни,0.5,0.0
пьянке,0.0,0.0
пят,1.0,0.25
пятам,1.0,0.625
пятерку,0.0,0.058823529411764705
пяти,1.0,0.09090909090909091
пяток,0.0,0.11764705882352941
пять,1.0,0.36363636363636365
пятьсот,0.0,0.06666666666666667
работали,1.0,0.07692307692307693
рабочем,0.3333333333333333,0.5
равен,0.8,0.3333333333333333
равных,0.2,0.375
равняется,0.0,0.2
рад,0.3333333333333333,0.3684210526315789
ради,0.7878787878787878,0.5
радиусе,1.0,0.0
радиусом,0.0,0.0
радости,0.0,0.35294117647058826
радость,1.0,0.13636363636363635
радостью,1.0,0.2727272727272727
радостях,0.0,0.0
раж,0.3333333333333333,0.125
раз,0.8181818181818182,0.625
раз-другой,0.0,0.0
разбега,0.2,0.0
разбегались,1.0,0.0
разбегаются,0.75,0.0625
разбирается,0.0,0.4
разбираешься,0.0,0.28
разбирался,0.0,0.0
разбираюсь,1.0,0.0
разбора,0.4,0.16666666666666666
разбором,0.0,0.3333333333333333
разве,0.5294117647058824,0.3333333333333333
развязав,0.0,0.2857142857142857
развязал,1.0,0.23076923076923078
разговоров,0.1111111111111111,0.0
разгона,0.0,0.0
разгону,0.0,0.0
разделить,0.0,0.6363636363636364
разе,0.5,0.5833333333333334
разительно,0.6,0.1111111111111111
разлив,0.3333333333333333,0.13333333333333333
размаха,0.0,0.2222222222222222
размаху,0.0,0.5
размениваться,0.0,0.0
разменял,0.0,0.0
размером,1.0,0.4
разница,1.0,0.5
разницы,1.0,0.3125
разнообразия,0.0,0.0
разные,1.0,0.6666666666666666
разом,1.0,0.1111111111111111
разрешите,0.0,0.03225806451612903
разряда,0.75,0.2857142857142857
разу,1.0,0.5
разумеется,0.16666666666666666,0.06666666666666667
разы,1.0,0.5
райские,0.0,0.2727272727272727
райский,1.0,0.058823529411764705
райского,0.0,0.1
райское,0.0,0.0
райской,0.0,0.0
рак,1.0,0.26666666666666666
раки,1.0,0.0
раком,0.0,0.23529411764705882
ракурса,0.0,0.0
ракурсе,0.0,0.0
рамки,0.8333333333333334,0.3333333333333333
ранжиру,0.0,0.0
рано,1.0,0.45454545454545453
раньше,0.4,0.38461538461538464
раскусил,0.0,0.0
распорядилась,1.0,0.5
распорядился,0.0,0.0
распоряжение,0.4,0.07142857142857142
распоряжении,0.6,0.6
рассвета,1.0,0.08333333333333333
рассказывай,0.0,0.08823529411764706
рассказывайте,0.0,0.10344827586206896
рассрочку,0.0,0.0
расстановкой,1.0,0.3
расстояние,1.0,0.4166666666666667
расстоянии,1.0,0.9
рассудке,0.0,0.5714285714285714
расти,1.0,0.7
растрепанных,0.0,0.0
расцвете,0.0,0.6153846153846154
расчет,1.0,0.125
расчета,0.5,0.058823529411764705
расчете,0.2727272727272727,0.2
расшибись,0.0,0.0
расшибиться,0.0,0.0
расшибусь,0.0,0.0
редкость,0.5,0.28
резаные,0.0,0.0
резаный,0.0,0.0
река,0.0,0.21739130434782608
рекой,0.0,0.2
репертуаре,0.3333333333333333,0.42857142857142855
речи,1.0,0.6363636363636364
речь,0.5,0.9
решено,0.0,0.26666666666666666
решеткой,0.6,0.5
решетку,0.3333333333333333,0.0
ринулся,0.0,0.0
рисковал,0.0,0.07692307692307693
рискует,0.0,0.42857142857142855
рискуете,0.5,0.2
рискую,0.0,0.13043478260869565
робкого,1.0,0.0
ровен,0.0,0.0
ровно,0.14285714285714285,0.0
ровном,1.0,0.25
ровным,1.0,0.0
ровня,0.0,0.0
рога,1.0,0.3076923076923077
рода,1.0,0.8571428571428571
роде,0.5,0.7
родила,1.0,0.5263157894736842
роду,1.0,0.42857142857142855
рождению,0.3333333333333333,0.14285714285714285
розницу,0.0,0.0
рознь,0.4,0.2727272727272727
роли,1.0,0.6
роль,1.0,0.3333333333333333
ролях,1.0,0.375
россыпи,0.0,0.0
россыпь,0.3333333333333333,0.2222222222222222
рост,1.0,0.6
росту,0.3333333333333333,0.5
рот,0.9,0.5
рта,1.0,0.5882352941176471
рты,1.0,0.6363636363636364
рубежа,0.4,0.25
рублем,0.3333333333333333,0.0
рук,0.9629629629629629,0.3333333333333333
рука,1.0,0.5
рукава,0.8333333333333334,0.3333333333333333
рукам,0.0,0.35714285714285715
руками,1.0,0.4666666666666667
руках,0.7,0.3333333333333333
руки,0.8478260869565217,0.5
руководством,0.9,0.0
рукой,0.9411764705882353,0.6842105263157895
руку,0.8823529411764706,0.8
рулем,0.75,0.0
руля,0.8333333333333334,0.3333333333333333
русло,0.6666666666666666,0.2222222222222222
ручья,1.0,0.08333333333333333
рыли,1.0,0.3
рыло,0.0,0.07142857142857142
рыть,1.0,0.1111111111111111
ряд,0.9090909090909091,0.5
ряда,1.0,0.0
рядом,1.0,0.23076923076923078
ряду,0.75,0.5
с,0.9542566709021602,1.0
сам,0.6341463414634146,0.5625
сама,0.2,0.46153846153846156
самая,0.75,0.8235294117647058
сами,0.5,0.3333333333333333
само,1.0,0.4117647058823529
самое,1.0,1.0
самой,1.0,0.2857142857142857
самом,1.0,0.875
самому,0.0,0.2727272727272727
саму,1.0,0.14285714285714285
самую,1.0,0.6666666666666666
самые,1.0,0.6666666666666666
самый,1.0,0.6666666666666666
самым,1.0,0.9
самых,1.0,0.7142857142857143
сахар,0.5,0.09090909090909091
сбилась,1.0,0.19047619047619047
сбились,0.5,0.23529411764705882
сбился,1.0,0.2692307692307692
свежести,1.0,0.2857142857142857
свежий,1.0,0.16666666666666666
свежую,1.0,0.125
свели,0.0,0.0
сверх,0.6,0.08333333333333333
сверху,0.6666666666666666,0.08333333333333333
свет,0.8235294117647058,0.4375
свете,0.7333333333333333,0.6923076923076923
светит,0.3333333333333333,0.35
свинья,1.0,0.09090909090909091
свистнет,1.0,0.0625
свободе,1.0,0.3333333333333333
свободен,0.0,0.1
свободное,0.0,0.3333333333333333
сводим,0.0,0.2
сводит,1.0,0.5714285714285714
сводить,1.0,0.4
сводят,1.0,0.0
свое,0.44,0.6666666666666666
своего,1.0,0.6363636363636364
своей,1.0,1.0
своем,0.8,0.7272727272727273
своему,1.0,0.8571428571428571
свои,1.0,0.3333333333333333
своим,0.9,0.8571428571428571
своими,1.0,0.9
своих,1.0,0.6
свой,1.0,0.7692307692307693
свойство,0.75,0.07692307692307693
свою,1.0,0.6363636363636364
своя,1.0,0.5454545454545454
связи,1.0,0.7142857142857143
связке,1.0,0.125
святое,0.0,0.08695652173913043
святых,1.0,0.5555555555555556
сгоряча,0.0,0.0
сдается,0.4,0.3333333333333333
сделай,0.8333333333333334,0.5
сделайте,1.0,0.30434782608695654
сделалась,0.0,0.0
сделалось,0.0,0.0
сделался,0.0,0.0
сделать,0.0,0.6
сдуло,1.0,0.46875
сдуру,0.0,0.0
се,0.3333333333333333,0.3
себе,0.7605633802816901,0.6666666666666666
себя,0.9411764705882353,0.7333333333333333
севере,0.0,0.13333333333333333
сего,1.0,0.0
сегодня,0.6363636363636364,0.1111111111111111
сегодняшний,1.0,0.8
седьмого,1.0,0.0
сей,1.0,0.0
сейчас,0.625,0.23529411764705882
секрете,0.8,0.0
секрету,0.6,0.0
секунды,1.0,0.2
селу,1.0,0.0
семимильными,0.0,0.0
семью,1.0,0.23076923076923078
сердца,1.0,0.38461538461538464
сердце,0.42857142857142855,0.46153846153846156
сердцем,0.9411764705882353,0.3125
сердцу,0.0,0.5555555555555556
серьезно,0.0,0.21052631578947367
сидеть,1.0,0.38461538461538464
сидит,1.0,0.18181818181818182
сидишь,0.0,0.2857142857142857
сидорову,0.0,0.0
сидячем,0.3333333333333333,0.0
сикось-накось,0.0,0.0
сил,0.9,0.5
силам,0.4,0.4
силами,1.0,0.5555555555555556
силах,0.0,0.5
силе,1.0,0.2222222222222222
силой,1.0,0.5
силою,0.0,1.0
силу,0.8095238095238095,0.16666666666666666
силы,1.0,0.2727272727272727
сильно,0.2727272727272727,0.6153846153846154
синим,1.0,0.4
скажем,0.5833333333333334,0.0
скажет,0.5,0.058823529411764705
скажете,0.0,0.30303030303030304
скажешь,0.3333333333333333,0.4
скажи,0.18181818181818182,0.3
скажите,0.75,0.34782608695652173
скажу,0.7857142857142857,0.39285714285714285
сказал,0.7692307692307693,0.9
сказала,0.0,0.38095238095238093
сказанному,0.0,0.0
сказать,0.75,0.5714285714285714
сказке,0.4,0.23529411764705882
скамьи,1.0,0.21428571428571427
сквозь,0.375,0.375
скинемся,0.0,0.0
скинувшись,0.0,0.0
скинулись,0.0,0.0
складчину,0.0,0.0
склоне,0.3333333333333333,0.0
скобками,0.3333333333333333,0.3333333333333333
сколь,0.75,0.2222222222222222
сколько,0.75,0.8421052631578947
скончания,1.0,0.4444444444444444
скорее,0.7083333333333334,0.5714285714285714
скорей,0.0,0.07407407407407407
скоро,0.625,0.3888888888888889
скором,1.0,0.25
скорую,1.0,0.55
скрипом,0.3333333333333333,0.16666666666666666
слабости,0.0,0.2
слабость,0.0,0.23076923076923078
слава,1.0,0.7916666666666666
славного,0.0,0.0
славный,0.0,0.043478260869565216
славу,0.75,0.5
слегка,0.0,0.0
след,1.0,0.3888888888888889
следа,0.6666666666666666,0.5333333333333333
следам,1.0,0.125
следовало,0.0,0.23076923076923078
следовательно,0.4,0.0
следует,0.23076923076923078,0.1
следующим,1.0,0.7272727272727273
слез,0.875,0.125
слезах,0.3333333333333333,0.0
слишком,0.75,0.3076923076923077
слов,0.7777777777777778,0.625
слова,0.8378378378378378,0.5882352941176471
словами,1.0,0.75
словах,1.0,0.3076923076923077
слове,1.0,0.6666666666666666
словно,0.4,0.14285714285714285
слово,0.9259259259259259,0.47058823529411764
словом,0.8181818181818182,0.125
слову,1.0,0.6666666666666666
словца,0.5,0.5555555555555556
сложилось,0.5,0.5555555555555556
слом,0.3333333333333333,0.0
сломить,0.0,0.14285714285714285
слух,1.0,0.3125
слухам,0.8,0.0
слухи,1.0,0.42857142857142855
слуху,0.25,0.25
случай,0.8333333333333334,0.5769230769230769
случаю,1.0,0.0
случая,1.0,0.2
случилось,0.0,0.15789473684210525
случись,0.2,0.3333333333333333
слывет,0.0,0.0
слыл,0.0,0.0
слыла,0.0,0.0
слыли,0.0,0.0
слыхивал,1.0,0.35714285714285715
слыхивала,1.0,0.1111111111111111
слыхивали,1.0,0.18181818181818182
слыхом,0.6,0.5714285714285714
слышать,1.0,0.4666666666666667
слышь,0.0,0.03225806451612903
смаком,0.0,0.0
смеем,0.0,0.1
смеете,1.0,0.7
смеешь,1.0,0.4782608695652174
смей,0.6666666666666666,0.0
смерти,0.7,0.5714285714285714
смерть,1.0,0.2857142857142857
смеха,0.3333333333333333,0.2631578947368421
смеху,0.0,0.3684210526315789
смешного,0.3333333333333333,0.09523809523809523
смею,0.0,0.047619047619047616
смогли,0.0,0.375
смогу,1.0,0.3333333333333333
смотрел,1.0,0.46153846153846156
смотрела,0.0,0.35
смотреть,0.6666666666666666,0.2857142857142857
смотри,0.25,0.030303030303030304
смотрите,0.3333333333333333,0.10344827586206896
смотрю,0.5,0.18181818181818182
смотря,0.0,0.4
смотрят,1.0,0.5294117647058824
смысл,1.0,0.45454545454545453
смысле,0.5714285714285714,1.0
снаружи,0.2,0.2
снег,1.0,0.23529411764705882
снизу,1.0,0.23076923076923078
снова,0.9166666666666666,0.19230769230769232
сняла,0.0,0.26666666666666666
сняло,1.0,0.6666666666666666
снять,0.3333333333333333,0.5384615384615384
со,1.0,0.8888888888888888
собак,1.0,0.4375
собака,1.0,0.18518518518518517
собаку,1.0,0.13333333333333333
соберешь,0.3333333333333333,0.0
собой,0.7586206896551724,1.0
собрать,0.3333333333333333,0.2857142857142857
собственно,0.0,0.36363636363636365
собственной,1.0,0.2857142857142857
собственности,0.4,0.6666666666666666
собственность,0.8,0.1875
совершенная,0.0,0.07142857142857142
совершенно,0.2,0.14285714285714285
совершенное,0.0,0.0
совершенной,0.0,0.0
совершенную,0.0,0.125
совершил,1.0,0.5555555555555556
совести,0.75,0.47058823529411764
совесть,0.3333333333333333,0.2
совестью,0.0,0.26666666666666666
совпали,0.0,0.2
совсем,0.5357142857142857,0.3333333333333333
согласно,0.2,0.0
создан,0.8,0.25
сознания,0.8,0.375
созрел,0.0,0.047619047619047616
сойдет,1.0,0.3333333333333333
сойти,0.9285714285714286,0.8095238095238095
соки,0.6,0.14285714285714285
соку,0.4,0.42857142857142855
солдаты,0.3333333333333333,0.18181818181818182
соль,0.0,0.18181818181818182
сомневаться,1.0,0.4444444444444444
сомнения,0.8,0.3333333333333333
сообщению,0.0,0.0
сорт,0.5,0.10526315789473684
сорта,0.75,0.2222222222222222
сосенке,0.6666666666666666,0.0
соскучишься,0.0,0.0
составит,1.0,0.2857142857142857
состоянии,0.7142857142857143,0.7142857142857143
сотни,0.3333333333333333,0.25
сотых,0.0,0.0
соусом,1.0,0.14285714285714285
сохранности,1.0,0.16666666666666666
сочла,1.0,0.2222222222222222
сочли,1.0,0.25
сочтет,0.0,0.5
сочти,0.0,0.0
сошлись,0.25,0.17647058823529413
спас,1.0,0.09523809523809523
спаси,0.0,0.22727272727272727
спасибо,0.6666666666666666,0.6060606060606061
спасли,1.0,0.44
спасти,1.0,0.2631578947368421
спеху,0.0,0.0
спеша,1.0,0.0
спиной,1.0,0.0
спит,1.0,0.2857142857142857
сплошная,0.0,0.09523809523809523
сплошной,0.3333333333333333,0.0
сплошные,0.0,0.09523809523809523
сплошь,0.8,0.0
спокойной,1.0,0.6666666666666666
спокойным,1.0,0.09090909090909091
спора,0.0,0.09090909090909091
спорадически,0.0,0.0
спору,0.0,0.11764705882352941
способен,0.6,0.0
справедливости,0.0,0.0
спроса,0.2,0.46153846153846156
спроси,1.0,0.34615384615384615
спросите,1.0,0.3235294117647059
спускай,1.0,0.029411764705882353
спускала,0.0,0.0
спускать,1.0,0.09523809523809523
спустя,0.6666666666666666,0.375
спьяну,0.0,0.0
спят,1.0,0.15789473684210525
сравнении,1.0,0.6666666666666666
сравнению,1.0,0.0
сразу,0.8333333333333334,0.35714285714285715
среде,0.8,0.5
среди,0.3076923076923077,0.5714285714285714
среднего,0.6666666666666666,0.5714285714285714
средней,1.0,0.0
среднем,1.0,0.75
средних,1.0,0.75
среды,0.25,0.6
средь,0.75,0.0
сродни,0.6,0.5
срок,0.625,0.5909090909090909
ставил,1.0,0.0
ставила,1.0,0.0
ставили,0.6666666666666666,0.1111111111111111
ставит,1.0,0.5384615384615384
ставить,1.0,0.46153846153846156
ставишь,1.0,0.13043478260869565
ставлю,1.0,0.1
ставят,1.0,0.5
стадо,1.0,0.38461538461538464
стал,0.8888888888888888,0.45454545454545453
стала,0.0,0.2222222222222222
стали,0.3333333333333333,0.8333333333333334
стало,0.9,0.36363636363636365
станет,0.0,0.2222222222222222
стану,0.0,0.19230769230769232
станут,0.0,0.0
старинке,0.0,0.0
старое,0.6666666666666666,0.4166666666666667
старой,1.0,0.2
стати,1.0,0.65
статься,0.3333333333333333,0.0
статьям,0.6666666666666666,0.7142857142857143
стеклышко,0.0,0.0
стенах,1.0,0.5
стене,0.0,0.5
стенку,1.0,0.17647058823529413
стеной,0.2,0.4166666666666667
степени,0.55,0.8888888888888888
стиле,0.8,0.0
сто,0.7,0.0
сто-пятьсот,0.0,0.0
стоил,1.0,0.05555555555555555
стоила,0.0,0.38095238095238093
стоило,0.5714285714285714,0.26666666666666666
стоит,0.673469387755102,0.4666666666666667
стоите,0.0,0.038461538461538464
столетия,0.0,0.0
столом,1.0,0.46153846153846156
столь,1.0,0.3
столько,0.7,0.2222222222222222
стопроцентная,0.5,0.0
стопроцентно,0.0,0.0
стопроцентное,0.0,0.09090909090909091
стопроцентную,0.0,0.08333333333333333
стопудово,0.0,0.0
стороне,0.8181818181818182,0.6
сторону,1.0,0.5714285714285714
стороны,1.0,0.8181818181818182
стою,1.0,0.25
стоял,1.0,0.375
стояла,0.0,0.3157894736842105
стоят,0.5,0.6153846153846154
страже,0.5,0.0
страха,0.6666666666666666,0.29411764705882354
страхом,0.6,0.2727272727272727
страшен,0.0,0.2631578947368421
страшенные,0.0,0.0
страшная,0.3333333333333333,0.08
страшно,0.0,0.15789473684210525
страшное,0.25,0.15789473684210525
страшной,0.75,0.25
страшный,0.0,0.16
строго,0.6,0.2727272727272727
строго-настрого,0.0,0.0
стряслось,0.0,0.0
ступала,1.0,0.4444444444444444
стыда,0.3333333333333333,0.36363636363636365
стыдно,0.6666666666666666,0.13333333333333333
стыду,0.6666666666666666,0.0
стынет,1.0,0.08333333333333333
судить,0.8,0.3333333333333333
судьба,0.0,0.15
судьбами,1.0,0.3
судя,0.75,1.0
сумасшедшая,1.0,0.038461538461538464
сумасшедшей,0.0,0.07692307692307693
сумасшедшем,0.0,0.0
сумасшедшие,0.0,0.06666666666666667
сумасшедший,0.0,0.0
сумеем,0.0,0.0
сумел,0.0,0.0
сумели,0.0,0.0
сути,0.3333333333333333,0.3333333333333333
суть,0.0,0.5333333333333333
сучка,1.0,0.19047619047619047
существу,0.0,0.0
сущности,0.2,0.0
сфере,0.0,0.2
схвачено,0.0,0.0
сходил,1.0,0.2857142857142857
сходят,1.0,0.45454545454545453
счастье,0.8333333333333334,0.35
счастью,1.0,0.0
счел,1.0,0.4
счесть,0.0,0.0
счет,0.1,0.7142857142857143
счета,0.5,0.4666666666666667
счете,0.6,0.3333333333333333
счетом,0.625,0.42857142857142855
счету,0.6,0.4
считает,1.0,0.0
считал,1.0,0.09090909090909091
считали,0.0,0.0
считанные,0.4,0.5833333333333334
считать,1.0,0.36363636363636365
считая,1.0,0.3333333333333333
съел,1.0,0.2857142857142857
сюда,0.5,0.26666666666666666
сяк,0.0,0.5
сям,1.0,0.5
т,1.0,0.5
та,0.75,0.3333333333333333
так,0.7750759878419453,0.8333333333333334
так-то,0.125,0.08
такая,0.4375,0.5263157894736842
также,0.45454545454545453,0.07142857142857142
таки,0.0,0.38461538461538464
такие,0.46153846153846156,0.7391304347826086
таким,0.8235294117647058,0.8
таких,0.6666666666666666,0.5384615384615384
таков,0.6666666666666666,0.06666666666666667
таковая,0.0,0.0
таковой,1.0,0.0
такого,0.75,0.6363636363636364
такое,0.875,0.5294117647058824
такой,0.6341463414634146,0.5454545454545454
такт,0.6666666666666666,0.2
такую,1.0,0.3076923076923077
там,0.8085106382978723,0.42105263157894735
твои,1.0,0.19230769230769232
твоя,0.5,0.25
те,1.0,0.5
тебе,0.4,0.16
текстом,1.0,0.625
текущий,0.0,0.14285714285714285
теле,0.3333333333333333,0.3333333333333333
тележка,0.6666666666666666,0.2727272727272727
тело,1.0,0.42857142857142855
телом,0.6666666666666666,0.5
телят,0.8,0.0
тем,0.8867924528301887,0.8333333333333334
теме,0.1,0.2857142857142857
темна,0.9,0.0
темпе,0.5,0.0
тему,0.5,0.30434782608695654
темы,0.3333333333333333,0.25
тени,0.4,0.3076923076923077
теперь,0.8,0.25806451612903225
тепло,0.0,0.23529411764705882
теста,1.0,0.3333333333333333
тех,0.8,0.8333333333333334
течение,0.6,0.0
течением,1.0,0.5454545454545454
типа,0.2,0.0
типу,0.8,0.5
тихий,0.25,0.05555555555555555
то,0.9348659003831418,0.8333333333333334
то-то,0.2222222222222222,0.06666666666666667
тогда,1.0,0.0625
того,0.946969696969697,0.5
тоже,0.6428571428571429,0.25925925925925924
той,1.0,0.6
толика,0.25,0.05263157894736842
толк,0.9090909090909091,0.6
толком,0.6666666666666666,0.2777777777777778
толку,1.0,0.3225806451612903
толпа,1.0,0.28
толпу,0.0,0.2222222222222222
толпы,0.5,0.15384615384615385
толщиной,0.0,0.5
только,0.7191011235955056,0.5333333333333333
том,0.9803921568627451,1.0
тому,1.0,0.5454545454545454
тонны,0.4,0.2
торопиться,1.0,0.0
торопишься,0.5,0.03225806451612903
торца,0.0,0.0
тот,1.0,0.7142857142857143
тотальная,0.0,0.0
тотального,0.0,0.0
тотальное,0.0,0.0
тотальный,0.5,0.2727272727272727
тотчас,0.0,0.0
точка,0.0,0.3333333333333333
точки,1.0,0.8
точку,0.8888888888888888,0.7222222222222222
точнее,0.5,0.0
точно,0.47619047619047616,0.25
точности,0.75,0.16666666666666666
точь-в-точь,0.0,0.0
тошно,0.6,0.06666666666666667
тощий,0.0,0.0
трава,1.0,0.25
требованиям,1.0,0.8333333333333334
трезвую,1.0,0.0
тренде,0.3333333333333333,0.07142857142857142
треском,0.375,0.3333333333333333
тресни,0.0,0.47619047619047616
трети,1.0,0.2
треть,1.0,0.0
третьем,1.0,0.3333333333333333
три,1.0,0.375
тридевять,0.0,0.0
триста,0.0,0.16666666666666666
трогало,0.3333333333333333,0.08333333333333333
труд,1.0,0.18181818181818182
труда,0.75,0.5555555555555556
трудом,1.0,0.6666666666666666
труп,1.0,0.16666666666666666
трын-трава,0.0,0.0
туда,0.7222222222222222,0.4117647058823529
туда-сюда,0.0,0.0
тут,0.6956521739130435,0.44
туча,0.0,0.25
тучей,0.0,0.0
тучи,0.5,0.08333333333333333
тучу,1.0,0.2727272727272727
ты,0.8888888888888888,0.47619047619047616
тыл,0.6666666666666666,0.16666666666666666
тыла,0.5,0.3333333333333333
тылу,0.6,0.6666666666666666
тысячи,0.0,0.4
тысячных,0.0,0.0
тьма,0.5,0.0625
тьма-тьмущая,0.0,0.0
тю-тю,0.0,0.0
тютю,0.0,0.0
тяжелым,0.3333333333333333,0.25
тяните,0.0,0.1111111111111111
тянул,0.8571428571428571,0.05263157894736842
тянуть,1.0,0.14285714285714285
у,0.9711191335740073,0.7777777777777778
убить,0.4,0.44
уверенностью,0.6666666666666666,0.0
увидите,1.0,0.2857142857142857
увидишь,1.0,0.3448275862068966
увы,0.2,0.0
угла,1.0,0.4117647058823529
углом,0.8333333333333334,0.45
углу,0.6666666666666666,0.2631578947368421
угодно,0.7241379310344828,0.6666666666666666
угол,1.0,0.5
угораздило,0.0,0.045454545454545456
угорелая,0.0,0.0
удалось,1.0,0.5454545454545454
ударе,0.0,0.6666666666666666
ударят,1.0,0.1875
удержа,0.0,0.0
удержу,0.0,0.0
удивление,0.5,0.14285714285714285
удивленье,0.0,0.0
удивленьем,0.0,0.0
удовольствие,1.0,0.6666666666666666
удовольствием,1.0,0.5555555555555556
уж,0.7222222222222222,0.5
ужаленный,0.0,0.0
ужас,1.0,0.1111111111111111
ужасная,0.0,0.0
ужаснейшего,0.0,0.0
ужасно,0.0,0.034482758620689655
ужасное,0.0,0.0
ужасной,0.0,0.07142857142857142
ужасный,0.0,0.045454545454545456
ужасу,0.5,0.3333333333333333
уже,0.9259259259259259,0.4583333333333333
уйдя,0.0,0.0
уйма,0.2,0.07142857142857142
уйму,0.0,0.0
уйти,0.0,0.4
указ,0.3333333333333333,0.4
укладывается,1.0,0.2
уклонилась,0.0,0.3181818181818182
уклонился,0.0,0.07692307692307693
уклониться,0.0,0.125
укор,0.0,0.0
улицы,1.0,0.375
уложилась,0.0,0.0
уложился,0.0,0.041666666666666664
уложитесь,0.0,0.0
уложится,0.0,0.0
ум,0.6666666666666666,0.23529411764705882
ума,1.0,0.7272727272727273
уме,0.6923076923076923,0.5555555555555556
умеет,0.6,0.25
умеешь,1.0,0.3870967741935484
умел,0.0,0.0625
умеют,0.0,0.3125
умираю,0.0,0.03125
умножить,0.5,0.2
умом,0.3333333333333333,0.3076923076923077
уму,0.16666666666666666,0.5
умудрился,0.2,0.14285714285714285
унисон,0.0,0.0
упаси,0.3333333333333333,0.17391304347826086
упокой,0.0,0.2
упомнишь,0.4,0.24
упор,0.6666666666666666,0.6666666666666666
упряжке,0.0,0.36363636363636365
ура,0.0,0.05
урок,0.5,0.35
уроком,1.0,0.3
урывками,0.0,0.0
усилиями,1.0,0.4
условии,1.0,0.0
условиям,0.8,0.7142857142857143
условиях,1.0,1.0
услугами,1.0,0.6
усмотрение,0.6,0.0
успехом,1.0,0.875
уст,1.0,0.0
уста,1.0,0.0
устатка,0.0,0.0
устатку,0.0,0.0
устах,0.8333333333333334,0.0
устроила,1.0,0.2727272727272727
устроили,0.0,0.21052631578947367
утверждению,0.0,0.0
утра,1.0,0.7333333333333333
ух,1.0,0.16129032258064516
уха,1.0,0.38461538461538464
уходит,1.0,0.5
учета,0.4,0.0
учетом,0.6666666666666666,0.6666666666666666
ушел,0.5,0.3
уши,0.4444444444444444,0.38095238095238093
ушли,1.0,0.3157894736842105
ущерб,1.0,0.6666666666666666
факт,0.2,0.4
фейерверк,0.0,0.14285714285714285
фейерверком,0.0,0.2857142857142857
фи,1.0,0.0
фибрами,0.5,0.0
фиг,0.0,0.0
фига,0.0,0.18181818181818182
финишной,1.0,0.5714285714285714
фиолетово,0.0,0.21428571428571427
фишка,0.0,0.07142857142857142
флагом,0.0,0.5454545454545454
флаконе,0.3333333333333333,0.3333333333333333
фонтан,0.0,0.0625
фонтаны,0.5,0.0
форме,0.42857142857142855,0.5
форменное,0.0,0.058823529411764705
форменный,0.0,0.045454545454545456
форму,1.0,0.0
форса,0.0,0.0
форсу,0.0,0.0
фору,0.6666666666666666,0.0
фронтам,1.0,0.1
фронте,1.0,0.0
фрукт,0.0,0.14285714285714285
фу,0.0,0.0
фэ,0.0,0.0
характер,1.0,0.5555555555555556
характеризуется,0.0,0.1111111111111111
характеризуются,1.0,0.0
хватает,0.7142857142857143,0.6470588235294118
хватается,1.0,0.3157894736842105
хватал,1.0,0.0
хватало,0.6363636363636364,0.3157894736842105
хватило,0.6,0.4
хватит,0.7307692307692307,0.40540540540540543
хватить,1.0,0.6538461538461539
хвост,1.0,0.3
хвоста,0.0,0.25
хвосте,0.2,0.26666666666666666
хвостиком,0.0,0.25
хвостом,0.25,0.375
хлеба,1.0,0.26666666666666666
хлебавши,1.0,0.7142857142857143
хлебах,0.5,0.0
хлебом,1.0,0.13333333333333333
хлоп,0.0,0.1
хны,1.0,0.9565217391304348
ходил,0.0,0.10526315789473684
ходили,1.0,0.5
ходит,1.0,0.3888888888888889
ходить,1.0,0.4
ходом,1.0,0.8
ходу,0.7083333333333334,0.0
ходьбы,1.0,0.14285714285714285
ходят,0.75,0.5454545454545454
холодно,1.0,0.2222222222222222
хором,0.2,0.36363636363636365
хорош,0.4166666666666667,0.20833333333333334
хороша,0.7142857142857143,0.34782608695652173
хорошей,1.0,0.35294117647058826
хороши,0.6,0.3125
хорошо,0.3333333333333333,0.4117647058823529
хотел,0.625,0.3
хотела,0.375,0.25
хотелось,0.0,0.46153846153846156
хотите,0.8571428571428571,0.4482758620689655
хоть,0.7088607594936709,0.35714285714285715
хотя,0.75,0.0
хотят,1.0,0.46153846153846156
хочет,0.75,0.5454545454545454
хочется,0.5,0.15789473684210525
хочешь,0.7727272727272727,0.39285714285714285
хочу,0.625,0.4
храни,0.3333333333333333,0.19230769230769232
хрен,0.2222222222222222,0.13333333333333333
хрена,0.75,0.3793103448275862
христа,0.8333333333333334,0.2222222222222222
хромает,0.0,0.041666666666666664
худо-бедно,0.0,0.0
худого,0.0,0.14285714285714285
худшему,0.5,0.07692307692307693
хуже,0.9090909090909091,0.35294117647058826
хухры-мухры,0.0,0.0
цвета,0.5,0.6363636363636364
цвете,0.5,0.2727272727272727
целиком,1.0,0.14285714285714285
целости,0.6,0.16666666666666666
целую,0.5,0.10526315789473684
целый,0.75,0.5
целым,1.0,0.16666666666666666
целыми,0.5,0.5384615384615384
целых,0.16666666666666666,0.23529411764705882
целью,1.0,0.75
цена,1.0,0.4117647058823529
цене,0.6,0.7777777777777778
ценой,1.0,0.6
центре,1.0,0.5
цены,0.6666666666666666,0.5555555555555556
час,0.7741935483870968,0.44
часа,1.0,0.45
часами,0.0,0.14285714285714285
часах,1.0,0.7
часов,0.5,0.5454545454545454
часом,0.0,0.2916666666666667
части,1.0,0.625
часть,0.5,0.5
часу,1.0,0.35
чего,0.7676767676767676,0.5882352941176471
человек,0.8333333333333334,0.7777777777777778
человека,1.0,0.2857142857142857
чем,0.7619047619047619,0.6470588235294118
чем-то,0.125,0.4375
чему,0.96,0.625
черед,0.0,0.4583333333333333
чередом,1.0,0.3333333333333333
через,0.782608695652174,0.8333333333333334
чересчур,0.0,0.0
черный,0.3333333333333333,0.23529411764705882
черт,0.5,0.4
черт-те,0.0,0.06666666666666667
черта,0.5,0.2631578947368421
чертиков,0.5,0.19047619047619047
чертов,0.0,0.125
чертовой,0.75,0.9411764705882353
чертовски,0.0,0.0
чертом,0.0,0.125
черту,0.7352941176470589,0.42857142857142855
чести,0.7619047619047619,0.4166666666666667
честно,1.0,0.2777777777777778
честное,1.0,0.23076923076923078
честном,1.0,0.375
честь,0.9285714285714286,0.47619047619047616
честью,0.3333333333333333,0.35294117647058826
чета,0.875,0.0
четверти,1.0,0.6666666666666666
четверть,0.0,0.09090909090909091
четыре,1.0,0.3
четырех,1.0,0.0
чешет,0.0,0.15789473684210525
чинов,0.0,0.2
чину,0.0,0.0
числа,0.8,0.2222222222222222
числился,0.0,0.0
числится,0.0,0.1111111111111111
число,1.0,0.0
числом,1.0,0.4
числу,0.4,0.4444444444444444
чисто,0.0,0.0625
чистое,0.0,0.0
чистой,0.75,0.4666666666666667
чистом,1.0,0.4375
чистый,0.6666666666666666,0.07692307692307693
чистым,0.0,0.35294117647058826
чрезвычайно,0.0,0.0
что,0.9095182138660399,0.8181818181818182
что-то,0.3076923076923077,0.2777777777777778
чтоб,1.0,0.041666666666666664
чтобы,0.9378238341968912,0.8
чувств,1.0,0.14285714285714285
чувствах,1.0,0.6666666666666666
чувством,1.0,0.6363636363636364
чудо,0.5,0.13333333333333333
чудом,0.4,0.21428571428571427
чужд,0.0,0.2857142857142857
чуждый,0.0,0.0
чужими,0.6666666666666666,0.1
чужих,1.0,0.18181818181818182
чужой,0.6666666666666666,0.2222222222222222
чур,0.4,0.12903225806451613
чуточки,0.0,0.0
чуть,0.6,0.5714285714285714
чуть-чуть,0.0,0.0
чуял,0.0,0.0
шаг,0.8,0.625
шага,0.0,0.5
шагами,1.0,0.6
шагов,0.0,0.3333333333333333
шагом,1.0,1.0
шагу,0.8,0.5
шансы,1.0,0.5
шатко,1.0,0.06666666666666667
шел,0.0,0.09090909090909091
шею,0.5,0.2222222222222222
шиворот,0.0,0.0
шиворот-навыворот,0.0,0.0
шириной,1.0,0.36363636363636365
ширину,1.0,0.45454545454545453
широкую,0.8333333333333334,0.2222222222222222
ширь,1.0,0.0
шквал,0.75,0.3125
шквалом,0.0,0.14285714285714285
школьной,1.0,0.2
шкуру,0.0,0.15384615384615385
шли,0.0,0.1
шло,1.0,0.17647058823529413
шоколаде,0.42857142857142855,0.0
штык,0.0,0.047619047619047616
шумок,0.2,0.0
шутка,0.3333333333333333,0.16666666666666666
шутки,1.0,0.08333333333333333
шутку,0.875,0.25
щеки,1.0,0.13333333333333333
эдак,1.0,0.07142857142857142
энтузиазме,1.0,0.08333333333333333
эпизодически,0.0,0.0
эпоху,0.75,0.5555555555555556
эру,0.0,0.0
эта,1.0,0.6428571428571429
этаким,0.0,0.0
эти,0.7142857142857143,0.5
этим,1.0,0.6666666666666666
этих,0.0,0.4
это,0.8136645962732919,0.6666666666666666
этого,0.75,0.6
этой,0.0,0.7692307692307693
этом,0.8,0.7
этот,0.8181818181818182,0.631578947368421
эту,1.0,0.4117647058823529
эх,0.6,0.25806451612903225
юге,0.0,0.2
я,0.9736842105263158,0.9
явись,0.0,0.10526315789473684
явочным,0.0,0.0
язык,1.0,0.5
яйца,1.0,0.5
ясен,0.6,0.08695652173913043
ясно,0.5,0.2727272727272727
ясное,0.0,0.058823529411764705
ящик,1.0,0.1111111111111111
