form,mean_in,count_in,mean_out,count_out,diff
а,0.7850917016881626,337,0.5508112380326303,14,0.23428046365553223
абсолютно,0.0733722908745274,5,0.07701377222479272,18,-0.0036414813502653187
абы,0.05224337791001928,5,0.05552249856369704,16,-0.0032791206536777542
авансом,0.0001699739934586955,5,0.00187729894139212,9,-0.0017073249479334245
авось,0.012888580041471608,8,0.03243032703731325,24,-0.019541746995841644
адрес,0.4593968125735352,5,0.15328724810787656,24,0.3061095644656586
адски,2.0814218463163854e-05,5,0.0005937123463096353,17,-0.0005728981278464714
ай,0.9829153937272053,6,0.20763753231360332,35,0.775277861413602
аккурат,0.06011616749209653,6,0.006678677104960605,20,0.053437490387135925
ан,0.274910448874207,5,0.2255056432183485,12,0.0494048056558585
априори,3.212252538625684e-06,5,5.615189854627796e-06,8,-2.4029373160021122e-06
африке,0.8230318803642624,5,0.1283033500691547,20,0.6947285302951077
ах,0.2168538375767201,20,0.11726303757365368,28,0.09959080000306643
б,0.12674879537264136,6,0.1338939394857137,10,-0.007145144113072349
базаре,0.023086093040171403,5,0.020286630809778553,16,0.0027994622303928497
балды,0.00014119520152001304,5,0.0031158366509156012,24,-0.002974641449395588
баранов,0.4705399826107886,5,0.047609203531040555,13,0.4229307790797481
барского,0.5752017077742146,5,0.031346520245789516,8,0.5438551875284251
бдительным,0.7572400957303577,5,0.022783250866271542,14,0.7344568448640861
бе,0.9570187123286441,5,0.09626124780667894,9,0.8607574645219651
бегу,0.1243101116188404,5,0.06852523916623095,27,0.05578487245260945
беда,0.07333383008328499,6,0.14354413609522473,35,-0.07021030601193974
бедных,0.05338526335546641,5,0.13519602767312303,13,-0.08181076431765662
без,0.8815073936128734,324,0.5730626043016183,16,0.3084447893112552
бездна,0.00024796005449637066,5,0.053254880729500804,18,-0.05300692067500443
безо,0.24653077809196802,5,0.1974521170491977,14,0.04907866104277031
безобразия,0.015901569550517185,5,0.0025160257578540762,14,0.013385543792663109
бела,0.9848791809595745,5,0.6580267280873365,12,0.32685245287223796
белый,0.6848580215644956,6,0.33071863655710215,15,0.35413938500739345
бельмеса,0.0005718276135632278,5,0.00027963776146020945,12,0.00029218985210301834
берегу,0.0040344831796256,5,0.24474817650182393,13,-0.24071369332219833
битый,0.12870299524111015,5,0.00346847778878297,9,0.12523451745232717
бишь,0.10991137929902202,5,0.0055029868588584215,9,0.1044083924401636
благо,0.5761378937567586,15,0.013208080528914624,16,0.562929813227844
благодаря,0.9158954583637566,15,0.22681395929904163,5,0.6890814990647149
близок,0.7714718947248617,5,0.15288282524681227,16,0.6185890694780494
бог,0.4296982384007633,71,0.29694925004253775,24,0.13274898835822557
бога,0.39494697780960675,10,0.2932900727281836,14,0.10165690508142317
боже,0.3378626246484148,5,0.4334051417621521,30,-0.09554251711373729
бок,0.9943301921973328,15,0.4584268906909977,14,0.535903301506335
боком,0.2686294641796415,6,0.1286057309278521,17,0.1400237332517894
боку,0.940908087873432,5,0.0388858817225974,14,0.9020222061508346
более,0.8997422489950048,30,0.4944590980268094,13,0.4052831509681954
боли,0.7053047191295858,5,0.24678823264070368,16,0.4585164864888821
болит,0.7388684536138025,7,0.308726290898362,32,0.4301421627154405
больно,0.02426510581250084,9,0.22351101930536885,22,-0.19924591349286802
больше,0.4551858069147207,28,0.6115274809240017,19,-0.15634167400928095
большей,0.9942641151123667,5,0.6520421834494722,6,0.3422219316628945
большие,0.9397101808954877,5,0.1170009341589324,13,0.8227092467365553
большой,0.9160414218168326,5,0.07223982778004513,8,0.8438015940367875
боюсь,0.21797601275333633,6,0.12865118960956465,43,0.08932482314377169
боя,0.3245523544730566,5,0.3248155472149527,12,-0.0002631927418961233
будем,0.5109038819121485,6,0.3988933761637804,21,0.11201050574836813
будет,0.48413499952416306,30,0.460951272510929,25,0.023183727013234068
будто,0.30183913945273555,35,0.026526335442928803,11,0.27531280400980673
будучи,0.8557342001868576,5,0.6105875637759071,6,0.24514663641095058
будущем,0.7782118708876467,5,0.4368609385270362,9,0.3413509323606104
будь,0.8901320284718399,65,0.5927167757073405,14,0.2974152527644994
будьте,0.9390203138321872,7,0.5304941640541738,24,0.4085261497780134
буквы,0.9939337793174806,5,0.20862911961225875,15,0.7853046597052219
бум-бум,0.0006969436355717528,7,0.00041941913391152155,27,0.0002775245016602312
бы,0.8385416998222821,410,0.7338827686352655,16,0.10465893118701664
бывает,0.9734856619647181,5,0.3812886901055098,20,0.5921969718592083
бывало,0.9912493282010463,10,0.043724435352210295,22,0.947524892848836
был,0.8733511099175257,6,0.7388817225575405,14,0.13446938735998526
было,0.8849596325827681,49,0.6427363836542848,17,0.24222324892848335
быстро,0.22537136055996781,5,0.22933626769670473,19,-0.003964907136736917
быть,0.9159710830078938,46,0.7289241407209931,12,0.18704694228690066
бьюсь,0.9513236792417026,5,0.2301954611429261,16,0.7211282180987765
в,0.949619428098895,1950,0.7947853548348733,19,0.15483407326402165
вагон,0.3373718275461311,6,0.13306913372544643,18,0.20430269382068467
валко,0.9986291541093688,5,0.09647572118931878,6,0.90215343292005
вам,0.23497628550936056,9,0.22879777084572583,24,0.006178514663634727
вариант,0.3822170557937094,5,0.26843493449771183,10,0.11378212129599757
ваше,0.22392868464104243,5,0.23759738056653984,23,-0.01366869592549741
вверх,0.9109329518471896,11,0.3179527108379125,13,0.592980241009277
ввиду,0.4780390296805451,10,0.4024813740797932,6,0.07555765560075195
вдоль,0.5049560657945237,10,0.205149112248689,6,0.29980695354583464
вдруг,0.3214100299244533,28,0.07472606080108211,24,0.24668396912337115
ведома,0.1812082632239534,8,0.034647671835533876,5,0.1465605913884195
ведут,0.8568414079139157,6,0.3640033622595146,15,0.49283804565440115
ведь,0.530636155634617,8,0.10032287560678103,25,0.4303132800278359
везет,0.22780776791400723,5,0.1463912344479878,32,0.08141653346601943
век,0.0024535727709925526,5,0.518655172415241,16,-0.5162015996442484
века,0.29729655617666967,8,0.7114783653196084,13,-0.41418180914293873
веки,0.9901205572764343,15,0.45423587699964385,17,0.5358846802767905
веков,0.8462326556960267,13,0.3774203592686847,11,0.46881229642734196
велел,0.5106362343580536,5,0.13817837768089217,21,0.37245785667716147
великое,0.5618137687011281,5,0.06926662204411199,23,0.4925471466570161
верно,0.08311417953510734,9,0.2868820113459464,17,-0.20376783181083902
верх,0.7639072525695899,5,0.37508207116617415,8,0.38882518140341576
вес,0.5629278054330489,11,0.34702746956267827,19,0.2159003358703706
весть,0.1455758126392602,5,0.24201131455387603,17,-0.09643550191461583
весь,0.8048019607046356,33,0.3779515194758731,18,0.42685044122876253
ветром,0.9320671775509918,6,0.20763513451335913,14,0.7244320430376326
вечно,0.282009847499291,6,0.14796276831929386,20,0.13404707917999711
вечные,0.8917129879884749,5,0.026150788137096575,16,0.8655621998513783
вещей,0.6257878402467407,8,0.3340465466672497,16,0.291741293579491
взглянешь,0.33154180555353063,5,0.02732653289582887,16,0.30421527265770176
взял,0.5016420076418814,9,0.1658820399472429,19,0.33575996769463845
взялся,0.6610117760890656,5,0.2548865366599444,22,0.4061252394291212
взять,0.9083093670311883,19,0.20403869827432672,19,0.7042706687568615
вид,0.7518063337566228,31,0.5139105161606446,17,0.2378958175959781
видано,0.40501385432326986,5,0.14046044665857124,26,0.2645534076646986
видели,0.5999244104833765,5,0.23817633560872883,21,0.36174807487464766
видимо-невидимо,1.021091116861026e-06,5,1.1924394593717675e-07,19,9.018471709238492e-07
видит,0.6474066054256435,8,0.2534558327783116,12,0.39395077264733197
видите,0.42132481732596316,8,0.23056046617367573,32,0.19076435115228743
видишь,0.236438579838678,9,0.06091334200961337,24,0.17552523782906462
виднее,0.400260203558532,5,0.2273917607204145,30,0.17286844283811748
видно,0.7147231707666162,7,0.29777105186363445,17,0.4169521189029817
видом,0.6556124385847727,18,0.48932074301100054,6,0.16629169557377216
виду,0.701039456987791,24,0.7958564081238958,10,-0.09481695113610478
виды,0.8180879818511032,7,0.5310461989324594,10,0.2870417829186438
вине,0.664047736415052,6,0.062057895195775176,11,0.6019898412192768
виноват,0.6276319151386445,8,0.35461722041331356,22,0.2730146947253309
вкус,0.8183122479553872,5,0.3554423072627548,12,0.4628699406926324
власти,0.6098638664978933,8,0.4246657226911042,19,0.18519814380678906
влезет,0.37387151374747624,5,0.05361495687997694,17,0.3202565568674993
вместе,0.8715913914592163,10,0.15338763239624756,13,0.7182037590629687
вместо,0.6845142786603166,10,0.2731738905996443,10,0.41134038806067225
вне,0.7129139784772517,34,0.3456676068910303,12,0.36724637158622137
вниз,0.8156997722858577,13,0.41383717020882094,20,0.4018626020770367
внимания,0.7988023573090397,10,0.6781422818789924,8,0.12066007543004731
внутри,0.4469081726821741,5,0.1197293983879314,6,0.3271787742942427
во,0.9488474324708017,184,0.7618943029238877,16,0.186953129546914
вовек,0.014965233115625818,5,0.004940943064042394,7,0.010024290051583423
вовремя,0.12408241418895528,7,0.22049909929273595,18,-0.09641668510378067
вода,0.9983035917570277,5,0.39647681881195235,12,0.6018267729450753
возьмешь,0.7316074131930611,5,0.0712155276696911,33,0.66039188552337
возьми,0.6202429745672686,9,0.2183179680973013,39,0.4019250064699673
воле,0.735880637591225,6,0.1390786237934541,13,0.596802013797771
волне,0.52709800152566,5,0.16331587781907544,7,0.3637821237065846
воля,0.9931325505675768,5,0.17732265532289007,14,0.8158098952446867
вон,0.8233396010860851,11,0.1402971584177584,25,0.6830424426683267
вообще,0.4211015974076077,12,0.15551737568453847,26,0.2655842217230693
вопреки,0.5694960878943224,5,0.44913156615955396,11,0.12036452173476841
вопрос,0.37820717695403167,14,0.5527525086535792,16,-0.1745453316995475
вопросам,0.30439871088859666,5,0.3513057839577441,11,-0.04690707306914743
ворох,0.1499080316032415,6,0.058119849159037854,8,0.09178818244420366
вот,0.6717655259081233,169,0.32359066037029777,29,0.34817486553782556
вот-вот,0.15588560185001948,10,0.0030154594759784505,15,0.15287014237404103
вперед,0.5390004974628633,11,0.42631171617998515,11,0.11268878128287813
впоследствии,0.186924379089559,5,0.014707359506231203,5,0.1722170195833278
вправе,0.11238798561035282,5,0.16712417418605435,9,-0.05473618857570153
впредь,0.1818975433298024,8,0.0051532958158626635,12,0.17674424751393975
времен,0.5612978479886527,12,0.31147006354112444,12,0.24982778444752823
времена,0.8218070411453229,18,0.6015767320766213,13,0.22023030906870156
временами,0.023263601229854804,5,0.011146280640485692,17,0.012117320589369112
временем,0.9905662530468818,8,0.20004698061302487,7,0.790519272433857
времени,0.9008890202809331,29,0.593240909921288,10,0.3076481103596451
время,0.8987789099897375,104,0.7759872965674747,13,0.12279161342226286
вровень,0.09881554271093088,10,0.0023360946772970526,8,0.09647944803363383
вроде,0.4167798721800946,15,0.1557571664055054,18,0.2610227057745892
все,0.5852391377908779,287,0.422068608084448,16,0.16317052970642987
всегда,0.4875214735289885,11,0.28844483832499984,21,0.19907663520398866
всего,0.8182098577235033,55,0.7300592431960745,15,0.08815061452742878
всего-навсего,0.018258772498941558,5,0.0136391800935799,12,0.004619592405361658
всей,0.8363116672768167,25,0.4344219515010103,8,0.4018897157758064
всем,0.7675355947395575,52,0.4468865151242287,20,0.32064907961532874
всеми,0.88655568861087,14,0.8654236283770118,5,0.021132060233858163
всему,0.8671560269412675,16,0.5735033002377166,11,0.2936527267035509
всех,0.8378154406554666,44,0.37345682105400685,15,0.4643586196014598
всю,0.9100137627773146,27,0.6176606572476503,15,0.2923531055296643
вся,0.4731952510528541,12,0.5631411837460301,18,-0.08994593269317597
всякий,0.7327585960743279,7,0.4089891007965059,17,0.323769495277822
всяких,0.7060377165552351,12,0.23983786162133597,10,0.4661998549338991
всякого,0.695985534556442,11,0.012751005875161325,10,0.6832345286812807
вы,0.0905796833162782,5,0.471706428762173,30,-0.3811267454458948
высшей,0.7776013690753069,5,0.1175223576848415,12,0.6600790113904653
вычесть,0.04431676863142818,5,0.0003335077078160875,11,0.04398326092361209
вычетом,0.001917419144956973,5,7.320465194203238e-05,6,0.0018442144930149406
выше,0.9588727367425129,11,0.4024335783960111,12,0.5564391583465018
выяснилось,0.041617464390729005,5,0.17757696113760682,12,-0.13595949674687782
гарантий,0.21422767559362543,5,0.1825315602873781,18,0.03169611530624733
где,0.7377250536886423,36,0.47123964988073,14,0.26648540380791225
где-то,0.017057335428349606,5,0.022220040660510018,15,-0.0051627052321604125
глаз,0.7588755757435499,25,0.29666278633679094,15,0.462212789406759
глаза,0.7926447941215563,62,0.3091364920426357,25,0.4835083020789206
глазами,0.7047871192251749,5,0.6910574189751939,11,0.013729700249980992
глазком,0.7578658215029526,6,0.15548134743730416,14,0.6023844740656484
глубине,0.7624389522453046,10,0.2999326766504613,9,0.46250627559484325
глубины,0.8995356279646681,11,0.12264544322319641,10,0.7768901847414718
глядишь,0.4088310397162377,5,0.018609279926630994,19,0.3902217597896067
глядят,0.9997117504873877,6,0.049011941981001415,13,0.9506998085063862
говори,0.6195904538511967,18,0.21283741030964262,34,0.40675304354155406
говорил,0.5101634457817434,8,0.1520440019976188,13,0.35811944378412464
говорила,0.24642927422573482,6,0.16172969175400573,20,0.0846995824717291
говорит,0.6327847732419369,5,0.24071179860363903,9,0.39207297463829793
говорить,0.48138579775244483,19,0.36596929549845914,16,0.1154165022539857
говоришь,0.17650614379772353,6,0.24892626697667716,35,-0.07242012317895363
говорю,0.8449233058355059,6,0.15606457149448086,26,0.6888587343410251
говоря,0.903960946090936,63,0.5947243456940468,5,0.30923660039688927
говорят,0.11375548039593984,6,0.3265543396336758,21,-0.21279885923773595
годится,0.6677771881228071,6,0.026776845024360077,23,0.641000343098447
году,0.795508205672942,6,0.9465260851824823,10,-0.15101787950954026
голова,0.6848906694729087,13,0.39055987440808526,17,0.2943307950648234
голове,0.6654348681539164,14,0.47683966648804654,17,0.18859520166586985
головой,0.7756954861134209,18,0.580349789142891,16,0.19534569697052984
голову,0.7997893003270976,42,0.5699601663388629,17,0.22982913398823468
головы,0.4765314063225649,6,0.4066353415465307,14,0.06989606477603422
голом,0.35690655515618935,7,0.04881840565436405,10,0.3080881495018253
голос,0.9765012888579829,13,0.39956958428863504,18,0.5769317045693478
голыми,0.946963965652422,9,0.16015322432173243,14,0.7868107413306896
гонял,0.9618281181204045,5,0.05758305050001653,15,0.9042450676203879
горазд,0.3921295664415286,8,0.04228401096306254,14,0.349845555478466
гораздо,0.3439768246670364,5,0.2511887071059883,18,0.0927881175610481
горами,0.9656173171309685,5,0.2733568242574619,20,0.6922604928735067
гори,0.20707752448920744,7,0.1520324615842843,24,0.05504506290492314
горло,0.8708070672324167,14,0.12720090349676375,14,0.743606163735653
городом,0.7275379501683267,5,0.18969057505291761,16,0.537847375115409
господь,0.2187169668683159,7,0.2839560766325346,12,-0.06523910976421868
готов,0.1732140092065403,11,0.21112064891902627,26,-0.03790663971248598
грамм,0.4151780246908007,5,0.3272980767328106,14,0.08787994795799009
границах,0.08902047809809581,5,0.13718094112684295,9,-0.048160463028747144
границы,0.46764599407883023,6,0.1940530206431659,9,0.27359297343566436
грех,0.3738073070321002,18,0.08545345049759913,23,0.2883538565345011
греха,0.5615622848052129,6,0.18824950371783603,18,0.37331278108737687
грош,0.7897429469524,6,0.1992297822150608,17,0.5905131647373392
грубо,0.1852693230235934,5,0.04689306245887248,14,0.1383762605647209
грязи,0.7570313034964794,8,0.21672963771691983,11,0.5403016657795596
грязь,0.7751451052612784,5,0.23573395585600204,13,0.5394111494052765
гуся,0.8437390964873035,5,0.0016575391673068814,20,0.8420815573199966
да,0.5723405073034368,131,0.3083719523086911,36,0.2639685549947457
давай,0.29570517864806056,20,0.24412946960349877,39,0.051575709044561796
давних,0.28559658361421963,5,0.10572454887953923,9,0.17987203473468039
давно,0.35958987143352156,14,0.1695288744295305,13,0.19006099700399107
давным-давно,0.0007691666482431717,5,0.010073063578324678,14,-0.009303896930081507
даже,0.5802821106066872,19,0.21000682018866565,15,0.37027529041802154
дай,0.8326176061979812,44,0.34201567001186595,35,0.49060193618611525
дал,0.6942133033045329,6,0.37912353803818144,5,0.31508976526635146
дала,0.48350226968501336,6,0.28819764847216106,14,0.1953046212128523
дали,0.594767946254069,5,0.31840008172549517,15,0.27636786452857387
дальних,0.0022666748209843337,6,0.08767473993079464,8,-0.0854080651098103
дальше,0.7081489309099553,6,0.27471026979272994,23,0.4334386611172254
дам,0.040816619739511575,7,0.14908165350712985,24,-0.10826503376761827
даром,0.3945435641939031,8,0.18943956627118141,19,0.20510399792272166
даст,0.6688089097110053,8,0.3288841460122048,15,0.3399247636988005
дать,0.9331074311237475,11,0.43299866186431135,12,0.5001087692594361
даю,0.9750845908778016,10,0.19990888773205737,26,0.7751757031457442
два,0.8071882188198818,16,0.37017203645119323,14,0.43701618236868855
две,0.948432207722873,8,0.43000391654134584,12,0.5184282911815271
двери,0.5904465442492954,5,0.3261154322577773,17,0.26433111199151815
дверью,0.4450087734699954,5,0.5024850188610172,18,-0.05747624539102175
дворе,0.6789488343614974,5,0.5355977480477699,21,0.1433510863137275
двух,0.8444013663699179,5,0.5594547272511137,11,0.28494663911880425
девать,0.5699899421117727,5,0.3633471829050159,25,0.2066427592067568
деваться,0.49751362185394554,12,0.16025730460812662,30,0.33725631724581895
действии,0.22662189364727361,5,0.047570997066486057,5,0.17905089658078754
дел,0.6854335966309746,8,0.7739265074728657,9,-0.08849291084189115
дела,0.7685447840850317,10,0.3621170332707727,20,0.40642775081425897
делать,0.7510382433048067,25,0.3590332784730038,26,0.3920049648318029
делится,0.5204699643869509,10,0.3718886714709735,10,0.14858129291597744
дело,0.6655562135739691,116,0.5238321670258331,20,0.14172404654813597
делом,0.8693011390875797,7,0.6852842999772458,11,0.18401683911033384
делу,0.6898662708140074,8,0.278605243570751,11,0.4112610272432564
день,0.8587740253834987,32,0.5501270179941101,18,0.30864700738938855
держат,0.7340579434541612,8,0.21250256333682907,12,0.5215553801173322
держать,0.72682600495016,8,0.6559427015518033,15,0.07088330339835669
держит,0.5234239296566434,6,0.27595936837678986,17,0.24746456127985356
держу,0.176743549066562,5,0.4163424503290272,23,-0.23959890126246522
дернул,0.35198745679641064,5,0.12261398233936208,22,0.22937347445704856
десяток,0.7787659550794305,5,0.25573952130189226,13,0.5230264337775382
детей,0.7821514768615825,5,0.4113588673382287,10,0.3707926095233538
дико,0.039233090386944884,9,0.03910280144519892,15,0.00013028894174596517
для,0.841825555780663,104,0.6988398216647076,18,0.1429857341159554
дни,0.7372319191636582,8,0.39942297001200533,14,0.3378089491516528
дня,0.9078577310477298,23,0.4792818453454193,16,0.42857588570231053
дням,0.9938687929137489,5,0.19492409632476038,6,0.7989446965889885
до,0.9355310665887823,364,0.6514604322623063,18,0.28407063432647595
добавить,0.19643708707769184,5,0.22395648716726066,14,-0.027519400089568824
добра,0.9663194923753619,5,0.3798473316411073,25,0.5864721607342546
добро,0.0012157902236412002,5,0.17180174112236207,20,-0.17058595089872086
доброго,0.8740612232678547,5,0.20762809541910524,12,0.6664331278487495
довершение,0.7187931067884488,5,0.11752658488072254,9,0.6012665219077262
довольно,0.18887281509580955,11,0.09035903873115687,14,0.09851377636465268
доктор,0.5812054912212002,5,0.17227491810108048,14,0.40893057312011977
долгу,0.44074137545658615,6,0.529713156869228,16,-0.08897178141264189
должно,0.7914425619818519,5,0.6648977161476594,17,0.12654484583419257
доли,0.1870558016447742,6,0.44100767207172803,7,-0.25395187042695383
долой,0.30857031041582267,6,0.21966936657891148,16,0.08890094383691119
дом,0.15628436189678344,5,0.37239696883077433,15,-0.2161126069339909
дому,0.7371539950047619,5,0.15676746958246857,21,0.5803865254222933
дополнение,0.944597695309846,5,0.45551173596976874,8,0.4890859593400773
дорога,0.9944713106284092,8,0.4493700381897508,15,0.5451012724386584
достаточно,0.5256440963508816,13,0.15786934192551255,15,0.36777475442536905
древности,0.6944319639555718,5,0.27694900769396397,7,0.41748295626160786
друг,0.9968417602992149,10,0.6867731532488506,14,0.3100686070503643
другие,0.6801168144048463,6,0.5121108792854262,5,0.16800593511942008
других,0.7390247139460575,7,0.1566849426055532,5,0.5823397713405043
другого,0.8544511654751001,5,0.38747606612644225,11,0.4669750993486579
другое,0.6718126101265783,6,0.3973925020979005,18,0.27442010802867783
другой,0.622602629583498,26,0.2940235710489883,13,0.3285790585345097
другом,0.3133688295688805,8,0.5964854948730166,15,-0.2831166653041361
дух,0.2317833875253946,5,0.45864420053436733,11,-0.22686081300897273
духу,0.422324883252917,6,0.23747779527060076,8,0.18484708798231625
душа,0.7141654329819058,9,0.20696328621350024,19,0.5072021467684056
душе,0.5598976808523812,7,0.39526313656184964,17,0.1646345442905316
душевной,0.9377967100775005,6,0.28401459764729464,13,0.6537821124302059
души,0.6885721144431006,28,0.1262983240496791,14,0.5622737903934215
душой,0.7950265953326211,17,0.2379709470620948,17,0.5570556482705263
душу,0.7384148853815852,15,0.5024217413461399,14,0.23599314403544525
дыхании,0.751534995623236,5,0.515375752851999,9,0.236159242771237
едва,0.16555053947987255,26,0.18871305422644846,9,-0.023162514746575907
единицы,0.12904802847234098,5,0.12628939639060463,12,0.0027586320817363508
единого,0.5077390007478008,7,0.35786307655366184,9,0.14987592419413892
ежели,0.004113998135911765,5,0.0024839780307038036,16,0.0016300201052079615
ей-богу,0.00016810298014006896,5,0.00016471902684151284,31,3.3839532985561202e-06
еле,0.1731964773585083,6,0.2167952818309183,26,-0.04359880447241002
еле-еле,0.0003614974602306864,6,0.004000094272388685,14,-0.003638596812157998
епархия,0.045913498909779804,5,0.042671202612198124,15,0.00324229629758168
если,0.8206214687074805,172,0.4817244005582783,9,0.33889706814920223
естественным,0.459247817447527,8,0.08092284278012069,13,0.37832497466740633
есть,0.6420227239487167,35,0.4689431295320382,20,0.17307959441667853
еще,0.3864102551259656,173,0.15536399144618276,19,0.23104626367978284
ж,0.10583764340402842,5,0.47286868667530024,24,-0.36703104327127184
жаль,0.3670318078274658,8,0.15639003408565386,21,0.21064177374181195
жанра,0.6428716633124246,6,0.2288074316623709,11,0.4140642316500537
же,0.8103467416803766,192,0.49414755311395964,17,0.31619918856641693
желаю,0.4084140237067862,5,0.2888054867704482,34,0.119608536936338
желудок,0.8114106282290201,7,0.11744444937840542,17,0.6939661788506146
жестоко,0.0050840412851711906,5,0.0959032741644999,23,-0.0908192328793287
жизни,0.7553340797990591,17,0.6386475420191506,12,0.11668653777990845
жизнь,0.7710067695902069,15,0.45433053899339276,22,0.3166762305968141
житья,0.04219653121912,5,0.001234071718783225,15,0.04096245950033678
жутко,0.013088054436414446,9,0.007390336244930976,18,0.005697718191483471
за,0.8927593118297957,523,0.6493371689508067,22,0.243422142878989
завершение,0.03398832052737281,5,0.04622091820169053,26,-0.012232597674317724
завтра,0.8757591679554764,9,0.08748107414738597,22,0.7882780938080904
загорелись,0.1692668073166108,5,0.05573074597510936,28,0.11353606134150146
задатки,0.0163034409012076,5,0.0591122452580161,8,-0.042808804356808505
задним,0.963611268428742,5,0.36100256046964846,9,0.6026087079590936
заикаться,0.27882940039957405,5,0.11679729874313978,16,0.16203210165643428
заказ,0.4888747400647742,5,0.07737225168595488,25,0.4115024883788193
закону,0.7373983360826986,7,0.14077876349393673,9,0.5966195725887619
занимать,0.6289037240279113,5,0.2503271469625447,17,0.37857657706536657
заодно,0.19104808575843918,11,0.036949774658223945,10,0.15409831110021524
запрещено,0.40943953156616236,6,0.23599030128737136,16,0.173449230278791
зари,0.903783642135606,10,0.09243757999235198,15,0.811346062143254
затем,0.4949096971328529,5,0.14016752671170257,9,0.3547421704211503
зато,0.1677197889003404,5,0.05727694481504075,22,0.11044284408529964
захоти,0.005699345416116401,5,0.009327880038532828,16,-0.0036285346224164275
захочет,0.21551950294295322,5,0.1517263655200909,16,0.06379313742286233
зачастую,0.014995226809797601,5,0.006386795822142447,8,0.008608430987655154
зачем,0.5774070292998589,10,0.5335912939387085,31,0.043815735361150354
защитой,0.5911480461890559,5,0.26011336925818007,10,0.33103467693087585
звали,0.9999265971317813,5,0.20886440008907936,18,0.791062197042702
звать,0.005300799822736801,5,0.13081190274661442,30,-0.12551110292387763
звезды,0.1678733076465822,5,0.03404014110744561,17,0.1338331665391366
звонка,0.9998387958116187,6,0.14495659531546642,23,0.8548822004961523
здесь,0.38352690350757884,15,0.20819670954363292,13,0.17533019396394592
здоров,0.46118523258826916,14,0.1244150059233682,26,0.336770226664901
здорово,0.3426220238043042,8,0.022263329698231006,26,0.32035869410607315
земли,0.36348526972816914,9,0.2768080148646295,6,0.08667725486353961
землю,0.8471308664835538,5,0.22339538245135265,11,0.6237354840322011
знает,0.6934424277301294,42,0.44313622252227686,14,0.2503062052078526
знаете,0.5554532182265982,9,0.2896760089022671,28,0.26577720932433113
знаком,0.6620156933746852,5,0.4620579615844778,19,0.19995773179020743
знал,0.6501439416314122,14,0.13666776091637822,19,0.513476180715034
знаменем,0.3453209670302535,6,0.03283347457965757,7,0.3124874924505959
знамя,0.6279975741268544,5,0.10754924477238503,17,0.5204483293544694
знать,0.8010127967059006,33,0.27035753244147187,22,0.5306552642644288
значение,0.8972626824766725,11,0.3426363518129414,11,0.5546263306637311
значения,0.9575899324550867,5,0.5009281987447534,6,0.45666173371033336
значит,0.5223625709741456,15,0.274952569106421,27,0.2474100018677246
значительно,0.1013483476457322,5,0.08014661486483408,13,0.02120173278089811
знаю,0.5395299714114101,27,0.5243839446040982,26,0.015146026807311919
зовут,0.7606930005562236,5,0.6178744469472673,30,0.14281855360895623
зрения,0.9994396175213536,5,0.8493406225611372,8,0.1500989949602164
зря,0.569862259173513,16,0.16468211500290997,25,0.405180144170603
зуб,0.449616527300566,13,0.29722291302828796,18,0.15239361427227804
и,0.8386716957331612,986,0.46941990446753584,15,0.3692517912656254
играет,0.7360997146556345,7,0.33981779158108344,13,0.39628192307455107
игры,0.3467035990272307,6,0.48604711161330366,11,-0.13934351258607297
идет,0.21665393663443777,8,0.27965268797056997,13,-0.0629987513361322
иди,0.44664797179721283,5,0.3325093425289396,36,0.11413862926827323
идут,0.2714618163494904,5,0.22589392831975988,13,0.045567888029730524
из,0.9069912401914593,196,0.7125963558083582,10,0.19439488438310104
из-за,0.36733892899484105,28,0.2706976346636531,10,0.09664129433118795
из-под,0.2673265887667454,18,0.3940962856383027,10,-0.12676969687155726
избави,0.03063056270237527,5,0.05190273440483718,17,-0.021272171702461908
известно,0.6011378572920986,8,0.49858976237416763,10,0.10254809491793093
извне,0.218295521336129,5,0.01959422465919857,5,0.19870129667693043
изо,0.9876133068073123,5,0.6516840151421067,15,0.3359292916652056
изредка,0.22084370306439002,5,0.019994048500776247,14,0.20084965456361378
или,0.8348066833446658,56,0.37407507039567933,20,0.46073161294898646
имеет,0.7262183130136928,16,0.6470479787756608,10,0.07917033423803199
имей,0.25975585965560083,5,0.06755604606716903,21,0.1921998135884318
имел,0.4058606009632054,5,0.4064373547811915,16,-0.0005767538179860532
имело,0.2900906397371038,5,0.15187585554778332,10,0.13821478418932048
именем,0.20960758043563674,11,0.2939006656465757,11,-0.08429308521093895
имени,0.6006673201240036,10,0.7643913411146299,9,-0.16372402099062633
именно,0.5654458676218449,15,0.2990325415152356,17,0.2664133261066093
имеют,0.8878515936291898,16,0.62789682267874,7,0.2599547709504497
имя,0.7651259651391132,10,0.3828679732946549,18,0.38225799184445836
иначе,0.43508128819455627,13,0.3684398830966445,15,0.06664140509791178
иногда,0.9508770393233679,10,0.05217350951915146,13,0.8987035298042164
исключением,0.8389655703033068,5,0.12438453528082376,8,0.714581035022483
исключения,0.9428894772598123,8,0.45088859594151304,12,0.4920008813182993
исключительно,0.0046925295702128,5,0.040410868539979626,15,-0.035718338969766825
испокон,0.18561114708939222,5,0.3042228296012088,9,-0.11861168251181656
итак,0.38708237672025947,5,0.09450810658147087,31,0.2925742701387886
их,0.08275209808718541,5,0.23570562729888764,16,-0.15295352921170224
ишь,0.10516023587844041,5,0.013873145277581577,34,0.09128709060085884
йоту,0.4058815072660799,8,0.2444719598501944,5,0.1614095474158855
к,0.9596869303408073,227,0.9794674948085114,16,-0.019780564467704043
каждого,0.24225999584067023,5,0.6521761590904535,14,-0.4099161632497832
каждом,0.9764432229487001,8,0.4294922877789297,9,0.5469509351697703
каждый,0.5676509284409259,29,0.49319823889768394,14,0.07445268954324197
каждым,0.9766101252995952,8,0.604127472000839,8,0.3724826532987562
как,0.8004253684739477,855,0.5084099944479487,16,0.2920153740259991
как-никак,0.0008279950385433653,5,0.0004824123788462884,18,0.0003455826596970769
как-то,0.19783353796296202,7,0.029073239461913696,16,0.16876029850104832
какая,0.8003894651126552,26,0.5443517359032941,31,0.2560377292093611
какие,0.8453003436905596,33,0.5967439377280066,25,0.24855640596255302
каким,0.9259130760018218,12,0.6532028342082148,12,0.27271024179360703
каких,0.8173201787412274,8,0.7852647318158275,17,0.032055446925399966
каков,0.18255647238751668,6,0.12103603476998757,26,0.06152043761752911
какого,0.7320738999933357,16,0.5508081879377316,17,0.18126571205560416
какое,0.6794251783194961,25,0.5812673651382434,20,0.09815781318125272
какой,0.7701509648000202,77,0.6822827070954831,17,0.0878682577045371
какую,0.6130729945812795,8,0.4555138343998628,18,0.1575591601814167
капельку,0.012864448459238249,5,0.0218298449832489,13,-0.008965396524010651
капли,0.649127579470388,14,0.2968949196048762,14,0.35223265986551183
касается,0.8362389059236324,9,0.64754878516649,10,0.18869012075714242
касательно,0.044487536558389607,5,0.018985248562394814,5,0.025502287995994792
кассу,0.008782030850220602,5,0.09333406879896233,19,-0.08455203794874173
кассы,0.6290786065603806,10,0.04244859564048017,12,0.5866300109199004
катит,0.007544038244767601,5,0.0676687022767059,23,-0.06012466403193831
катушку,0.6134741737017959,5,0.24448058979282494,13,0.36899358390897097
кем,0.9984158569502295,5,0.5821987736751832,20,0.41621708327504625
клонит,0.4208244999103867,5,0.21656904508812475,20,0.20425545482226193
ко,0.9928678491774225,8,0.8710294958484489,19,0.12183835332897364
коврижки,0.044033837465104406,5,0.000208288749327286,15,0.04382554871577712
когда,0.5237388211268768,42,0.4450351310844196,10,0.07870369004245714
когда-нибудь,0.0426479509380958,5,0.07687119212871786,13,-0.03422324119062206
кого,0.9774390613260756,5,0.42204056602026524,17,0.5553984953058104
кое-как,0.000876904071767592,5,0.000811886901372544,9,6.501717039504801e-05
коем,0.9969784196502094,10,0.9484274489216938,20,0.04855097072851555
козу,0.5490075528076268,5,0.0038389197285119605,12,0.5451686330791149
коли,0.0046022958782762,5,0.009509635135271399,17,-0.004907339256995199
колокола,0.5718397304495673,5,0.28002169106439606,12,0.2918180393851712
колокольни,0.35390153435725547,5,0.011987133365565443,9,0.34191440099169
коль,0.9510139846348877,5,0.04732381998885537,21,0.9036901646460324
компании,0.416006656780298,5,0.13899293185836606,13,0.277013724921932
компанию,0.41946545438369204,5,0.2842441970025644,10,0.1352212573811276
кому,0.32597695902324386,5,0.45155704873486824,15,-0.12558008971162438
конца,0.6497628229406529,22,0.546551252342201,11,0.10321157059845187
концами,0.9997167471809494,5,0.29670048478571814,9,0.7030162623952312
конце,0.9996271369429781,12,0.514132155044082,6,0.48549498189889606
концом,0.9981968677730771,5,0.17275824857606042,7,0.8254386191970167
концу,0.9988751253745974,5,0.6177762027031949,11,0.38109892267140255
концы,0.5466954356819541,10,0.2254095494953088,11,0.32128588618664533
копеек,0.41752880444504586,5,0.06643149239271073,21,0.35109731205233513
копейки,0.32811756578896145,13,0.26644184600369913,21,0.06167571978526232
копейку,0.0022591968774343333,6,0.08229108394166812,21,-0.08003188706423378
корень,0.3365407114222724,9,0.11275568175683583,14,0.22378502966543656
корки,0.997008631988869,6,0.027812699963669214,16,0.9691959320251998
короба,0.9941722027635425,5,0.0006733352216625781,10,0.9934988675418799
короче,0.1789060882380054,10,0.007285648338220104,29,0.17162043989978532
костей,0.9827605664335453,6,0.11948205417347302,10,0.8632785122600722
краем,0.9605261476260083,5,0.6515643745869105,12,0.3089617730390978
край,0.9173741334595988,13,0.48117570545229604,11,0.4361984280073028
крайнем,0.6777626298856838,5,0.13195631307448502,5,0.5458063168111988
краю,0.49195500695698247,10,0.390804744320277,10,0.10115026263670546
края,0.9794357918287858,8,0.41306595053180944,12,0.5663698412969764
крова,0.5634377271652988,5,0.16258829020348764,9,0.4008494369618112
кровь,0.576945638563531,12,0.38988634892889645,15,0.18705928963463453
кроме,0.7553634285963652,24,0.1473367019243082,5,0.6080267266720569
крошки,0.1944270296335959,8,0.2870594375079818,15,-0.0926324078743859
кругу,0.3939611023469102,7,0.4087780214313487,7,-0.014816919084438551
крыши,0.9664140408128006,6,0.23977301940406887,16,0.7266410214087318
кстати,0.5406278954413338,8,0.1367951439469057,20,0.4038327514944281
кто,0.7903814460078854,71,0.722553584134758,21,0.06782786187312739
куда,0.7248302624253926,71,0.39994408657721353,21,0.3248861758481791
кулисы,0.3544885953250506,5,0.006890335567199455,8,0.34759825975785114
курс,0.99589754395112,5,0.32700888651754695,13,0.6688886574335731
курсе,0.8951162267226376,10,0.5347722694845853,20,0.36034395723805224
кучи,0.5200393326414103,5,0.005323034559128201,10,0.5147162980822821
ладно,0.3294797077446775,15,0.1882932535379871,36,0.1411864542066904
ладони,0.969997316006389,5,0.10634163945144175,23,0.8636556765549473
лампочки,0.7340081156967809,5,0.0435961636878818,16,0.6904119520088992
левой,0.24880712958655216,6,0.30605648497701327,16,-0.05724935539046111
легко,0.5194539179059061,7,0.14009273972422037,17,0.37936117818168574
легче,0.7279411322497826,6,0.18213028035247567,27,0.5458108518973069
лежат,0.41784994451625923,5,0.15955383068919002,21,0.2582961138270692
лет,0.8568979809771999,36,0.8193527259774441,16,0.037545254999755806
лету,0.22360012773367263,10,0.12180609928650303,12,0.1017940284471696
ли,0.9197928965176939,139,0.6668571439434676,21,0.2529357525742263
ливень,0.028991361224759604,5,0.04266927443447404,11,-0.013677913209714437
лица,0.7573219383249037,8,0.47641380888450263,12,0.28090812944040106
лице,0.8893474997668548,8,0.5952419016018023,16,0.29410559816505244
лицо,0.6703039993409946,16,0.3533446852356154,18,0.3169593141053792
лицом,0.8440910683319165,9,0.32434228780809043,9,0.5197487805238261
лицу,0.9934362695682772,8,0.42968750235138464,17,0.5637487672168926
лишним,0.6743197973863986,10,0.01447709539766799,8,0.6598427019887306
лишних,0.8476387429651622,6,0.09624113510372675,11,0.7513976078614354
лишь,0.6337539040452184,30,0.14696749102181222,10,0.48678641302340614
лоб,0.7156791193926206,16,0.18523896051955727,19,0.5304401588730634
лом,0.3004819100502022,5,0.021057461419777792,25,0.2794244486304244
луны,0.40176411865805106,5,0.160856980624379,12,0.24090713803367206
лучше,0.4542439038681578,46,0.40520491681930143,21,0.04903898704885634
лучшем,0.707894187627244,8,0.45263283510378666,5,0.25526135252345733
любезны,0.2982019113784902,5,0.2566828835741022,24,0.04151902780438804
любо-дорого,0.0011678733758407952,5,5.053704220698752e-05,23,0.0011173363336338077
любой,0.9072919024702872,18,0.20493514751841335,11,0.7023567549518739
людей,0.33609816000233356,7,0.22774414814858077,12,0.10835401185375279
людях,0.16743398867881967,6,0.2603604442954788,15,-0.0929264556166591
макар,0.9988904382395513,5,0.013550742926090594,10,0.9853396953134607
мало,0.4792970368934788,29,0.39120446403769527,16,0.08809257285578354
малого,0.9619454419518914,5,0.33690012452315027,10,0.6250453174287411
масса,0.0862216239193758,5,0.1755933725427957,17,-0.0893717486234199
массе,0.8456124087063093,8,0.32549780649163546,10,0.5201146022146739
маху,0.31337149556684896,6,0.2854753513290135,9,0.02789614423783543
мгновение,0.698612719356636,8,0.13242716295905876,18,0.5661855563975773
мгновенно,0.0024561820480055794,5,0.025708086834735404,16,-0.023251904786729824
ме,0.41541975861555985,5,0.05897105793301692,13,0.3564487006825429
мельком,0.0162395983366306,5,0.08813150034582641,13,-0.07189190200919582
меньше,0.5364103436958162,7,0.26835983609591024,15,0.26805050759990595
меня,0.8059818311932186,12,0.3303390697918462,26,0.47564276140137246
меру,0.1599826196209168,5,0.3211821513612397,16,-0.16119953174032287
меры,0.5620409004507113,8,0.43107894917152567,8,0.13096195127918564
места,0.9943771666223842,16,0.4490006174367943,13,0.5453765491855899
месте,0.9820122975086946,24,0.7240305360069381,7,0.25798176150175645
место,0.7638305216052255,8,0.5744783045023575,11,0.18935221710286798
мешает,0.6294080956018481,6,0.2458309672393204,26,0.38357712836252766
миг,0.14585532484910435,9,0.08915125820840705,16,0.0567040666406973
миллион,0.06345711802967001,5,0.07759477455079343,18,-0.01413765652112342
милости,0.34105778896022965,11,0.09739160703430495,13,0.2436661819259247
милость,0.6167753878353522,10,0.2462148143645363,11,0.37056057347081595
мимо,0.9714323559791129,5,0.6840874023315305,17,0.2873449536475824
минимум,0.4142134168698993,7,0.11327997151635764,9,0.30093344535354166
минус,0.1149303164283817,8,0.35200229260520094,19,-0.23707197617681924
минут,0.986459256768189,12,0.5517115452541709,18,0.43474771151401814
минуточку,0.0091388466467574,5,0.01098552530477511,31,-0.0018466786580177107
минуту,0.4633263345769651,11,0.3249484569740454,18,0.1383778776029197
миром,0.44951609061298586,5,0.37721485156395584,9,0.07230123904903002
мне,0.8975207375673995,30,0.5772666272307443,17,0.3202541103366552
многих,0.0144718069234178,5,0.04681832111402421,5,-0.03234651419060641
много,0.5869703678464735,16,0.5188512505812928,21,0.06811911726518072
многом,0.8943019547223645,5,0.3530630094082956,12,0.5412389453140689
множество,0.9620107181228852,5,0.0878802213141621,11,0.8741304968087231
мог,0.7425353531186312,25,0.43595107838373287,13,0.3065842747348983
могла,0.13264789994871135,6,0.4591761369602665,10,-0.32652823701155514
могло,0.2864035017968868,5,0.5767673766264549,13,-0.29036387482956816
могу,0.3949466037823735,12,0.3538227355530525,24,0.041123868229321014
может,0.8615497246268208,39,0.24624151693582383,15,0.6153082076909969
можно,0.6698886596839455,52,0.5944041724101009,18,0.0754844872738446
мозгам,0.1279038613399322,5,0.04638817056649083,18,0.08151569077344137
мои,0.9150217711232755,5,0.37548213312682366,18,0.5395396379964519
мокрого,0.49414149019956344,5,0.05308591804477415,15,0.4410555721547893
момент,0.8391399669253156,20,0.42485425729976,13,0.41428570962555555
морем,0.13841184194479042,5,0.18082304370345817,13,-0.04241120175866775
моя,0.9697612731323426,5,0.3030225488388343,19,0.6667387242935083
мысль,0.05590047729899381,5,0.2933174216023901,17,-0.2374169443033963
мягко,0.6836202922104352,5,0.09604979584841374,18,0.5875704963620214
на,0.9401780032350155,1397,0.8551371237508006,16,0.0850408794842149
наверное,0.24042541812005322,5,0.12249662511735523,27,0.11792879300269798
наверняка,0.0733046926941007,10,0.054890077265603625,16,0.018414615428497073
навсегда,0.9995306776559166,5,0.19703178526149795,18,0.8024988923944187
навскидку,1.8084095833725855e-05,8,6.985958017224043e-05,19,-5.177548433851458e-05
навстречу,0.4015816246474964,5,0.5073623168449104,19,-0.10578069219741398
награду,0.3503299129261918,5,0.25974480405049505,14,0.09058510887569676
над,0.9815845087786496,6,0.7770418973113482,11,0.20454261146730135
надежде,0.9383620622408767,8,0.5130469721564523,6,0.42531509008442436
надо,0.6296885713095732,52,0.32173398584864005,31,0.3079545854609332
надобности,0.27757946330223565,6,0.14871831106877165,8,0.128861152233464
надоело,0.42524262107496985,5,0.2004927644636428,31,0.22474985661132704
наездами,0.014246949652273199,5,0.001517222006394461,14,0.012729727645878737
назад,0.695751268903365,15,0.9395293738178131,8,-0.24377810491444807
назло,0.0598308139658833,8,0.13230494725405348,15,-0.07247413328817018
называется,0.2917144047626623,10,0.24093933324731628,29,0.05077507151534602
наиболее,0.03725609892519257,7,0.29179802230720137,6,-0.2545419233820088
наизнанку,0.5933986098699494,5,0.6714310684096844,9,-0.07803245853973495
накатанной,0.29125586700570644,5,0.13988765233033262,17,0.1513682146753738
наконец,0.3854094003532997,8,0.06197250441148493,19,0.32343689594181474
намного,0.17998301623761268,6,0.12688165561178086,19,0.05310136062583182
напасешься,0.00017980364400862372,5,0.00011483330588405011,28,6.497033812457361e-05
наперекор,7.453444198667742e-05,5,2.9657112584523265e-05,6,4.487732940215415e-05
напролет,0.0001878013033032218,5,0.33458007772422677,17,-0.33439227642092356
нарочно,0.004882345418536001,5,0.02459994940396201,28,-0.01971760398542601
нарушение,0.5705934401925135,5,0.38874021512954726,20,0.1818532250629662
насилу,4.329276951807136e-05,5,0.00015499956641422058,19,-0.00011170679689614921
наскока,0.001700464546199389,5,0.0025314259419180383,13,-0.0008309613957186493
насколько,0.6223579375288499,16,0.3698485818094147,14,0.2525093557194352
насчет,0.3662866092750628,23,0.15396793126669892,30,0.21231867800836388
нафиг,0.11516261928479334,6,0.02800095029094173,33,0.08716166899385161
наше,0.4755648804677838,5,0.29333746843851183,17,0.18222741202927195
нашел,0.11170496828960987,7,0.2828195158268718,12,-0.17111454753726196
наши,0.826207512189541,5,0.3336474059119203,9,0.4925601062776207
нашло,0.9820438049114684,5,0.45193583428766915,12,0.5301079706237992
не,0.9157142360835236,1849,0.8597571311092135,11,0.05595710497431017
небось,0.03618364388391552,6,0.007091688728885512,31,0.029091955155030005
невесть,0.017228736651068603,5,0.182890309668495,16,-0.1656615730174264
невзирая,0.019649442116986503,6,0.004791968696038168,5,0.014857473420948335
невооруженным,0.21312654416338592,5,0.04867083896140103,6,0.16445570520198488
невпроворот,0.0013098597163782395,5,0.0008966605125924653,20,0.0004131992037857742
негде,0.7167056023058141,10,0.33240076974547655,24,0.3843048325603376
негусто,0.00018147735126049347,5,6.230531261029606e-05,26,0.00011917203865019741
недавно,0.0722940347982814,5,0.2547961848430006,10,-0.1825021500447192
неделя,0.8402291791584584,5,0.2489900858719968,25,0.5912390932864616
недостаточно,0.0459761273102642,5,0.3623310779263495,19,-0.3163549506160853
независимо,0.5983884356684764,10,0.017549500242962854,6,0.5808389354255136
незачем,0.04355185706367361,5,0.12330816291069498,21,-0.07975630584702137
незнамо,0.2775742103359011,6,0.001301683283230888,12,0.2762725270526702
неймется,2.5997211709921807e-06,5,8.343076131157977e-06,30,-5.7433549601657966e-06
некогда,0.21489728867180405,5,0.16840233171254343,10,0.04649495695926062
некого,0.45652407721645566,5,0.30341563738312094,21,0.15310843983333472
некому,0.35561884880485445,5,0.28590975291081794,22,0.06970909589403651
некуда,0.8223902874320642,23,0.5915389259371693,24,0.23085136149489494
нельзя,0.5185338572889256,35,0.42858889206906037,25,0.08994496521986528
немного,0.31097719836365484,7,0.20603135077652598,20,0.10494584758712885
необходимо,0.0342473920015396,5,0.1929549060981018,10,-0.1587075140965622
несмотря,0.9707264126051525,9,0.7918753883842193,5,0.17885102422093313
нет,0.7253940856279256,122,0.5720377923008182,30,0.15335629332710743
нечего,0.6225793866032504,32,0.47002676259729925,26,0.15255262400595115
ни-ни,0.009211034756736621,5,0.00026237462571477866,25,0.008948660131021843
нигде,0.35334483935797045,5,0.11518284376264233,15,0.23816199559532814
ниже,0.8381151245238038,7,0.31099182806526654,14,0.5271232964585373
никак,0.39041130083993514,25,0.0949472738038499,5,0.2954640270360852
никакая,0.3778092675609305,5,0.28176784659787985,7,0.09604142096305063
никаких,0.7306855493682515,6,0.6975343563850391,19,0.03315119298321234
никакой,0.3328800256448152,6,0.4640590123017474,23,-0.13117898665693217
никто,0.8159857602123483,7,0.7349489468482749,14,0.08103681336407331
нипочем,0.0017943390180224347,6,0.002153466743309956,14,-0.0003591277252875211
нисколько,0.018045339803460732,11,6.241098280561682e-05,8,0.017982928820655115
ничего,0.5770127669787098,82,0.5033506936061694,8,0.07366207337254049
но,0.7135682244840968,103,0.21272884258789945,22,0.5008393818961974
ног,0.8374452022223102,21,0.5551201900112218,11,0.2823250122110884
ногам,0.9734926857907904,5,0.17448446812041205,14,0.7990082176703783
ногами,0.8482166637410206,10,0.2942328849855823,10,0.5539837787554382
ноги,0.6713801985892028,13,0.3329795245910677,17,0.3384006739981351
ногой,0.5299172085993605,7,0.07139393240571976,16,0.45852327619364075
ногтей,0.417138302842557,5,0.6821915280603726,7,-0.26505322521781566
ногу,0.9091350432232576,10,0.20030613996865423,20,0.7088289032546033
норме,0.3155245238344164,10,0.11204999324455718,6,0.20347453058985926
нос,0.6694627175742079,16,0.41192332172060453,17,0.2575393958536034
носа,0.497359268596747,6,0.3560743966290505,14,0.1412848719676965
носом,0.712340621962983,12,0.3733893185496548,19,0.3389513034133282
носу,0.793531553909659,9,0.39139322994636344,19,0.4021383239632956
ночи,0.6093834015138941,5,0.531418348243394,14,0.07796505327050018
ночь,0.6750193734417119,13,0.3306895777644724,19,0.34432979567723954
ну,0.6241830791548983,95,0.1858879359908243,35,0.43829514316407403
нужен,0.6956477544185293,7,0.40243505120036394,21,0.2932127032181654
нужно,0.33217990082974436,15,0.2034185608274442,17,0.12876134000230016
нуля,0.6868796878826631,5,0.24712862540271174,15,0.4397510624799513
о,0.9243593528473568,110,0.4996095813310742,6,0.4247497715162826
о-го-го,1.250695751092333e-06,5,5.982579346874728e-07,24,6.524378164048602e-07
об,0.9942472743290434,10,0.8747050132386494,17,0.11954226109039401
обнимку,0.158094513293405,5,0.12624515270472486,13,0.031849360588680126
образом,0.8918040341319299,25,0.8577489508521264,12,0.034055083279803444
обрез,0.6258422739149899,6,0.0008459311854229126,15,0.6249963427295671
огнем,0.4827919543399382,7,0.20231805215097795,14,0.2804739021889603
огонь,0.011100376377554174,5,0.08934499603697534,12,-0.07824461965942116
один,0.7729250603213902,74,0.5341523837797169,20,0.23877267654167333
одинаково,0.2621283442562314,5,0.27041131302050414,11,-0.008282968764272758
одна,0.6572750694683485,17,0.5527239967219135,19,0.10455107274643494
однажды,0.2539091384536357,10,0.1905844592761605,11,0.06332467917747522
одни,0.5978110895679624,10,0.4712448233399452,13,0.12656626622801714
одним,0.8671539009131328,25,0.6426042835683132,11,0.2245496173448196
одно,0.7762915528917156,42,0.5581872336041402,15,0.21810431928757534
одного,0.749321906379929,8,0.4057225311110081,5,0.3435993752689209
одной,0.8035402553207165,17,0.4958721398011835,13,0.307668115519533
одном,0.9149974774706466,10,0.657283210368139,13,0.25771426710250767
одному,0.5493150883091199,9,0.5481793092849437,15,0.0011357790241761645
одну,0.45247381308923285,5,0.6830585195797677,14,-0.23058470649053486
ожидания,0.7492738329274292,5,0.3309299657286644,11,0.4183438671987648
ока,0.9978635330234262,5,0.5805948152173881,11,0.41726871780603814
около,0.7033646862974328,8,0.44045086788089016,7,0.2629138184165426
оком,0.6524112881174803,5,0.3729110834392584,5,0.2795002046782219
окончательно,0.0187078928113548,5,0.20029995498014933,16,-0.18159206216879453
окромя,8.937565794975986e-06,5,3.768812203106375e-05,14,-2.8750556236087762e-05
оно,0.8492622380718136,14,0.2542048136709108,19,0.5950574244009028
осадок,0.13482364745355982,5,0.32459572531467806,10,-0.18977207786111824
оснований,0.5177682817587367,8,0.4217454951074968,11,0.09602278665123987
остальных,0.277938052866377,5,0.12839618919423337,11,0.14954186367214364
остатком,0.03559624659453658,5,0.0006543905773370931,10,0.034941856017199485
от,0.9359045410141991,306,0.8612897642297067,12,0.07461477678449235
открытым,0.7242951058530905,13,0.46419218547236096,16,0.2601029203807296
откуда,0.8622049331509243,15,0.6160836263440985,22,0.24612130680682576
откуп,0.9557877022435417,5,0.20164768601568328,10,0.7541400162278584
отлете,0.0005743349262303344,5,0.0002278554326525434,9,0.000346479493577791
отличие,0.9990445865725516,5,0.28316601424743704,5,0.7158785723251145
отношениях,0.7756803241174176,5,0.5122094300401877,9,0.2634708940772299
отныне,0.2062838577697205,10,0.0028635996085384858,7,0.203420258161182
отнять,0.430072337648472,5,0.19231409754003262,15,0.2377582401084394
отсутствие,0.36350405656209184,5,0.1351222594424432,17,0.22838179711964865
отсюда,0.5176383978981741,7,0.11479233249537743,31,0.40284606540279666
оттого,0.4134882186613402,5,0.004599171643231962,5,0.40888904701810824
отходя,0.9809588375000382,5,0.06540571302360056,12,0.9155531244764377
отчего,0.0802703482725412,5,0.03168892595423758,13,0.048581422318303626
ох,0.6612333262141943,7,0.0849052586960872,36,0.5763280675181071
охапку,0.2717188809091012,7,0.11903536229839444,8,0.15268351861070673
очень,0.4575633965612786,31,0.3766472767226019,20,0.08091611983867669
очереди,0.417956546248899,17,0.48456436352791316,15,-0.06660781727901416
очередь,0.9469121959186123,13,0.09618060031129015,7,0.8507315956073221
пальцам,0.7070288395413692,7,0.13995080817481187,11,0.5670780313665573
пальцем,0.41742768175882644,5,0.4303596282042159,17,-0.012931946445389475
памяти,0.4504426764913595,13,0.48770976628692825,12,-0.03726708979556875
память,0.7829243993220589,6,0.1807497069145765,18,0.6021746924074824
пар,0.3004774071781388,5,0.14222501939288937,12,0.15825238778524944
параллельно,0.13460298996311262,7,0.0409686834766307,14,0.09363430648648192
пари,0.9954995698901465,5,0.2806929137800675,16,0.714806656110079
пахнет,0.8667934538133892,5,0.4334747702861062,24,0.43331868352728303
первого,0.8821633506627942,7,0.451139018431829,7,0.43102433223096515
первое,0.6481963769514913,9,0.21040038119160023,18,0.43779599575989114
первой,0.768671955549677,8,0.3650547626880637,7,0.40361719286161335
первую,0.7549350625910902,8,0.6207172803914653,6,0.13421778219962488
первый,0.4097448085006873,13,0.30660645510728596,13,0.10313835339340133
первых,0.8687919566462807,9,0.5104009872798855,6,0.35839096936639525
перед,0.9251410514171098,23,0.660626831000155,12,0.2645142204169548
перерыва,0.37515750051072283,5,0.2948866583429746,11,0.08027084216774821
пересчитать,0.8326571879835216,5,0.1496558182074228,14,0.6830013697760988
периодически,0.04386048300558241,5,0.009734854381141755,8,0.03412562862444066
персоной,0.9967262596923909,5,0.22386176664547427,8,0.7728644930469166
перцу,0.0039911031021623074,7,0.025066132461548783,20,-0.021075029359386474
пику,0.0032201730130562004,5,0.00039134947832973697,5,0.0028288235347264635
плеча,0.6461691360312762,5,0.26930572655738666,14,0.3768634094738896
плечах,0.9916454791343485,5,0.272457115092538,21,0.7191883640418105
плохи,0.7873525990709896,5,0.1710895128298647,23,0.6162630862411249
плохо,0.4791494074744584,6,0.17682022851361717,20,0.3023291789608412
площадью,0.8154197340446521,5,0.27214973373063445,13,0.5432700003140176
плюс,0.33032082511756616,9,0.05735791410567384,24,0.2729629110118923
по,0.9374486593507015,708,0.864448470780834,10,0.07300018856986756
по-моему,0.0031087923772382003,5,0.03566196757393931,35,-0.03255317519670111
по-прежнему,0.005596328884619671,5,0.03344245508825007,12,-0.0278461262036304
по-своему,0.04724526317070846,5,0.011304632981193394,15,0.035940630189515065
повезло,0.744805033892476,6,0.19768429787586542,31,0.5471207360166106
повелось,0.299697778939482,5,0.02495414526848671,19,0.2747436336709953
повод,0.7339981060768712,5,0.3027933425206532,12,0.431204763556218
погоди,0.119824016801187,5,0.04854219155854593,31,0.07128182524264107
под,0.8948991521980326,218,0.6657388444606791,12,0.22916030773735352
подальше,0.9379887946129721,9,0.49028370757764805,16,0.4477050870353241
подачи,0.21779267336530445,5,0.30284567782683214,10,-0.08505300446152769
поделать,0.3728683853861631,7,0.34397937147942464,24,0.02888901390673848
подлости,0.13207924948388472,7,0.009520695182362518,14,0.1225585543015222
подобает,0.29085866860347476,7,0.14678226867284602,9,0.14407639993062873
подобно,0.8954123622917335,5,0.27028953498640285,7,0.6251228273053306
подряд,0.3707350073511509,8,0.5176819403813734,15,-0.1469469330302225
подумать,0.6396416444920289,14,0.21514141819105143,10,0.42450022630097745
подходе,0.3504314690017963,12,0.42771449216796753,13,-0.07728302316617125
подчас,0.0003759738907025696,5,0.001137822813244031,9,-0.0007618489225414615
пожалуйста,0.3253629811683431,10,0.4440622531193569,30,-0.11869927195101376
поздно,0.6881310989751818,6,0.4420446369139487,23,0.24608646206123308
пока,0.8604460053702034,21,0.20236321726339368,24,0.6580827881068098
полно,0.1715063372762498,5,0.05554150819899826,19,0.11596482907725156
полной,0.7381556882205976,13,0.1921537965245815,8,0.5460018916960161
полном,0.6036620853674717,18,0.6349432329006204,8,-0.0312811475331487
положено,0.2059726524614597,10,0.07061881170154263,16,0.13535384075991708
получилось,0.560148239455821,6,0.1014955899449694,27,0.4586526495108516
пользу,0.8045721113499298,5,0.5299828639646251,11,0.27458924738530466
помимо,0.3091410959425454,12,0.19829008959811456,5,0.11085100634443085
поминай,0.7593406807828512,5,0.25025387617459977,26,0.5090868046082515
помине,0.9099096622113567,5,0.6915151429904367,21,0.21839451922092
помирай,0.0215734454031774,5,0.018786187785189888,31,0.002787257617987513
помощью,0.936983317774018,5,0.7362003179197298,6,0.20078299985428816
понимаете,0.5127707493420443,5,0.3059182595581068,29,0.20685248978393744
понимаешь,0.4314998129449707,7,0.15009565782227316,25,0.28140415512269756
понимать,0.1972083702298832,5,0.14250692676632984,12,0.05470144346355335
понимаю,0.365666863881837,8,0.45239938873777097,23,-0.08673252485593397
понятия,0.9485654422476919,5,0.42190826219093963,17,0.5266571800567523
понять,0.5353234167168179,10,0.1611540268895415,8,0.37416938982727643
попа,0.002973159157876858,5,0.0655133757986689,10,-0.06254021664079204
попало,0.471750493316802,10,0.23429193890016053,16,0.2374585544166415
поперек,0.999935489116979,5,0.36416366060663846,12,0.6357718285103406
пополам,0.9999027198797638,5,0.30652707455942824,20,0.6933756453203355
пор,0.900535069760801,25,0.9888054963270766,7,-0.0882704265662756
пора,0.48875133327216275,30,0.27770539916481335,30,0.2110459341073494
порой,0.2988342724185695,6,0.03164035923191257,7,0.267193913186657
поры,0.6809939871332538,18,0.31113024409915546,15,0.3698637430340983
порядка,0.050517139267808,5,0.12245274144508163,8,-0.07193560217727363
порядке,0.8020698342806823,18,0.5198777649971916,9,0.2821920692834907
порядком,0.6948539624500865,9,0.09806718920764385,13,0.5967867732424426
после,0.8455123946253313,16,0.7864330400946595,13,0.05907935453067181
последние,0.42307360259532284,5,0.5653264352965062,10,-0.14225283270118333
последний,0.6605608640414659,9,0.27642527249417514,15,0.3841355915472907
послушать,0.3873921053239419,6,0.057729017316351626,16,0.3296630880075903
посмотрим,0.6616014522138712,5,0.31002824167219256,32,0.35157321054167867
посредством,0.25157970269664076,5,0.004498030725840041,5,0.24708167197080072
постепенно,0.1927091899823822,5,0.1917611807050938,13,0.0009480092772884141
постой,0.019933924643463375,8,0.011065352401064934,27,0.008868572242398442
постфактум,9.469189149582421e-06,5,4.8139932213060307e-05,9,-3.867074306347789e-05
потеху,0.06318198986921181,5,0.0035662834916209154,6,0.059615706377590894
поток,0.6148937636968,5,0.33253013328636766,12,0.2823636304104324
потолка,0.8577100955390085,5,0.15897135659638484,12,0.6987387389426236
потом,0.4566661747934182,22,0.36376062927739117,16,0.09290554551602703
потому,0.5889415190605277,13,0.0344955506117176,5,0.5544459684488101
похоже,0.7331351713801267,10,0.3562945550085493,19,0.37684061637157745
почем,0.04930471829706593,22,0.001378398526575404,25,0.04792631977049053
почему,0.8169421268512506,11,0.36457033636938874,30,0.4523717904818618
пошло,0.9982996852227973,10,0.22534164232394066,23,0.7729580428988567
поэтому,0.287146170401799,5,0.0706718180269684,15,0.21647435237483062
правах,0.6760484036587993,8,0.29245189142796535,7,0.3835965122308339
правда,0.2747296299561421,20,0.025354127759277374,19,0.24937550219686472
правильно,0.976877287846796,5,0.2741158221448767,19,0.7027614657019192
право,0.1163038604366488,10,0.7398830512427012,12,-0.6235791908060524
предварительно,0.2790026237240638,5,0.27906549340123527,5,-6.286967717145098e-05
пределе,0.505969153364863,5,0.0005317976720904647,5,0.5054373556927726
представиться,0.6486518847597507,5,0.17044197281083703,23,0.4782099119489136
представляет,0.96309662121323,5,0.4135951057644785,11,0.5495015154487515
прежде,0.7056024347631722,7,0.44491411313906165,12,0.26068832162411054
преимущественно,0.0111798481516428,5,0.009399051026271001,8,0.0017807971253717986
прекрасный,0.9514558005737148,5,0.18167863458778175,17,0.769777165985933
при,0.9250741808345488,66,0.769641781983107,9,0.1554323988514419
приблизительно,0.038092092536114,6,0.012778229010453244,16,0.025313863525660757
пригоршня,0.01398812641825073,5,0.006287233935468525,16,0.007700892482782204
придачу,0.1134490342048908,5,0.1385291875870199,10,-0.0250801533821291
придется,0.21103344223404616,13,0.12173241872608438,19,0.08930102350796178
прикурить,0.0011785160404194001,5,0.0009892854094512822,15,0.0001892306309681179
применении,0.7870060288394629,5,0.4536889527520504,8,0.3333170760874125
пример,0.7277226566918235,25,0.49991431712069945,21,0.227808339571124
примера,0.5175623544180488,10,0.2753296856523767,11,0.24223266876567207
примерно,0.16826635877861357,9,0.1813269994774374,13,-0.013060640698823844
принципу,0.7462242208313846,5,0.10481133583914881,5,0.6414128849922358
принялся,0.022166311546846444,5,0.18661401059170724,10,-0.16444769904486078
природе,0.39778343097930535,11,0.2764663640582596,12,0.12131706692104577
пристало,0.26224732077393764,5,0.0009515951162420063,6,0.26129572565769565
приходится,0.7996950880178888,7,0.27174431815752015,15,0.5279507698603687
причем,0.147839980694607,5,0.15527627169172328,7,-0.0074362909971162905
пришло,0.42000183661443075,8,0.41184976455752603,14,0.008152072056904713
про,0.5886568380618077,11,0.5749173984873642,19,0.013739439574443457
проведешь,0.037858855847330404,5,0.05149460378241475,17,-0.013635747935084347
продолжение,0.005431392874881,5,0.2167495927642102,23,-0.2113181998893292
прозвали,0.11112687530904139,5,0.08169577409485738,16,0.029431101214184005
прокатит,0.03461225107744641,5,0.013134408832249304,11,0.021477842245197103
проклят,0.987449768903347,8,0.09814293346740748,14,0.8893068354359396
промах,0.2048140363209617,6,0.1409765373269303,18,0.0638374989940314
пропасть,0.0006349625032488413,5,0.09224272435745831,19,-0.09160776185420946
прописал,0.32522658970600143,5,0.10537896214543503,15,0.21984762756056642
просит,0.08948855338023046,5,0.05261215579733685,15,0.03687639758289361
просто,0.45694063773408733,17,0.11663014648229418,18,0.34031049125179313
простоте,0.5219051172194117,6,0.13752829573884695,7,0.38437682148056473
простыл,0.9990128818691761,5,0.46141962908501616,22,0.53759325278416
против,0.7588833077953415,23,0.47218550527193043,10,0.2866978025234111
прочего,0.7906582152663926,5,0.3119138499564837,6,0.4787443653099089
прочь,0.31649973859829944,7,0.1701515185499328,18,0.14634822004836665
прошло,0.6583546289790725,7,0.23416793176522427,18,0.4241866972138482
прошу,0.7575954650998906,8,0.3791990483864278,20,0.3783964167134628
прощения,0.979316966361816,5,0.5794373536463496,12,0.39987961271546635
пруд,0.9982175106360597,5,0.39463764995231865,13,0.603579860683741
пруди,0.9989498924594198,5,0.7432824678586154,18,0.2556674246008044
прямо,0.293471780414518,15,0.13540237720802373,13,0.15806940320649426
прямой,0.7000619686751958,6,0.1378050864517838,6,0.562256882223412
псевдонимом,0.6367147719941407,5,0.061888986031633,6,0.5748257859625078
пудов,0.02283864642482022,6,0.03956999337332814,17,-0.016731346948507916
пусто,0.7296669025484163,5,0.09678391550051132,32,0.6328829870479049
пустом,0.9275129117040327,5,0.050678634490306254,8,0.8768342772137264
пустыми,0.9656503602795528,5,0.3818479739583201,13,0.5838023863212327
пусть,0.5693188222320077,20,0.3602573732690832,24,0.2090614489629245
путь,0.18580142661709922,5,0.4546705856447473,18,-0.2688691590276481
путями,0.9954505477686911,6,0.46562918436862394,8,0.5298213634000672
пушистый,0.497548620145582,5,0.05590053689867383,6,0.4416480832469082
пяти,0.9505849637850513,5,0.04723606815165482,11,0.9033488956333965
равен,0.6624434006291035,5,0.2216086291254766,12,0.4408347715036268
равных,0.21665869292007872,10,0.34902180094589913,8,-0.1323631080258204
ради,0.6885821171373048,33,0.49401841960180004,8,0.19456369753550473
радости,0.10219017765734702,5,0.21486003859705138,17,-0.11266986093970437
радость,0.9174727097730596,5,0.16330186670939362,22,0.754170843063666
раз,0.7611841035114812,110,0.5134559345719971,8,0.24772816893948413
разбега,0.07858279756787633,5,0.00027814973213371265,7,0.07830464783574262
разбегаются,0.4248732831435061,12,0.019582179448361377,16,0.4052911036951447
разбора,0.2848390626052394,5,0.07532974717410117,6,0.2095093154311382
разве,0.4705415705178733,17,0.27983865076899095,24,0.19070291974888237
разговоров,0.13267016835375534,9,0.006562731410204209,10,0.12610743694355112
разительно,0.2418567359499728,5,0.03239831206826307,9,0.20945842388170974
размениваться,0.01122067377123746,5,0.0011609814745435533,21,0.010059692296693906
разница,0.9925720732004798,5,0.41801272524742644,22,0.5745593479530533
разницы,0.9808795605449685,5,0.26218201700118654,16,0.7186975435437819
разом,0.9041301854393053,5,0.09988328262090135,9,0.804246902818404
разумеется,0.15671373654659818,6,0.06410092373878948,15,0.0926128128078087
рамки,0.4541483948851415,6,0.30868311277225696,12,0.14546528211288456
рано,0.888070105834934,7,0.28454771333810586,22,0.603522392496828
раньше,0.4027161189189874,5,0.2338234421225175,13,0.1688926767964699
распоряжение,0.22944660183177681,5,0.029642813830163033,14,0.19980378800161377
распоряжении,0.32545687992003225,5,0.48620810168568246,15,-0.1607512217656502
расстояние,0.8849909766741696,5,0.40767629616837003,12,0.47731468050579956
расчете,0.2996495862172191,11,0.043996640196925986,5,0.2556529460202931
речи,0.9807610028862411,15,0.6437633042508782,11,0.3369976986353629
речь,0.19043581877151777,8,0.8800115929298528,10,-0.689575774158335
решеткой,0.5418573595827475,5,0.44692234565928457,8,0.09493501392346293
ровно,0.09172417154979973,7,0.05337167311145346,13,0.03835249843834627
ровным,0.9998860270573587,5,0.06981023038107245,9,0.9300757966762863
рода,0.9995051351405347,5,0.605667172666375,7,0.3938379624741597
рознь,0.46338147682223,5,0.25713318082300685,22,0.20624829599922317
роли,0.9910541417344909,5,0.486142341219672,5,0.504911800514819
роль,0.9993138283617492,5,0.29379883409022806,12,0.7055149942715211
ролях,0.9318134082981753,6,0.2518731160491263,8,0.679940292249049
рост,0.9933058218993089,7,0.5134378038594305,10,0.47986801803987844
рот,0.8538015026111477,10,0.2722546419354483,10,0.5815468606756995
рук,0.9141161513275423,27,0.3201010332438946,15,0.5940151180836477
рукава,0.8656991106860783,6,0.33554717453918603,9,0.5301519361468923
рукам,0.1414160163963198,5,0.3835888880787404,14,-0.24217287168242063
руками,0.9695718094992881,28,0.3980209520149723,15,0.5715508574843158
руки,0.8151361406514323,46,0.3128351070726198,12,0.5023010335788125
руководством,0.6798986795571756,10,0.019099640717583206,7,0.6607990388395925
рукой,0.8742150695111047,17,0.5822391745668127,19,0.291975894944292
руку,0.8355807885700891,17,0.5808869606061333,20,0.2546938279639558
руля,0.8522513788769097,6,0.26294633956266217,12,0.5893050393142476
ряд,0.7893932516142751,11,0.3851472519887088,10,0.4042459996255663
рядом,0.999596088071925,5,0.18123541698369572,13,0.8183606710882293
с,0.9349739253671969,787,0.9420126478436265,13,-0.00703872247642956
сам,0.5658589285978358,41,0.444223635647094,16,0.12163529295074182
сама,0.20366183318784697,5,0.28084030747731725,13,-0.07717847428947028
самая,0.6407445675200649,8,0.6381841101044545,17,0.0025604574156103954
сами,0.37703105791905517,12,0.22601486647215577,15,0.1510161914468994
само,0.9704655598101374,5,0.3969206910207735,17,0.5735448687893638
самое,0.9463910049885773,18,0.8444605670174495,16,0.10193043797112777
самом,0.9555280624952597,13,0.7405070790214173,8,0.21502098347384235
самые,0.9925132219850931,7,0.4256366785591013,6,0.5668765434259917
самый,0.9105218141932195,17,0.5120808815621181,18,0.3984409326311015
самых,0.9812561042646051,5,0.5540267983972387,7,0.4272293058673664
сверх,0.4611276686475277,10,0.06844998654866709,12,0.3926776820988606
сверху,0.5798746511048362,6,0.07368112505598089,12,0.5061935260488553
свет,0.7350618533895812,17,0.33995721004065244,16,0.39510464334892875
свете,0.6895242748384043,15,0.5837027709614305,13,0.10582150387697375
свободное,0.04940246680938941,5,0.1650810524327862,12,-0.11567858562339679
свое,0.3003205384588281,25,0.43419632383294504,9,-0.13387578537411693
своего,0.9923118204046253,5,0.4216418742248518,11,0.5706699461797735
своей,0.9733074056204161,12,0.7039497890585935,5,0.26935761656182255
своем,0.4839392786853809,10,0.4542971322760581,11,0.029642146409322778
своим,0.840714399529,10,0.6561033101564675,7,0.18461108937253246
своих,0.7274343943847246,6,0.374171025852586,5,0.3532633685321386
свой,0.9212608964968018,6,0.5874165974118276,13,0.33384429908497415
свою,0.9505686509024763,9,0.43128415996588637,11,0.5192844909365899
связи,0.9687808934545667,5,0.4273201020887469,7,0.5414607913658198
сдается,0.32490349892616227,5,0.26118150784630423,18,0.06372199107985804
сделай,0.7012194238507948,6,0.30064343207157757,22,0.40057599177921727
се,0.3386297356869876,9,0.2729966340257211,20,0.06563310166126651
себе,0.6914708070251572,71,0.6018360549465914,12,0.08963475207856575
себя,0.8460140565758011,51,0.679134411870958,15,0.16687964470484307
сего,0.9975993875458976,8,0.052650210823912885,8,0.9449491767219848
сегодня,0.5915627398227092,11,0.10080674444223646,18,0.49075599538047276
сей,0.9937786179080643,5,0.09723762720338945,9,0.8965409907046749
сейчас,0.49922466959201417,8,0.12219749604783185,17,0.3770271735441823
секрете,0.7795464071079687,5,0.0013025946896831155,7,0.7782438124182857
секунды,0.9487357446647989,5,0.17355942019895026,10,0.7751763244658487
сердце,0.3850307483802303,7,0.29663847798161286,13,0.08839227039861747
сердцем,0.8953529124618179,17,0.233727669520161,16,0.6616252429416569
сидорову,6.686557324962258e-05,5,4.7299664741716874e-05,7,1.9565908507905706e-05
сил,0.8265306239535308,10,0.24782082425566934,6,0.5787097996978615
силам,0.4027982320397029,5,0.2645475396053678,5,0.13825069243433508
силами,0.9181116529081507,5,0.46214075957484446,9,0.4559708933333062
силе,0.6697844793947398,5,0.2219320158017482,9,0.44785246359299163
силу,0.7112439498902875,21,0.17859340980149818,6,0.5326505400887893
силы,0.995800542563705,6,0.1600349914344932,11,0.8357655511292118
сильно,0.19998453471660038,11,0.3286722036030279,13,-0.12868766888642752
скажем,0.4614829549551149,12,0.0018658179993678238,9,0.4596171369557471
скажешь,0.16532805686825805,9,0.2792249597213195,30,-0.11389690285306145
скажи,0.2140212027176055,11,0.23022617868379522,30,-0.016204975966189722
скажу,0.5828286193015997,14,0.2123962681497935,28,0.37043235115180617
сказал,0.6745201169196273,13,0.4031094341759244,20,0.27141068274370295
сказанному,0.002438104509526321,5,0.0016591364987991804,5,0.0007789680107271404
сказать,0.6639043506601715,48,0.43329721356128564,14,0.23060713709888586
сказке,0.16786617143574123,5,0.17386463743921504,17,-0.005998466003473812
сквозь,0.3851910016893953,8,0.34590457335991065,8,0.039286428329484646
сколь,0.6438870000226923,8,0.22459000727229134,9,0.41929699275040094
сколько,0.7215802431812811,40,0.6924380202735554,19,0.029142222907725723
скорее,0.6139181628151991,24,0.31935283028148775,14,0.2945653325337113
скоро,0.4996403902497158,8,0.3158868164741061,18,0.1837535737756097
скором,0.9887434678544192,5,0.2183420920136785,8,0.7704013758407408
слава,0.9578078584641567,5,0.7376463672665898,24,0.2201614911975669
славу,0.7559267378669373,8,0.38506581443446786,6,0.37086092343246946
слегка,0.013199326329555002,5,0.04119756833373072,14,-0.02799824200417572
след,0.9999659077904756,5,0.2735223414903097,18,0.7264435663001658
следовательно,0.21017723257279625,5,0.005123007258917714,7,0.20505422531387854
следует,0.2907677855094684,13,0.07488264183624121,10,0.2158851436732272
слез,0.5229882740787978,8,0.1036887748447665,16,0.41929949923403126
слишком,0.7236930463235993,8,0.21586359772657418,13,0.5078294485970252
слов,0.5650452605739452,9,0.4734765662506718,8,0.09156869432327341
слова,0.8316655659667842,37,0.3699229435764608,17,0.4617426223903234
словами,0.9994983467190997,7,0.7187563052540082,8,0.2807420414650914
словах,0.9011706045966064,8,0.25170340145962766,13,0.6494672031369787
слове,0.998065971017311,8,0.5781257768528054,12,0.41994019416450556
словно,0.32782200535666045,5,0.09197787977812201,7,0.23584412557853845
слово,0.8609054425753373,27,0.4043486580661535,17,0.4565567845091838
словом,0.8313827103515915,11,0.14406721990770643,8,0.6873154904438851
слову,0.9410860528614323,7,0.516239312283727,9,0.42484674057770533
сломить,0.051435150686224604,5,0.06891039996477712,7,-0.017475249278552513
слухи,0.9777386755739675,5,0.21899824897518885,14,0.7587404265987787
случай,0.774728061462412,12,0.3756491612762997,26,0.3990789001861123
случая,0.9930555215700096,5,0.09500989951086303,15,0.8980456220591466
случись,0.1780008880547946,5,0.20517711493596813,9,-0.02717622688117352
слыхом,0.47301782255937963,5,0.3896373433177283,7,0.08338047924165132
слышать,0.867410558880518,5,0.3963776996335303,15,0.4710328592469877
слышь,0.0012358335761572,5,0.003555159479280038,31,-0.002319325903122838
смерти,0.5576152289691453,10,0.49769862293878386,14,0.05991660603036142
смеха,0.22371145608208984,6,0.1255451242542706,19,0.09816633182781923
смешного,0.2538719829477387,9,0.09392054158464906,21,0.15995144136308964
смотреть,0.5553505166992174,9,0.17938403642849665,21,0.37596648027072077
смотрю,0.3223540660544502,6,0.10893699069375024,22,0.21341707536069998
смотря,0.08833567385587421,5,0.3603142173821797,20,-0.2719785435263055
смысл,0.9204607837306427,10,0.36931138219595333,11,0.5511494015346894
снаружи,0.20146062112930402,5,0.17004139545417724,20,0.03141922567512678
снова,0.8413457514030958,12,0.08451934378446693,26,0.7568264076186288
со,0.9694859635957767,71,0.8198070344929675,9,0.1496789291028091
собаку,0.9768583924295079,5,0.09799614789051818,15,0.8788622445389898
собой,0.7102249135860793,29,0.9275126598689756,9,-0.21728774628289627
собственной,0.9723368445502196,5,0.20735864052854172,7,0.7649782040216779
собственности,0.30835126132975865,5,0.5406377517075686,6,-0.2322864903778099
собственность,0.5840348185543668,5,0.16488372050618255,16,0.41915109804818423
совершенно,0.1396010301543314,5,0.134727152390191,14,0.0048738777641403885
совести,0.6646070279417299,12,0.43242042542391834,17,0.23218660251781154
совсем,0.4938062522318383,28,0.24363823433598666,18,0.25016801789585164
создан,0.5313843156812113,5,0.1691279274440109,8,0.36225638823720036
сознания,0.7476594821565634,5,0.17825481980725552,8,0.5694046623493079
сойти,0.8690262154031864,14,0.7167023173738928,21,0.15232389802929358
соки,0.4487831857060419,5,0.06564454066642401,7,0.3831386450396179
соку,0.3679472725907944,5,0.4050064648941287,14,-0.03705919230333432
сомневаться,0.7511916468948809,5,0.3326066464934491,18,0.4185850004014318
сомнения,0.7301602613175525,10,0.2824027760728161,15,0.4477574852447364
составит,0.7709650517770903,5,0.15626910377791417,7,0.6146959479991762
состоянии,0.7363774682679785,7,0.7049816658580366,7,0.031395802409941886
спасибо,0.5941573622077665,18,0.4256406257416375,34,0.16851673646612897
сплошь,0.8171018006290849,5,0.007688173085907388,12,0.8094136275431775
спорадически,0.0001421218499278244,5,5.566292925280956e-06,7,0.00013655555700254344
способен,0.4940441428236596,5,0.035744687517789,8,0.4582994553058706
спроса,0.11638962300645099,5,0.39512128672512925,13,-0.27873166371867825
сразу,0.6875305906063192,12,0.2366384547819535,14,0.45089213582436566
среди,0.31080850960914697,13,0.3774443677780189,7,-0.06663585816887191
сродни,0.5614811496160257,5,0.32393824971766516,14,0.23754289989836053
срок,0.3969229829364367,8,0.4499558227612112,22,-0.053032839824774525
ставить,0.9182688795534762,6,0.3099052778967034,13,0.6083636016567728
стадо,0.982760245509762,5,0.2846512690090822,13,0.6981089765006798
стал,0.7997666494569358,9,0.3288304387375662,11,0.4709362107193696
стало,0.8267982126307605,10,0.34750936911238567,11,0.4792888435183748
стати,0.9707378418406598,5,0.5413741106509409,20,0.42936373118971893
статьям,0.5199673357922961,6,0.6108889237292346,7,-0.0909215879369385
стенах,0.7241286955910781,7,0.3602724443332397,12,0.3638562512578384
стеной,0.26320870354271164,5,0.34216805950184104,12,-0.0789593559591294
степени,0.4453077475389377,20,0.7532970323286527,9,-0.30798928478971505
сто,0.5413083432027724,30,0.022421367508345075,13,0.5188869756944273
стоило,0.5492510876337406,7,0.2575916044917766,15,0.29165948314196405
стоит,0.5746712179252913,49,0.38483689691599005,15,0.18983432100930125
столом,0.790472565884069,5,0.22243827900343394,13,0.5680342868806351
столько,0.6831272209244255,10,0.3013851403554546,9,0.38174208056897085
стопроцентно,0.0035049867179261737,5,0.0001227767221850756,9,0.0033822099957410983
стороне,0.661928163299912,11,0.5249343068503562,5,0.13699385644955575
сторону,0.889686668170008,8,0.5407549075967706,7,0.3489317605732374
стороны,0.9745322575818532,24,0.8040253570024487,11,0.17050690057940454
страхом,0.4996533582837682,5,0.22671907724003776,11,0.27293428104373046
страшно,0.014530710902252506,7,0.04832645773601295,19,-0.033795746833760444
строго,0.35369382132540006,5,0.12041925479301417,11,0.23327456653238587
стыдно,0.5657153993920531,18,0.09561938785879977,30,0.4700960115332533
судить,0.5359557731007689,5,0.26770256181839963,15,0.2682532112823693
суть,0.04834206201090272,7,0.2919282059431717,16,-0.243586143932269
схвачено,0.0433749677512816,5,0.0015152296449464039,16,0.0418597381063352
счастье,0.5430548848933402,6,0.20968585919260407,20,0.3333690257007361
счет,0.2230305749785828,10,0.4362061801847606,7,-0.2131756052061778
счета,0.41152449328508395,14,0.40851975551609837,15,0.003004737768985577
счетом,0.5171421879113629,8,0.3354491769963442,7,0.18169301091501872
счету,0.593153463971634,5,0.3607364587806364,10,0.23241700519099762
считанные,0.455838800256379,5,0.44912373021763824,12,0.006715070038740778
считать,0.9908334960542436,5,0.334859972101242,11,0.6559735239530016
съел,0.9167080769904474,5,0.08150742763857415,14,0.8352006493518733
сюда,0.4646321359289975,6,0.18620657514155675,15,0.27842556078744074
так,0.7046810097552081,329,0.5382237707196798,13,0.16645723903552834
так-то,0.03384283158014125,8,0.020188499471481953,25,0.013654332108659299
такая,0.4601986029749892,16,0.38589961266240386,19,0.07429899031258536
также,0.50129070743683,11,0.06186219278137334,14,0.4394285146554567
такие,0.4338466238829659,13,0.48281093155467064,23,-0.04896430767170473
таким,0.784031787769426,17,0.31333297175727504,5,0.4706988160121509
такое,0.7238532224324185,8,0.4025823015607324,17,0.32127092087168607
такой,0.6155337625256824,41,0.45349430761681636,11,0.162039454908866
там,0.6721132252730128,47,0.2353553646614212,19,0.43675786061159155
тебе,0.39920915138804236,10,0.1925497861911375,25,0.20665936519690487
текстом,0.9969187479153571,6,0.4290362712721275,8,0.5678824766432296
телят,0.31122458547681103,5,0.004619117541124668,8,0.3066054679356864
тем,0.8563400666120078,53,0.6255420565816875,6,0.2307980100303203
теме,0.0727871113304416,10,0.1350303089878458,14,-0.06224319765740419
темна,0.7691168424848174,10,0.015084167570481305,20,0.7540326749143361
тему,0.44703101482703733,14,0.13861668187510007,23,0.30841433295193726
тени,0.3603546748370978,5,0.18452593614919988,13,0.17582873868789795
теперь,0.6840338367631565,5,0.20197065169336986,31,0.4820631850697867
тех,0.7838666491246394,15,0.6217913021782017,6,0.16207534694643777
типа,0.3183561426552612,5,0.04542340487868331,11,0.2729327377765779
то,0.8932558954880621,261,0.8274754189657775,6,0.06578047652228458
то-то,0.0744081244512946,9,0.034372633636964814,30,0.04003549081432979
тогда,0.8892687817835145,10,0.05179191591394836,17,0.8374768658695662
тоже,0.5345092135244971,14,0.1466093121451104,27,0.3878999013793867
той,0.906188442705855,16,0.5136441179251483,5,0.39254432478070667
толк,0.9039654049476741,11,0.5196513816242215,20,0.38431402332345255
толком,0.617729119143084,6,0.16526171884897717,18,0.45246740029410687
толку,0.7982611608951987,5,0.2230027201779354,31,0.5752584407172633
только,0.6500148034450243,178,0.3803555675676958,15,0.2696592358773285
том,0.9783004240786888,51,0.8976372470496564,7,0.08066317702903236
тому,0.9822960613774828,29,0.4766096808704306,11,0.5056863805070522
тонны,0.17152283426763332,5,0.19980019939470284,15,-0.02827736512706952
торца,0.014257350543525601,5,0.0027958297866568006,5,0.011461520756868801
тот,0.9259345125545062,12,0.5410141748032046,7,0.38492033775130163
тотчас,0.0015969593360192762,5,0.0013333468470723576,16,0.00026361248894691863
точка,0.04166203840901,5,0.34359852455490747,21,-0.30193648614589746
точки,0.9988804360630077,5,0.7512592402343655,5,0.24762119582864217
точку,0.6595884479802319,9,0.6057177639346651,18,0.05387068404556672
точно,0.39261831723688045,21,0.21865697422148306,20,0.1739613430153974
тошно,0.3297162294874524,5,0.04787540296503728,30,0.2818408265224151
три,0.9691080403181974,8,0.274170169886626,16,0.6949378704315714
труд,0.8678720940880371,5,0.19706231701085455,11,0.6708097770771826
труда,0.7815015705166921,8,0.43976038387412536,9,0.34174118664256675
трын-трава,1.0835772670998401e-08,5,1.2806779129647766e-09,12,9.555094758033624e-09
туда,0.6543446482423656,18,0.3840633220690292,17,0.2702813261733364
туда-сюда,0.0006014465405015881,7,0.0011339069306810373,8,-0.0005324603901794492
тут,0.5684016039751476,46,0.29735231586851296,25,0.27104928810663464
ты,0.6257580939228489,18,0.38334683921540386,22,0.242411254707445
тысячи,0.0516768060287864,5,0.3239045615140927,10,-0.2722277554853063
тянул,0.810944885580409,7,0.046343546223461304,19,0.7646013393569477
у,0.9138467931810316,277,0.6587083432800065,9,0.2551384499010251
убить,0.2061691624037008,5,0.22779025135448103,25,-0.021621088950780215
увы,0.11890350072868361,5,0.042430788569390386,13,0.07647271215929322
угла,0.9960466380772617,8,0.2919529379440788,17,0.7040937001331828
углом,0.7840039531012942,6,0.2751875396537965,20,0.5088164134474977
угодно,0.6704888450930571,29,0.5885599537599508,15,0.08192889133310621
угол,0.9988525740171681,5,0.405334296017178,8,0.5935182779999901
удалось,0.7731863804984483,6,0.425807601447813,11,0.34737877905063536
уж,0.6507505247543054,90,0.3394323830081683,30,0.3113181417461371
ужасно,0.00559713859094375,8,0.01662954164601462,29,-0.011032403055070871
уже,0.6900582043567234,27,0.3327273741528795,24,0.3573308302038439
уйма,0.10975265020598102,5,0.08939633016411479,14,0.02035632004186623
укор,0.0381981627854554,5,0.01576289450165829,13,0.022435268283797112
ума,0.9843307860325398,18,0.7150368079622307,22,0.2692939780703091
уме,0.6114191621213242,13,0.3533991371288428,9,0.2580200249924814
умеет,0.27829542166791943,5,0.2571545515887634,12,0.02114087007915605
умираю,3.593490634038519e-05,5,0.017712768808793737,32,-0.01767683390245335
уму,0.13807370808008268,6,0.3759199718430093,12,-0.2378462637629266
умудрился,0.10434542233239788,5,0.1587255875070795,7,-0.05438016517468161
упомнишь,0.2357900858435614,5,0.0861771274120525,25,0.1496129584315089
урывками,0.00017901449157170792,5,3.453370925715344e-05,13,0.00014448078231455447
условиям,0.5602993786604619,5,0.6293610787286893,7,-0.06906170006822743
услугами,0.9232808669717247,5,0.567823342060618,5,0.3554575249111067
успехом,0.9973740614585784,5,0.8869500361988082,8,0.11042402525977024
утра,0.8357547312594535,8,0.530127840766324,15,0.3056268904931295
ух,0.8136363705548973,5,0.05891730079082931,31,0.754719069764068
учета,0.32503016479288205,5,0.04712170213032496,12,0.2779084626625571
уши,0.37069840225379735,9,0.23241914000043323,21,0.13827926225336412
факт,0.21001151566392404,5,0.388380314870479,10,-0.178368799206555
фонтан,0.027410811144112802,5,0.022821489588110026,16,0.0045893215560027754
фронтам,0.6587785437257907,5,0.010652888479254819,10,0.6481256552465359
фу,0.0163427715937072,5,0.009497744811645472,30,0.0068450267820617285
характер,0.9467278629658603,5,0.49805311801837504,9,0.44867474494748527
хватает,0.5156968187956961,7,0.46976377933379465,17,0.045933039461901415
хватало,0.5011971639556755,11,0.26912792376855704,19,0.23206924018711844
хватило,0.5012624316034321,10,0.3148973474101267,25,0.18636508419330539
хватит,0.5480551492977812,26,0.2465840343559253,37,0.3014711149418559
хвост,0.9663154806624273,5,0.2322921299535811,10,0.7340233507088463
хвосте,0.16392304957746262,5,0.20311950578287788,15,-0.03919645620541526
хвостиком,0.0940387726232456,5,0.11052181504832097,12,-0.016483042425075367
хлоп,0.015648874754017883,5,0.0761783898501773,30,-0.06052951509615942
ходить,0.9539792305088389,6,0.23361473186847997,25,0.720364498640359
ходом,0.7663401233393298,6,0.7905039818110593,10,-0.024163858471729527
ходу,0.5416492478928157,24,0.030616300515107803,5,0.5110329473777079
ходят,0.5382883985104209,8,0.26088454451918247,23,0.2774038539912384
хором,0.12749339106160706,5,0.2424378345356592,22,-0.11494444347405214
хорош,0.3078497768080443,12,0.10012762631855064,24,0.20772215048949366
хороша,0.6400052425468149,7,0.1655575351727086,23,0.4744477073741063
хорошей,0.9793515930109151,5,0.1608744873837223,17,0.8184771056271929
хороши,0.39098604616952304,5,0.14801834206330844,16,0.2429677041062146
хорошо,0.171831501314742,9,0.22007564416367031,18,-0.048244142848928306
хотел,0.5267692219980714,24,0.1599199384837266,20,0.3668492835143448
хотела,0.30419675730200524,8,0.22407208290049083,16,0.08012467440151441
хотите,0.6582619455273255,7,0.31940931300439085,29,0.3388526325229347
хоть,0.6712423321722665,79,0.3891415304789894,14,0.28210080169327706
хотя,0.7356024557974588,16,0.016772113814113417,12,0.7188303419833454
хочешь,0.7003530233399355,22,0.34767642399895377,28,0.3526765993409818
хочу,0.6402066188664776,16,0.2693048203521515,26,0.3709017985143261
хрен,0.13562985138567857,9,0.07980653201248998,30,0.05582331937318859
христа,0.7543264909366331,6,0.25116995291745925,9,0.5031565380191738
хромает,0.008583360857755944,5,0.023389846139444368,24,-0.014806485281688424
худого,0.00024589192975204324,5,0.06684736795725577,7,-0.06660147602750373
хуже,0.7640447275301138,11,0.18258773992056238,17,0.5814569876095514
целости,0.48162118003908727,5,0.040574110269058924,6,0.44104706977002833
целую,0.5009064294554793,8,0.17864368161523062,19,0.32226274784024866
целых,0.2622029301992837,6,0.1418068977375894,17,0.12039603246169431
цене,0.21469841601803963,5,0.5526339037744268,9,-0.33793548775638715
ценой,0.9591337518595885,11,0.4527002909547435,10,0.506433460904845
центре,0.9778944995974197,5,0.42808007304920026,8,0.5498144265482194
час,0.7160227225541365,31,0.3244512981051322,25,0.3915714244490043
части,0.9817749710131398,5,0.5057738917576575,8,0.4760010792554823
часу,0.8281637286424933,6,0.3054634993651234,20,0.5227002292773699
чего,0.6959747616466765,99,0.360324698901966,18,0.3356500627447105
человек,0.719624936544807,6,0.44144928849111026,9,0.2781756480536967
человека,0.8821190451199394,5,0.23921465858043917,7,0.6429043865395003
чем,0.7343380138944176,84,0.5757579309994701,17,0.1585800828949474
чем-то,0.0999055818256462,8,0.24121445137028336,16,-0.14130886954463717
чему,0.9244296131532381,25,0.5646361820027004,8,0.35979343115053775
через,0.7446002647540289,46,0.7347567592782135,12,0.009843505475815362
черт,0.4051810363471001,42,0.38052410564716266,26,0.024656930699937463
черта,0.4931662581857898,20,0.18914591402071823,19,0.30402034416507157
чертовски,0.0164322648395482,5,0.011104968478814993,21,0.005327296360733208
чертом,0.065820926288413,5,0.03751462437093421,16,0.028306301917478793
черту,0.5413066584156484,34,0.3318370012115115,7,0.2094696572041369
чести,0.6280227390616601,21,0.3496700128475072,12,0.27835272621415286
честно,0.8761734015560677,5,0.21509358346605575,18,0.6610798180900119
честное,0.8229263091233937,5,0.16582104009163173,13,0.657105269031762
честном,0.9574445477714274,8,0.33489523286149164,8,0.6225493149099357
честь,0.9129034017480582,14,0.31700432219383956,21,0.5958990795542186
чета,0.5323280484125931,8,0.03869379433275094,8,0.4936342540798421
чешет,0.00020846661322545244,5,0.126234447582421,19,-0.12602598096919554
числа,0.7612672385386821,5,0.183282933793344,9,0.577984304745338
числился,0.06483878242883837,8,0.009622899826044116,9,0.05521588260279425
числом,0.8425523598136373,5,0.21667630365247978,5,0.6258760561611575
числу,0.38305477187188386,5,0.4032216927813474,9,-0.020166920909463537
что,0.8477188291433599,851,0.6810555956786761,11,0.1666632334646838
что-то,0.21297710694874594,13,0.16569388861460502,18,0.047283218334140925
чтоб,0.7506044475473039,9,0.11711081915415393,24,0.63349362839315
чтобы,0.8279637180742806,193,0.6574538291278322,10,0.17050988894644836
чудом,0.2743525756611606,5,0.19580060709429956,14,0.07855196856686106
чур,0.27011431196550184,5,0.051024458502211024,31,0.21908985346329082
чуть,0.49779607542287646,30,0.3370703861912891,14,0.16072568923158737
шаг,0.8564699194190803,5,0.5406732490748181,8,0.3157966703442623
шагу,0.5594714652324869,10,0.24750822470904307,14,0.3119632405234438
шансы,0.7970697676975476,5,0.4174142491929019,14,0.3796555185046457
шатко,0.9968858986645392,5,0.032404816319637555,15,0.9644810823449017
широкую,0.816990102011506,6,0.1391785643502147,9,0.6778115376612913
шли,0.0449614918478212,5,0.08199555535707367,10,-0.03703406350925247
штык,0.004101209255218842,5,0.011017221730426836,21,-0.006916012475207994
шумок,0.07395615827184221,5,0.0040538028811853265,8,0.06990235539065688
шутка,0.059395808891033165,6,0.057701051819134035,24,0.0016947570718991306
шутку,0.71216597429349,8,0.21223111246631654,12,0.4999348618271735
эпизодически,5.8684851065937555e-05,5,0.01642324778041402,10,-0.016364562929348084
эти,0.6844251207402406,7,0.35370860642705565,12,0.330716514313185
этим,0.9339081415003324,5,0.48801880838301104,12,0.4458893331173214
это,0.6759369455902648,161,0.5304582686014931,21,0.1454786769887717
этого,0.6610929470926703,8,0.45822814373238496,15,0.20286480336028534
этом,0.7985089724369647,5,0.6212730495246318,20,0.17723592291233292
этот,0.5787733070272313,11,0.5108111477073161,19,0.06796215931991523
эх,0.26576612743295963,5,0.2272969942355735,31,0.038469133197386124
я,0.8680989181274624,38,0.5599357663133311,20,0.30816315181413134
язык,0.9512771439243801,8,0.4360012842688981,12,0.5152758596554821
ясен,0.40506758336990806,5,0.11163593206166884,23,0.2934316513082392
ясно,0.46882561235278714,8,0.24801729358460348,11,0.22080831876818366
ясное,0.09271562196028701,5,0.025760215668285794,17,0.06695540629200122
