scored,whitespace_words,targets
False,1,12
False,3,1
False,4,2
False,5,14
False,6,33
False,7,132
False,8,335
False,9,831
False,10,1601
False,11,2644
False,12,4076
False,13,5184
False,14,5849
False,15,5964
False,16,5721
False,17,5521
False,18,5440
False,19,5290
False,20,4783
False,21,4420
False,22,4286
False,23,3994
False,24,3615
False,25,3398
False,26,3222
False,27,2956
False,28,2657
False,29,2447
False,30,2218
False,31,2031
False,32,1995
False,33,1842
False,34,1616
False,35,1539
False,36,1375
False,37,1309
False,38,1196
False,39,1094
False,40,1039
False,41,887
False,42,747
False,43,755
False,44,666
False,45,660
False,46,656
False,47,618
False,48,531
False,49,526
False,50,424
False,51,387
False,52,353
False,53,320
False,54,340
False,55,354
False,56,282
False,57,233
False,58,207
False,59,200
False,60,202
False,61,201
False,62,161
False,63,173
False,64,169
False,65,150
False,66,151
False,67,175
False,68,97
False,69,116
False,70,112
False,71,91
False,72,82
False,73,81
False,74,87
False,75,61
False,76,75
False,77,73
False,78,57
False,79,64
False,80,54
False,81,41
False,82,42
False,83,39
False,84,65
False,85,58
False,86,44
False,87,39
False,88,30
False,89,35
False,90,17
False,91,45
False,92,54
False,93,28
False,94,24
False,95,35
False,96,29
False,97,16
False,98,29
False,99,40
False,100,26
False,101,20
False,102,16
False,103,18
False,104,10
False,105,24
False,106,25
False,107,19
False,108,8
False,109,23
False,110,12
False,111,19
False,112,15
False,113,15
False,114,19
False,115,18
False,116,20
False,117,26
False,118,11
False,119,19
False,120,8
False,121,16
False,122,7
False,123,16
False,124,3
False,125,9
False,126,6
False,127,5
False,128,7
False,129,5
False,130,13
False,131,12
False,132,1
False,133,7
False,134,4
False,135,5
False,136,11
False,137,6
False,138,5
False,139,15
False,140,2
False,141,3
False,142,3
False,143,10
False,144,6
False,145,10
False,146,5
False,147,2
False,148,5
False,149,1
False,150,2
False,152,3
False,153,5
False,154,8
False,155,2
False,156,5
False,157,16
False,158,4
False,159,14
False,160,5
False,161,8
False,162,2
False,163,7
False,164,1
False,165,1
False,166,5
False,167,2
False,168,1
False,169,3
False,170,5
False,171,3
False,173,2
False,174,3
False,175,6
False,176,1
False,177,2
False,179,3
False,180,1
False,181,1
False,182,5
False,183,1
False,184,1
False,185,2
False,186,1
False,187,3
False,188,1
False,189,4
False,191,6
False,192,2
False,194,3
False,196,2
False,198,1
False,199,4
False,200,3
False,202,1
False,205,3
False,206,2
False,207,2
False,209,1
False,210,1
False,212,1
False,213,3
False,216,3
False,218,1
False,220,2
False,221,2
False,223,3
False,224,2
False,225,3
False,228,1
False,231,2
False,233,1
False,239,1
False,240,1
False,242,3
False,246,1
False,247,3
False,254,1
False,257,1
False,260,1
False,264,2
False,265,4
False,268,1
False,270,1
False,271,1
False,274,1
False,275,1
False,276,1
False,279,2
False,283,3
False,292,1
False,301,2
False,307,1
False,313,2
False,319,1
False,321,1
False,323,1
False,328,1
False,333,1
False,334,3
False,336,1
False,352,1
True,1,398
True,2,1844
True,3,3102
True,4,4305
True,5,5117
True,6,5656
True,7,5794
True,8,6003
True,9,5685
True,10,5033
True,11,3858
True,12,2419
True,13,1186
True,14,484
True,15,97
True,16,11
