form,eligible,scored,remaining,complete
абсолютно,50,18,32,False
абсолютного,50,6,44,False
абсолютной,50,12,38,False
абсолютный,50,16,34,False
абсолютным,50,6,44,False
абсурда,50,13,37,False
абы,50,16,34,False
авансом,50,9,41,False
авось,50,24,26,False
адресу,50,12,38,False
адская,50,18,32,False
адский,50,13,37,False
адской,50,10,40,False
ажуре,50,19,31,False
аза,50,15,35,False
ай,50,35,15,False
ан,50,12,38,False
апельсинах,50,6,44,False
априори,50,8,42,False
арсенал,50,15,35,False
африке,50,20,30,False
ах,50,28,22,False
б,50,10,40,False
бабушке,50,24,26,False
базаре,50,16,34,False
балды,50,24,26,False
баран,50,18,32,False
баранов,50,13,37,False
барского,50,8,42,False
батарея,50,21,29,False
батареями,50,5,45,False
бдительным,50,14,36,False
бе,50,9,41,False
беда,50,35,15,False
бедных,50,13,37,False
беду,50,18,32,False
без,50,16,34,False
безгранично,50,17,33,False
безграничный,50,8,42,False
бездна,50,18,32,False
безмерно,50,11,39,False
безо,50,14,36,False
безобразия,50,14,36,False
безудержное,50,14,36,False
бела,50,12,38,False
белы,50,12,38,False
белый,50,15,35,False
берет,50,12,38,False
берите,50,29,21,False
берущие,50,4,46,False
берущий,50,9,41,False
бесконечно,50,16,34,False
бесконечное,50,13,37,False
беспредельно,50,18,32,False
беспредельные,50,14,36,False
бесятся,50,27,23,False
бешусь,50,20,30,False
битком,50,16,34,False
благоволите,50,16,34,False
благодарим,50,23,27,False
благодарю,50,32,18,False
благодаря,50,5,45,False
блаженном,50,8,42,False
блеске,50,8,42,False
близка,50,17,33,False
близки,50,14,36,False
близко,50,15,35,False
близок,50,16,34,False
бог,50,24,26,False
бога,50,14,36,False
богом,50,14,36,False
боже,50,30,20,False
божий,50,12,38,False
божьей,50,5,45,False
боится,50,23,27,False
бок,50,14,36,False
бокам,50,10,40,False
боком,50,17,33,False
боку,50,14,36,False
более,50,13,37,False
болеем,50,23,27,False
болеет,50,18,32,False
болеешь,50,37,13,False
болел,50,20,30,False
болела,50,24,26,False
боли,50,16,34,False
болит,50,32,18,False
больно,50,22,28,False
больше,50,19,31,False
большей,50,6,44,False
большие,50,13,37,False
большим,50,9,41,False
большого,50,12,38,False
большое,50,13,37,False
большой,50,8,42,False
большому,50,7,43,False
борт,50,13,37,False
боюсь,50,43,7,False
боя,50,12,38,False
боялась,50,24,26,False
боялись,50,19,31,False
боялся,50,23,27,False
боятся,50,23,27,False
брал,50,22,28,False
брат,50,19,31,False
брать,50,16,34,False
браться,50,18,32,False
бросил,50,15,35,False
бросила,50,20,30,False
бросилась,50,23,27,False
бросились,50,15,35,False
бросился,50,23,27,False
брось,50,39,11,False
бросьте,50,35,15,False
будем,50,21,29,False
будет,50,25,25,False
будешь,50,33,17,False
буду,50,27,23,False
будучи,50,6,44,False
будущем,50,9,41,False
будьте,50,24,26,False
буква,50,19,31,False
буквы,50,15,35,False
букет,50,13,37,False
букете,50,10,40,False
бум-бум,50,27,23,False
бурлит,50,17,33,False
бухты-барахты,50,15,35,False
бывает,50,20,30,False
бывало,50,22,28,False
был,50,14,36,False
была,50,18,32,False
были,50,13,37,False
было,50,17,33,False
быстро,50,19,31,False
быть,50,12,38,False
бьюсь,50,16,34,False
в,50,19,31,False
вагон,50,18,32,False
вагоном,50,15,35,False
важности,50,12,38,False
валится,50,15,35,False
валялся,50,18,32,False
вам,50,24,26,False
вариант,50,10,40,False
варила,50,14,36,False
варит,50,27,23,False
ваше,50,23,27,False
вверх,50,13,37,False
ввиду,50,6,44,False
вдвоем,50,22,28,False
вдвойне,50,18,32,False
вдобавок,50,8,42,False
вдогонку,50,27,23,False
вдоль,50,6,44,False
ведем,50,11,39,False
ведет,50,17,33,False
ведете,50,26,24,False
ведь,50,25,25,False
везет,50,32,18,False
век,50,16,34,False
века,50,13,37,False
веками,50,9,41,False
веки,50,17,33,False
веков,50,11,39,False
вел,50,16,34,False
велел,50,21,29,False
велели,50,31,19,False
великое,50,23,27,False
величиной,50,11,39,False
верится,50,26,24,False
вернее,50,16,34,False
верно,50,17,33,False
верной,50,11,39,False
вероятно,50,7,43,False
вероятности,50,10,40,False
верти,50,20,30,False
вертит,50,11,39,False
вертят,50,11,39,False
верх,50,8,42,False
вес,50,19,31,False
весом,50,7,43,False
вести,50,8,42,False
весть,50,17,33,False
весь,50,18,32,False
ветром,50,14,36,False
вечер,50,17,33,False
вечера,50,13,37,False
вечно,50,20,30,False
вечность,50,15,35,False
вечные,50,16,34,False
вещей,50,16,34,False
вещь,50,22,28,False
взад,50,17,33,False
взводе,50,22,28,False
взгляда,50,15,35,False
вздумай,50,37,13,False
вздумайте,50,29,21,False
взяла,50,19,31,False
взяли,50,15,35,False
взялись,50,20,30,False
взяло,50,18,32,False
взялся,50,22,28,False
взята,50,8,42,False
взяться,50,17,33,False
вид,50,17,33,False
видано,50,26,24,False
видел,50,13,37,False
видели,50,21,29,False
видимо,50,15,35,False
видимо-невидимо,50,19,31,False
видимости,50,8,42,False
видит,50,12,38,False
видите,50,32,18,False
видишь,50,24,26,False
виднее,50,30,20,False
видно,50,17,33,False
виды,50,10,40,False
видывал,50,20,30,False
видят,50,19,31,False
вижу,50,25,25,False
виноват,50,22,28,False
виновата,50,24,26,False
виноваты,50,23,27,False
виной,50,17,33,False
висел,50,24,26,False
висела,50,14,36,False
висели,50,14,36,False
висело,50,15,35,False
висит,50,17,33,False
вишь,50,23,27,False
включает,50,7,43,False
включающий,50,1,49,False
включая,50,4,46,False
вкус,50,12,38,False
вкусом,50,5,45,False
власти,50,19,31,False
влезет,50,17,33,False
влитой,50,15,35,False
вместо,50,10,40,False
вне,50,12,38,False
внезапно,50,16,34,False
вниз,50,20,30,False
внимания,50,8,42,False
внутри,50,6,44,False
внутрь,50,10,40,False
во,50,16,34,False
вовремя,50,18,32,False
вода,50,12,38,False
воды,50,14,36,False
воз,50,15,35,False
воздух,50,13,37,False
воздухе,50,16,34,False
возможности,50,7,43,False
возражает,50,17,33,False
возражаете,50,31,19,False
возражаешь,50,34,16,False
возьмем,50,28,22,False
возьмется,50,10,40,False
возьмешь,50,33,17,False
возьми,50,39,11,False
возьмите,50,27,23,False
возьму,50,40,10,False
возьмут,50,19,31,False
вокруг,50,16,34,False
воле,50,13,37,False
волей,50,8,42,False
волей-неволей,50,6,44,False
волен,50,19,31,False
волна,50,17,33,False
волну,50,17,33,False
волны,50,9,41,False
волоске,50,23,27,False
волосы,50,14,36,False
вольные,50,11,39,False
вольных,50,5,45,False
волю,50,14,36,False
воля,50,14,36,False
вон,50,25,25,False
вообще,50,26,24,False
вопреки,50,11,39,False
вопрос,50,16,34,False
вопросов,50,9,41,False
вопросом,50,9,41,False
ворота,50,10,40,False
воротил,50,4,46,False
воротит,50,25,25,False
воротить,50,22,28,False
воротишь,50,29,21,False
ворох,50,8,42,False
вороха,50,8,42,False
воспрещается,50,12,38,False
востоке,50,7,43,False
вот,50,29,21,False
вот-вот,50,15,35,False
вошедший,50,17,33,False
вошли,50,14,36,False
впадает,50,14,36,False
вперед,50,11,39,False
впечатление,50,13,37,False
вполне,50,13,37,False
впоследствии,50,5,45,False
вправду,50,24,26,False
вправе,50,9,41,False
впредь,50,12,38,False
впрочем,50,19,31,False
впрямь,50,18,32,False
впустую,50,12,38,False
врагу,50,14,36,False
вращалась,50,15,35,False
вращался,50,7,43,False
вращаться,50,7,43,False
вращаясь,50,4,46,False
вред,50,8,42,False
вреда,50,11,39,False
времен,50,12,38,False
времена,50,13,37,False
временами,50,17,33,False
времени,50,10,40,False
время,50,13,37,False
вроде,50,18,32,False
всего,50,15,35,False
всего-навсего,50,12,38,False
всей,50,8,42,False
всем,50,20,30,False
всеми,50,5,45,False
всему,50,11,39,False
всех,50,15,35,False
вследствие,50,2,48,False
всплеснул,50,30,20,False
всплеснула,50,25,25,False
встал,50,23,27,False
встанешь,50,21,29,False
встань,50,27,23,False
встаньте,50,31,19,False
встать,50,24,26,False
вся,50,18,32,False
всякие,50,24,26,False
всякий,50,17,33,False
всякими,50,6,44,False
всякой,50,17,33,False
всячески,50,5,45,False
втоптал,50,9,41,False
вторая,50,20,30,False
второго,50,10,40,False
второй,50,16,34,False
вторых,50,13,37,False
втройне,50,13,37,False
вчетвером,50,16,34,False
вы,50,30,20,False
выбор,50,13,37,False
выброс,50,13,37,False
выгодном,50,9,41,False
выдавал,50,20,30,False
выдавать,50,16,34,False
выдавая,50,2,48,False
выдает,50,12,38,False
вызвала,50,19,31,False
вызвали,50,19,31,False
вызваны,50,7,43,False
вылитая,50,18,32,False
вылитый,50,18,32,False
вынос,50,18,32,False
выноси,50,24,26,False
выносит,50,14,36,False
выносят,50,23,27,False
вынудил,50,11,39,False
вынудит,50,6,44,False
выпавший,50,6,44,False
выпал,50,21,29,False
выпала,50,19,31,False
выпустив,50,5,45,False
выпустил,50,13,37,False
выпустили,50,15,35,False
выпустит,50,19,31,False
выражению,50,3,47,False
выражения,50,10,40,False
высоко,50,8,42,False
высокого,50,8,42,False
высокой,50,4,46,False
высоте,50,11,39,False
высотой,50,12,38,False
высоту,50,12,38,False
выставила,50,11,39,False
выставлять,50,16,34,False
выставляют,50,10,40,False
высшей,50,12,38,False
выходит,50,15,35,False
выше,50,12,38,False
выяснилось,50,12,38,False
галереи,50,5,45,False
галерея,50,12,38,False
галопом,50,21,29,False
галочки,50,15,35,False
гарантий,50,18,32,False
где,50,14,36,False
где-то,50,15,35,False
главный,50,6,44,False
главным,50,8,42,False
главу,50,12,38,False
глаз,50,15,35,False
глаза,50,25,25,False
глазами,50,11,39,False
глазки,50,13,37,False
глазком,50,14,36,False
глазок,50,16,34,False
глазом,50,15,35,False
глазу,50,4,46,False
глубине,50,9,41,False
глубиной,50,6,44,False
глубины,50,10,40,False
глубокая,50,21,29,False
глубокий,50,11,39,False
глубокого,50,9,41,False
глубокой,50,8,42,False
гляди,50,32,18,False
глядишь,50,19,31,False
глядя,50,8,42,False
глядят,50,13,37,False
гнула,50,20,30,False
гнуть,50,21,29,False
говори,50,34,16,False
говорил,50,13,37,False
говорила,50,20,30,False
говорили,50,18,32,False
говорит,50,9,41,False
говорите,50,30,20,False
говорить,50,16,34,False
говоришь,50,35,15,False
говорю,50,26,24,False
говорят,50,21,29,False
год,50,9,41,False
годам,50,15,35,False
годами,50,15,35,False
годилась,50,19,31,False
годилось,50,13,37,False
году,50,10,40,False
годы,50,9,41,False
голова,50,17,33,False
головой,50,16,34,False
голову,50,17,33,False
головы,50,14,36,False
голодном,50,8,42,False
голодный,50,13,37,False
голой,50,10,40,False
голом,50,10,40,False
голос,50,18,32,False
голосе,50,19,31,False
голубом,50,10,40,False
голую,50,10,40,False
голые,50,12,38,False
голыми,50,14,36,False
гонял,50,15,35,False
гора,50,17,33,False
гораздо,50,18,32,False
горами,50,20,30,False
горбом,50,19,31,False
горе,50,18,32,False
горем,50,11,39,False
гори,50,24,26,False
горите,50,31,19,False
горле,50,19,31,False
горло,50,14,36,False
город,50,11,39,False
городом,50,16,34,False
городу,50,5,45,False
горох,50,17,33,False
горстка,50,13,37,False
горстки,50,5,45,False
горстку,50,7,43,False
горячим,50,10,40,False
господи,50,32,18,False
господь,50,12,38,False
гостях,50,15,35,False
готов,50,26,24,False
готова,50,15,35,False
готовности,50,9,41,False
готовность,50,10,40,False
готовностью,50,15,35,False
готово,50,24,26,False
готовы,50,15,35,False
град,50,12,38,False
градусов,50,18,32,False
грамм,50,14,36,False
грамма,50,13,37,False
границы,50,9,41,False
гребут,50,18,32,False
греет,50,16,34,False
грела,50,15,35,False
грех,50,23,27,False
греха,50,18,32,False
грехом,50,9,41,False
греют,50,19,31,False
гроб,50,16,34,False
грубо,50,14,36,False
груда,50,12,38,False
груди,50,13,37,False
грудой,50,12,38,False
груду,50,14,36,False
грудь,50,16,34,False
груз,50,10,40,False
грузом,50,14,36,False
грязи,50,11,39,False
грязь,50,13,37,False
гуся,50,20,30,False
дабы,50,3,47,False
давай,50,39,11,False
давался,50,23,27,False
даваться,50,14,36,False
давил,50,17,33,False
давлением,50,11,39,False
давних,50,9,41,False
давно,50,13,37,False
давным-давно,50,14,36,False
давят,50,23,27,False
дадим,50,29,21,False
дадите,50,36,14,False
дадут,50,22,28,False
дается,50,12,38,False
даже,50,15,35,False
дай,50,35,15,False
дайте,50,33,17,False
дал,50,5,45,False
дала,50,14,36,False
далее,50,9,41,False
дали,50,15,35,False
дались,50,22,28,False
далось,50,19,31,False
дался,50,24,26,False
дальнейшем,50,7,43,False
дальних,50,8,42,False
дальше,50,23,27,False
дам,50,24,26,False
данный,50,10,40,False
даром,50,19,31,False
даст,50,15,35,False
дать,50,12,38,False
дашь,50,32,18,False
даю,50,26,24,False
два,50,14,36,False
дважды,50,11,39,False
две,50,12,38,False
двери,50,17,33,False
дверьми,50,12,38,False
дверью,50,18,32,False
дверями,50,6,44,False
двоих,50,20,30,False
дворе,50,21,29,False
двумя,50,8,42,False
двух,50,11,39,False
девался,50,28,22,False
девать,50,25,25,False
деваться,50,30,20,False
дежурный,50,17,33,False
действием,50,8,42,False
действительно,50,17,33,False
дел,50,9,41,False
дела,50,20,30,False
делает,50,12,38,False
делал,50,15,35,False
делали,50,16,34,False
делать,50,26,24,False
делают,50,14,36,False
делится,50,10,40,False
дело,50,20,30,False
делом,50,11,39,False
денег,50,12,38,False
день,50,18,32,False
деньги,50,16,34,False
держа,50,13,37,False
держал,50,16,34,False
держала,50,20,30,False
держали,50,14,36,False
держался,50,23,27,False
держат,50,12,38,False
держать,50,15,35,False
держащиеся,50,7,43,False
держи,50,35,15,False
держит,50,17,33,False
держите,50,31,19,False
держится,50,16,34,False
держу,50,23,27,False
дернул,50,22,28,False
десяти,50,15,35,False
десятка,50,10,40,False
десяток,50,13,37,False
десятых,50,9,41,False
детей,50,10,40,False
детство,50,22,28,False
диаметре,50,10,40,False
диаметром,50,6,44,False
диво,50,31,19,False
дикая,50,12,38,False
дикий,50,16,34,False
диким,50,8,42,False
дико,50,15,35,False
дикое,50,12,38,False
длинным,50,10,40,False
длиной,50,8,42,False
длину,50,8,42,False
для,50,18,32,False
дней,50,17,33,False
днем,50,18,32,False
дни,50,14,36,False
дном,50,8,42,False
дню,50,15,35,False
дня,50,16,34,False
дням,50,6,44,False
до,50,18,32,False
добавить,50,14,36,False
добавление,50,9,41,False
добираться,50,18,32,False
добр,50,18,32,False
добра,50,25,25,False
добрая,50,23,27,False
добро,50,20,30,False
доброго,50,12,38,False
доброй,50,6,44,False
добру,50,17,33,False
добры,50,16,34,False
доведет,50,13,37,False
доверху,50,9,41,False
довершение,50,9,41,False
довольно,50,14,36,False
дождем,50,11,39,False
дождемся,50,29,21,False
дождусь,50,27,23,False
дождь,50,22,28,False
дождя,50,18,32,False
доз,50,9,41,False
дозу,50,13,37,False
дозы,50,11,39,False
доказательство,50,7,43,False
доктор,50,14,36,False
долг,50,25,25,False
долгий,50,18,32,False
долго,50,21,29,False
долгом,50,6,44,False
долгу,50,16,34,False
должен,50,12,38,False
должно,50,17,33,False
доли,50,7,43,False
долю,50,8,42,False
доля,50,15,35,False
дом,50,15,35,False
дома,50,11,39,False
домик,50,16,34,False
дому,50,21,29,False
дополнение,50,8,42,False
допустил,50,19,31,False
дорога,50,15,35,False
дороге,50,16,34,False
дороги,50,10,40,False
дорогого,50,15,35,False
дорогой,50,20,30,False
дороже,50,19,31,False
дорожке,50,10,40,False
достаточно,50,15,35,False
достигает,50,11,39,False
достигал,50,12,38,False
доходит,50,17,33,False
доходят,50,13,37,False
дошло,50,18,32,False
др,50,3,47,False
древних,50,11,39,False
древности,50,7,43,False
друг,50,14,36,False
другая,50,16,34,False
другие,50,5,45,False
другим,50,5,45,False
другими,50,4,46,False
других,50,5,45,False
другого,50,11,39,False
другое,50,18,32,False
другой,50,13,37,False
другом,50,15,35,False
другому,50,12,38,False
дулом,50,16,34,False
думает,50,13,37,False
думаете,50,27,23,False
думаешь,50,25,25,False
думай,50,27,23,False
думайте,50,22,28,False
думал,50,19,31,False
думала,50,19,31,False
думаю,50,24,26,False
думая,50,9,41,False
дураках,50,20,30,False
дурит,50,27,23,False
дурить,50,26,24,False
дурью,50,14,36,False
дух,50,11,39,False
духу,50,8,42,False
душа,50,19,31,False
душевной,50,13,37,False
души,50,14,36,False
душой,50,17,33,False
душу,50,14,36,False
дыбом,50,18,32,False
дым,50,18,32,False
дыхании,50,9,41,False
дыхания,50,12,38,False
дышат,50,17,33,False
дышать,50,14,36,False
его,50,22,28,False
единицы,50,12,38,False
едино,50,16,34,False
единого,50,9,41,False
единой,50,6,44,False
едином,50,9,41,False
единственная,50,11,39,False
единственное,50,15,35,False
ежели,50,16,34,False
ей-богу,50,31,19,False
еле,50,26,24,False
епархия,50,15,35,False
естественным,50,13,37,False
есть,50,20,30,False
ж,50,24,26,False
жалко,50,32,18,False
жаль,50,21,29,False
жанра,50,11,39,False
жару,50,22,28,False
ждал,50,18,32,False
ждала,50,28,22,False
ждем,50,27,23,False
ждет,50,17,33,False
ждешь,50,29,21,False
жду,50,34,16,False
желаем,50,19,31,False
желании,50,8,42,False
желать,50,18,32,False
желаю,50,34,16,False
желудок,50,17,33,False
жестоко,50,23,27,False
живое,50,12,38,False
живут,50,14,36,False
жизни,50,12,38,False
жизнь,50,22,28,False
жилах,50,12,38,False
жиру,50,16,34,False
жить,50,21,29,False
жуткая,50,19,31,False
жутко,50,18,32,False
за,50,22,28,False
заблаговременно,50,7,43,False
забот,50,18,32,False
заботы,50,17,33,False
забралом,50,7,43,False
забыла,50,27,23,False
забыли,50,15,35,False
забытой,50,8,42,False
забытые,50,6,44,False
завались,50,20,30,False
завершение,50,26,24,False
завершилась,50,16,34,False
завершился,50,20,30,False
зависть,50,20,30,False
завороженный,50,18,32,False
завтра,50,22,28,False
загляденье,50,24,26,False
загодя,50,8,42,False
заголовком,50,1,49,False
загорелись,50,28,22,False
задал,50,25,25,False
задаст,50,16,34,False
задатки,50,8,42,False
задворки,50,20,30,False
задней,50,9,41,False
задом,50,12,38,False
задоринки,50,17,33,False
заикаться,50,16,34,False
займет,50,11,39,False
закадычных,50,7,43,False
заказ,50,25,25,False
заката,50,13,37,False
закатил,50,18,32,False
закатила,50,27,23,False
закатит,50,10,40,False
заклад,50,4,46,False
закона,50,5,45,False
законам,50,14,36,False
закону,50,9,41,False
закончилась,50,17,33,False
закоренелые,50,8,42,False
закрытыми,50,15,35,False
закрыть,50,18,32,False
залейся,50,25,25,False
залилась,50,31,19,False
залились,50,21,29,False
залился,50,25,25,False
заметил,50,8,42,False
замечанию,50,1,49,False
замками,50,6,44,False
замком,50,15,35,False
замок,50,19,31,False
занавес,50,19,31,False
занесло,50,23,27,False
занимает,50,16,34,False
занимайся,50,23,27,False
занимайтесь,50,29,21,False
занимать,50,17,33,False
заняла,50,17,33,False
заодно,50,10,40,False
запахом,50,7,43,False
запрещается,50,16,34,False
запрещено,50,16,34,False
заранее,50,10,40,False
зари,50,15,35,False
заставил,50,13,37,False
заставило,50,20,30,False
заставить,50,17,33,False
затем,50,9,41,False
зато,50,22,28,False
захватило,50,15,35,False
захоти,50,16,34,False
захочет,50,16,34,False
зачастую,50,8,42,False
зачем,50,31,19,False
защитой,50,10,40,False
заядлый,50,10,40,False
заядлым,50,13,37,False
звали,50,18,32,False
звать,50,30,20,False
звезды,50,17,33,False
звонка,50,23,27,False
здесь,50,13,37,False
здоров,50,26,24,False
здорово,50,26,24,False
земель,50,11,39,False
земли,50,6,44,False
землю,50,11,39,False
земля,50,17,33,False
зимой,50,14,36,False
зимуют,50,18,32,False
злобу,50,13,37,False
знаем,50,22,28,False
знает,50,14,36,False
знаете,50,28,22,False
знаешь,50,29,21,False
знак,50,24,26,False
знаком,50,19,31,False
знал,50,19,31,False
знала,50,20,30,False
знали,50,20,30,False
знаменем,50,7,43,False
знамя,50,17,33,False
знать,50,22,28,False
значение,50,11,39,False
значения,50,6,44,False
значит,50,27,23,False
значительно,50,13,37,False
знаю,50,26,24,False
знают,50,18,32,False
зовут,50,30,20,False
золота,50,17,33,False
зря,50,25,25,False
зуб,50,18,32,False
зубам,50,20,30,False
и,50,15,35,False
ивановскую,50,13,37,False
играем,50,26,24,False
играет,50,13,37,False
играл,50,16,34,False
играла,50,14,36,False
играли,50,21,29,False
играло,50,14,36,False
играть,50,11,39,False
играют,50,16,34,False
игрушки,50,22,28,False
игры,50,11,39,False
идее,50,7,43,False
идем,50,28,22,False
идет,50,13,37,False
иди,50,36,14,False
идите,50,35,15,False
идти,50,16,34,False
идут,50,13,37,False
иже,50,4,46,False
из-за,50,10,40,False
из-под,50,10,40,False
избави,50,17,33,False
избытке,50,8,42,False
известно,50,10,40,False
известный,50,6,44,False
извини,50,30,20,False
извините,50,28,22,False
извне,50,5,45,False
изволь,50,26,24,False
изнутри,50,14,36,False
изо,50,15,35,False
изредка,50,14,36,False
или,50,20,30,False
имевшиеся,50,2,48,False
имеет,50,10,40,False
имеешь,50,25,25,False
имей,50,21,29,False
имел,50,16,34,False
имела,50,8,42,False
имели,50,6,44,False
имело,50,10,40,False
именем,50,11,39,False
имени,50,9,41,False
именно,50,17,33,False
иметь,50,4,46,False
имею,50,24,26,False
имеют,50,7,43,False
имеющиеся,50,7,43,False
имеющий,50,6,44,False
имея,50,8,42,False
имя,50,18,32,False
иначе,50,15,35,False
иногда,50,13,37,False
иное,50,9,41,False
иной,50,4,46,False
интереса,50,19,31,False
иным,50,8,42,False
иными,50,8,42,False
искать,50,15,35,False
исключая,50,4,46,False
исключения,50,12,38,False
исключительно,50,15,35,False
итак,50,31,19,False
их,50,16,34,False
ишь,50,34,16,False
йоты,50,13,37,False
к,50,16,34,False
каблук,50,15,35,False
каблуком,50,8,42,False
кадр,50,16,34,False
каждого,50,14,36,False
каждом,50,9,41,False
каждому,50,15,35,False
каждую,50,12,38,False
каждый,50,14,36,False
кажется,50,20,30,False
казалось,50,18,32,False
как-никак,50,18,32,False
как-то,50,16,34,False
какая,50,31,19,False
какие,50,25,25,False
каким,50,12,38,False
каким-нибудь,50,8,42,False
какими,50,9,41,False
каких,50,17,33,False
каков,50,26,24,False
какого,50,17,33,False
какое,50,20,30,False
какой,50,17,33,False
какой-нибудь,50,12,38,False
каком,50,14,36,False
каком-то,50,10,40,False
какую,50,18,32,False
каменной,50,10,40,False
капельку,50,13,37,False
капле,50,15,35,False
капли,50,14,36,False
каплю,50,13,37,False
капля,50,23,27,False
караван,50,14,36,False
караване,50,11,39,False
караваны,50,4,46,False
караулом,50,13,37,False
кармане,50,21,29,False
карточный,50,7,43,False
карьер,50,9,41,False
касательно,50,5,45,False
касаются,50,17,33,False
кассу,50,19,31,False
кассы,50,12,38,False
катись,50,35,15,False
катит,50,23,27,False
катушку,50,13,37,False
каша,50,21,29,False
каюк,50,25,25,False
квадратный,50,10,40,False
квиты,50,25,25,False
кем,50,20,30,False
километр,50,18,32,False
кинулись,50,24,26,False
кинулся,50,24,26,False
кипа,50,13,37,False
кипит,50,18,32,False
китайской,50,6,44,False
китая,50,14,36,False
кишит,50,15,35,False
кишмя,50,13,37,False
кладезем,50,12,38,False
кладезь,50,16,34,False
классике,50,9,41,False
клейма,50,11,39,False
клеймо,50,15,35,False
клонит,50,20,30,False
клонят,50,10,40,False
клюют,50,18,32,False
ко,50,19,31,False
ковер,50,17,33,False
коврижки,50,15,35,False
когда,50,10,40,False
когда-нибудь,50,13,37,False
кого,50,17,33,False
кое-как,50,9,41,False
коем,50,20,30,False
кои,50,2,48,False
кои-то,50,13,37,False
кой,50,27,23,False
колее,50,8,42,False
колена,50,12,38,False
коленке,50,21,29,False
коли,50,17,33,False
колоду,50,12,38,False
колокола,50,12,38,False
колокольни,50,9,41,False
колпаком,50,8,42,False
коль,50,21,29,False
ком,50,19,31,False
команде,50,10,40,False
комок,50,15,35,False
компании,50,13,37,False
компанию,50,10,40,False
компьютером,50,12,38,False
кому,50,15,35,False
конец,50,13,37,False
конечно,50,22,28,False
конкуренции,50,13,37,False
конкурса,50,9,41,False
контролем,50,9,41,False
контроль,50,7,43,False
конца,50,11,39,False
концами,50,9,41,False
конце,50,6,44,False
концом,50,7,43,False
концу,50,11,39,False
концы,50,11,39,False
кончай,50,33,17,False
кончайте,50,36,14,False
кончено,50,30,20,False
кончилось,50,29,21,False
конь,50,25,25,False
копеек,50,21,29,False
копейки,50,21,29,False
копейку,50,21,29,False
копна,50,10,40,False
копнами,50,8,42,False
копне,50,14,36,False
копной,50,6,44,False
корень,50,14,36,False
корки,50,16,34,False
корми,50,20,30,False
короба,50,10,40,False
короткой,50,11,39,False
короче,50,29,21,False
костей,50,10,40,False
косяками,50,11,39,False
косяком,50,14,36,False
кот,50,20,30,False
котле,50,11,39,False
которую,50,7,43,False
которые,50,3,47,False
который,50,11,39,False
которым,50,5,45,False
коту,50,15,35,False
краем,50,12,38,False
край,50,11,39,False
красивые,50,23,27,False
краснел,50,12,38,False
краснеть,50,18,32,False
красного,50,8,42,False
красной,50,4,46,False
красоты,50,14,36,False
крат,50,13,37,False
края,50,12,38,False
крест,50,15,35,False
крестил,50,18,32,False
крестить,50,15,35,False
крова,50,9,41,False
крови,50,12,38,False
кровь,50,15,35,False
кровью,50,13,37,False
крошек,50,12,38,False
крошка,50,18,32,False
крошки,50,15,35,False
круг,50,17,33,False
круга,50,11,39,False
круге,50,10,40,False
круглый,50,12,38,False
круглым,50,5,45,False
кружок,50,23,27,False
крупица,50,12,38,False
крупицу,50,9,41,False
крупицы,50,7,43,False
крути,50,15,35,False
крылом,50,12,38,False
крыльях,50,10,40,False
крышей,50,12,38,False
крыши,50,16,34,False
крышка,50,19,31,False
кстати,50,20,30,False
кто,50,21,29,False
кубе,50,15,35,False
куда,50,21,29,False
кукареку,50,17,33,False
курс,50,13,37,False
курсе,50,20,30,False
куры,50,12,38,False
куча,50,21,29,False
кучи,50,10,40,False
кучка,50,13,37,False
кучкой,50,12,38,False
кучку,50,7,43,False
кучу,50,16,34,False
лавина,50,15,35,False
лавиной,50,10,40,False
лавину,50,13,37,False
лад,50,9,41,False
ладан,50,13,37,False
ладно,50,36,14,False
ладони,50,23,27,False
лады,50,12,38,False
лампочки,50,16,34,False
левой,50,16,34,False
левую,50,14,36,False
легенде,50,3,47,False
легион,50,13,37,False
легкий,50,17,33,False
легких,50,13,37,False
легко,50,17,33,False
легкого,50,12,38,False
легкой,50,9,41,False
легком,50,4,46,False
легче,50,27,23,False
лежал,50,25,25,False
лежала,50,22,28,False
лежали,50,28,22,False
лежало,50,24,26,False
лежат,50,21,29,False
лежит,50,16,34,False
лежку,50,21,29,False
лез,50,9,41,False
лезет,50,20,30,False
лень,50,20,30,False
лепешку,50,11,39,False
лес,50,17,33,False
леса,50,13,37,False
лесом,50,12,38,False
лет,50,16,34,False
летела,50,21,29,False
лететь,50,23,27,False
летом,50,11,39,False
ливень,50,11,39,False
линии,50,7,43,False
линию,50,10,40,False
лица,50,12,38,False
лицах,50,18,32,False
лице,50,16,34,False
лицо,50,18,32,False
лицом,50,9,41,False
лицу,50,17,33,False
лично,50,19,31,False
личном,50,11,39,False
лишен,50,11,39,False
лишнего,50,21,29,False
лишнее,50,19,31,False
лишние,50,28,22,False
лишний,50,16,34,False
лишних,50,11,39,False
лишь,50,10,40,False
лоб,50,19,31,False
ложись,50,41,9,False
ложном,50,4,46,False
локоть,50,13,37,False
лопатки,50,9,41,False
лопатой,50,21,29,False
лопни,50,23,27,False
луны,50,12,38,False
лучше,50,21,29,False
лучшего,50,11,39,False
лучшему,50,19,31,False
лучших,50,9,41,False
любезны,50,24,26,False
любо-дорого,50,23,27,False
любое,50,11,39,False
любой,50,11,39,False
любому,50,18,32,False
людей,50,12,38,False
люди,50,14,36,False
людях,50,15,35,False
лямку,50,14,36,False
мази,50,7,43,False
макар,50,10,40,False
макаром,50,10,40,False
максимум,50,18,32,False
мала,50,17,33,False
малая,50,9,41,False
маленькая,50,18,32,False
маленький,50,15,35,False
мало,50,16,34,False
мало-помалу,50,8,42,False
малого,50,10,40,False
малой,50,6,44,False
марки,50,11,39,False
масса,50,17,33,False
массе,50,10,40,False
массой,50,5,45,False
мастак,50,29,21,False
матери,50,13,37,False
мать,50,16,34,False
маха,50,12,38,False
маху,50,9,41,False
маяться,50,25,25,False
мгновение,50,18,32,False
мгновенно,50,16,34,False
ме,50,13,37,False
мед,50,22,28,False
медом,50,10,40,False
между,50,4,46,False
мелочи,50,20,30,False
мельком,50,13,37,False
менее,50,4,46,False
меньше,50,15,35,False
меньшей,50,4,46,False
меня,50,26,24,False
мертвым,50,13,37,False
меры,50,8,42,False
места,50,13,37,False
место,50,11,39,False
месту,50,5,45,False
мечтать,50,14,36,False
мечтаю,50,21,29,False
мечтая,50,2,48,False
мешает,50,26,24,False
мешало,50,24,26,False
мешка,50,11,39,False
мешком,50,14,36,False
мешок,50,10,40,False
мизинца,50,9,41,False
мил,50,20,30,False
миленькие,50,31,19,False
миленький,50,35,15,False
миллиметр,50,13,37,False
миллион,50,18,32,False
милое,50,13,37,False
милости,50,13,37,False
милость,50,11,39,False
милую,50,9,41,False
милю,50,9,41,False
мимо,50,17,33,False
минус,50,19,31,False
минут,50,18,32,False
минутах,50,6,44,False
минуте,50,11,39,False
минутку,50,36,14,False
минуточку,50,31,19,False
минуту,50,18,32,False
минуты,50,16,34,False
мира,50,9,41,False
мире,50,11,39,False
мириады,50,7,43,False
миром,50,9,41,False
младая,50,18,32,False
мне,50,17,33,False
мнения,50,9,41,False
многих,50,5,45,False
много,50,21,29,False
множество,50,11,39,False
могилы,50,11,39,False
могла,50,10,40,False
могли,50,10,40,False
могло,50,13,37,False
могу,50,24,26,False
могут,50,8,42,False
моде,50,15,35,False
моду,50,17,33,False
мое,50,25,25,False
можем,50,15,35,False
можешь,50,30,20,False
можно,50,18,32,False
мозга,50,10,40,False
мои,50,18,32,False
мой,50,20,30,False
мокрого,50,15,35,False
молодости,50,13,37,False
момент,50,13,37,False
море,50,15,35,False
морем,50,13,37,False
морочат,50,11,39,False
моря,50,13,37,False
моя,50,19,31,False
мусорку,50,20,30,False
мы,50,17,33,False
мысли,50,16,34,False
мысль,50,17,33,False
мыслях,50,8,42,False
мягко,50,18,32,False
набит,50,16,34,False
набралась,50,21,29,False
набрался,50,21,29,False
навеки,50,13,37,False
наверное,50,27,23,False
наверняка,50,16,34,False
навсегда,50,18,32,False
навскидку,50,19,31,False
навстречу,50,19,31,False
навязать,50,8,42,False
награду,50,14,36,False
над,50,11,39,False
надежде,50,6,44,False
надеяться,50,19,31,False
надлежало,50,13,37,False
надлежит,50,11,39,False
надо,50,31,19,False
надобности,50,8,42,False
надоело,50,31,19,False
наездами,50,14,36,False
назад,50,8,42,False
назвали,50,17,33,False
названием,50,7,43,False
назвать,50,15,35,False
называется,50,29,21,False
называют,50,10,40,False
наиболее,50,6,44,False
наизнанку,50,9,41,False
наименее,50,7,43,False
найдешь,50,27,23,False
наказание,50,18,32,False
накатанной,50,17,33,False
наклонной,50,14,36,False
налево,50,18,32,False
наличии,50,5,45,False
наличный,50,8,42,False
намазано,50,23,27,False
намерения,50,7,43,False
намного,50,19,31,False
наперед,50,11,39,False
наперекор,50,6,44,False
наподобие,50,10,40,False
напоминает,50,18,32,False
напоминающая,50,6,44,False
направо,50,15,35,False
напрасно,50,22,28,False
например,50,7,43,False
напролет,50,17,33,False
нарастающей,50,7,43,False
нарочно,50,28,22,False
нарушение,50,20,30,False
нас,50,14,36,False
насилу,50,19,31,False
насколько,50,14,36,False
настанет,50,17,33,False
настолько,50,4,46,False
настоящий,50,10,40,False
насчет,50,30,20,False
наутек,50,10,40,False
нафиг,50,33,17,False
находилась,50,11,39,False
находились,50,10,40,False
находите,50,32,18,False
находится,50,9,41,False
находишь,50,19,31,False
нацело,50,9,41,False
начала,50,9,41,False
начали,50,18,32,False
начинал,50,16,34,False
начинала,50,16,34,False
начнет,50,9,41,False
начнут,50,16,34,False
наше,50,17,33,False
нашел,50,12,38,False
наши,50,9,41,False
нашло,50,12,38,False
небо,50,18,32,False
небом,50,7,43,False
небось,50,31,19,False
невдалеке,50,15,35,False
невесть,50,16,34,False
невзирая,50,5,45,False
неволей,50,9,41,False
невпроворот,50,20,30,False
невредимый,50,16,34,False
невредимым,50,11,39,False
негде,50,24,26,False
негусто,50,26,24,False
недавно,50,10,40,False
недалеком,50,6,44,False
неделя,50,25,25,False
недостатком,50,3,47,False
недостаточно,50,19,31,False
нежели,50,9,41,False
незаметно,50,17,33,False
незапамятных,50,9,41,False
незачем,50,21,29,False
незнамо,50,12,38,False
неимением,50,11,39,False
неймется,50,30,20,False
некогда,50,10,40,False
некого,50,21,29,False
некому,50,22,28,False
некотором,50,18,32,False
некоторых,50,10,40,False
некуда,50,24,26,False
неладное,50,15,35,False
нельзя,50,25,25,False
немного,50,20,30,False
немножко,50,21,29,False
ненадолго,50,21,29,False
ненормальная,50,26,24,False
необходима,50,21,29,False
необходимо,50,10,40,False
необходимости,50,4,46,False
необыкновенно,50,12,38,False
неожиданно,50,18,32,False
неохота,50,33,17,False
неподалеку,50,16,34,False
неродной,50,16,34,False
несет,50,12,38,False
несете,50,28,22,False
несешь,50,30,20,False
несмотря,50,5,45,False
нести,50,10,40,False
несу,50,22,28,False
несут,50,13,37,False
нет,50,30,20,False
нету,50,35,15,False
неужели,50,34,16,False
неужто,50,32,18,False
неурочное,50,10,40,False
неурочный,50,10,40,False
нехорошее,50,22,28,False
нечего,50,26,24,False
нечему,50,28,22,False
ни-ни,50,25,25,False
ниже,50,14,36,False
никаким,50,11,39,False
никаких,50,19,31,False
никакого,50,22,28,False
никто,50,14,36,False
никуда,50,17,33,False
ним,50,13,37,False
ниточке,50,14,36,False
ничто,50,12,38,False
но,50,22,28,False
новинку,50,9,41,False
новой,50,8,42,False
новом,50,16,34,False
новость,50,27,23,False
новостью,50,16,34,False
ног,50,11,39,False
нога,50,20,30,False
ногами,50,10,40,False
ноге,50,11,39,False
ноги,50,17,33,False
ногой,50,16,34,False
ногу,50,20,30,False
ножах,50,9,41,False
ноль,50,27,23,False
нос,50,17,33,False
носа,50,14,36,False
носил,50,10,40,False
носила,50,18,32,False
носит,50,14,36,False
носом,50,19,31,False
носят,50,14,36,False
нотам,50,13,37,False
ночевал,50,13,37,False
ночевать,50,27,23,False
ночи,50,14,36,False
ночуют,50,15,35,False
ну,50,35,15,False
ну-ка,50,31,19,False
нужен,50,21,29,False
нужна,50,25,25,False
нужно,50,17,33,False
нужны,50,19,31,False
нюхал,50,21,29,False
о,50,6,44,False
о-го-го,50,24,26,False
об,50,17,33,False
оба,50,20,30,False
обгон,50,21,29,False
обделил,50,21,29,False
обе,50,18,32,False
обед,50,23,27,False
обеими,50,10,40,False
обернулась,50,27,23,False
обернулось,50,21,29,False
обернулся,50,27,23,False
обиде,50,20,30,False
обидел,50,24,26,False
обидно,50,25,25,False
области,50,4,46,False
обогнав,50,5,45,False
обогнал,50,22,28,False
обозримом,50,12,38,False
обойдется,50,29,21,False
обойтись,50,25,25,False
обошлись,50,18,32,False
образу,50,6,44,False
обратно,50,12,38,False
обращает,50,11,39,False
обращал,50,12,38,False
обухом,50,16,34,False
обчелся,50,16,34,False
общей,50,9,41,False
общими,50,7,43,False
общих,50,10,40,False
обычае,50,13,37,False
обычно,50,17,33,False
обычным,50,16,34,False
обязуется,50,8,42,False
обязуются,50,7,43,False
обязывались,50,2,48,False
оглядкой,50,11,39,False
огне,50,9,41,False
огнем,50,14,36,False
огня,50,12,38,False
огонь,50,12,38,False
огурчик,50,14,36,False
один,50,20,30,False
одинаково,50,11,39,False
одна,50,19,31,False
однажды,50,11,39,False
одни,50,13,37,False
одним,50,11,39,False
одних,50,8,42,False
одновременно,50,10,40,False
одного,50,5,45,False
одной,50,13,37,False
одном,50,13,37,False
одну,50,14,36,False
одолжение,50,13,37,False
ожидал,50,24,26,False
ожидали,50,22,28,False
ожидания,50,11,39,False
ой,50,31,19,False
оказалась,50,20,30,False
оказался,50,26,24,False
оказаться,50,7,43,False
океан,50,15,35,False
океане,50,14,36,False
океаном,50,15,35,False
океаны,50,10,40,False
окном,50,18,32,False
около,50,7,43,False
окромя,50,14,36,False
он,50,11,39,False
опередивший,50,5,45,False
оперы,50,9,41,False
опор,50,11,39,False
опять,50,26,24,False
осадок,50,10,40,False
оснований,50,11,39,False
основаниях,50,4,46,False
особенно,50,15,35,False
особенности,50,13,37,False
особого,50,13,37,False
особое,50,12,38,False
особой,50,8,42,False
особых,50,18,32,False
оставалось,50,25,25,False
оставившая,50,7,43,False
оставил,50,12,38,False
оставила,50,11,39,False
оставили,50,19,31,False
оставите,50,25,25,False
оставить,50,7,43,False
оставляет,50,5,45,False
оставлял,50,15,35,False
оставь,50,36,14,False
оставьте,50,35,15,False
остается,50,15,35,False
остаешься,50,25,25,False
осталось,50,21,29,False
остальных,50,11,39,False
остатком,50,10,40,False
острого,50,12,38,False
острое,50,12,38,False
острой,50,7,43,False
острый,50,9,41,False
от,50,12,38,False
отбою,50,23,27,False
отбоя,50,21,29,False
ответ,50,24,26,False
отвечает,50,13,37,False
отвечают,50,13,37,False
отвечающие,50,1,49,False
отвечающих,50,2,48,False
отвода,50,9,41,False
отводу,50,6,44,False
отдалении,50,10,40,False
отдали,50,23,27,False
отдан,50,9,41,False
отдано,50,14,36,False
отданы,50,11,39,False
отдать,50,20,30,False
откладывать,50,22,28,False
открыв,50,5,45,False
открытой,50,11,39,False
открытым,50,16,34,False
откуда,50,22,28,False
откуп,50,10,40,False
отличается,50,14,36,False
отличалась,50,12,38,False
отличался,50,11,39,False
отличаются,50,7,43,False
отлично,50,24,26,False
отнимешь,50,33,17,False
относилось,50,15,35,False
относился,50,14,36,False
относятся,50,8,42,False
отношениях,50,9,41,False
отныне,50,7,43,False
отнять,50,15,35,False
отойдут,50,10,40,False
оторвать,50,18,32,False
отошел,50,28,22,False
отошла,50,21,29,False
отошло,50,18,32,False
отрезало,50,25,25,False
отсутствие,50,17,33,False
отсутствием,50,8,42,False
отсутствовало,50,16,34,False
отсутствует,50,17,33,False
отсюда,50,31,19,False
оттуда,50,18,32,False
отходя,50,12,38,False
отчаялись,50,11,39,False
отчаялся,50,14,36,False
отчего,50,13,37,False
ох,50,36,14,False
охапки,50,10,40,False
охота,50,27,23,False
очевидно,50,11,39,False
очень,50,20,30,False
очистки,50,8,42,False
очков,50,15,35,False
ошалелый,50,16,34,False
ошибки,50,12,38,False
ошибку,50,14,36,False
п,50,13,37,False
падает,50,11,39,False
пайке,50,15,35,False
палец,50,19,31,False
палки,50,17,33,False
пальцам,50,11,39,False
пальцах,50,14,36,False
пальцев,50,16,34,False
пальцем,50,17,33,False
памяти,50,12,38,False
память,50,18,32,False
пар,50,12,38,False
пара,50,14,36,False
параде,50,20,30,False
параллельно,50,14,36,False
паре,50,18,32,False
пари,50,16,34,False
пару,50,9,41,False
парусах,50,14,36,False
пасхи,50,10,40,False
пахнет,50,24,26,False
пеной,50,13,37,False
пень,50,23,27,False
первая,50,18,32,False
перво-наперво,50,11,39,False
первого,50,7,43,False
первое,50,18,32,False
первой,50,7,43,False
первом,50,11,39,False
первому,50,15,35,False
первую,50,6,44,False
первый,50,13,37,False
первым,50,15,35,False
первых,50,6,44,False
перевалил,50,9,41,False
переводя,50,6,44,False
перед,50,12,38,False
передали,50,17,33,False
передано,50,7,43,False
передышки,50,16,34,False
переносит,50,12,38,False
переносить,50,13,37,False
перепуга,50,22,28,False
перепугу,50,18,32,False
перерыва,50,11,39,False
переставал,50,11,39,False
переставали,50,8,42,False
перестаем,50,7,43,False
перестает,50,17,33,False
перестали,50,22,28,False
перестаньте,50,31,19,False
пересчитать,50,14,36,False
перехватило,50,19,31,False
перец,50,9,41,False
перешагнул,50,16,34,False
перешагнуть,50,13,37,False
периодами,50,3,47,False
периодически,50,8,42,False
перцу,50,20,30,False
печенок,50,13,37,False
пешком,50,21,29,False
плакал,50,24,26,False
плакали,50,23,27,False
пламенем,50,13,37,False
плачь,50,32,18,False
плеча,50,14,36,False
плечах,50,21,29,False
плечо,50,21,29,False
плинтуса,50,11,39,False
плоскости,50,5,45,False
плоти,50,9,41,False
плоть,50,9,41,False
плохо,50,20,30,False
площадью,50,13,37,False
плюс,50,24,26,False
по,50,10,40,False
по-вашему,50,32,18,False
по-видимому,50,6,44,False
по-детски,50,20,30,False
по-моему,50,35,15,False
по-прежнему,50,12,38,False
по-своему,50,15,35,False
по-твоему,50,32,18,False
побоку,50,23,27,False
повезло,50,31,19,False
повелось,50,19,31,False
поверхности,50,8,42,False
повестке,50,10,40,False
повестку,50,16,34,False
повод,50,12,38,False
повода,50,14,36,False
поворачивается,50,23,27,False
повредило,50,18,32,False
погибель,50,19,31,False
погоди,50,31,19,False
погодите,50,36,14,False
под,50,12,38,False
подавись,50,35,15,False
подавитесь,50,36,14,False
подает,50,19,31,False
подальше,50,16,34,False
подарок,50,22,28,False
подать,50,17,33,False
подачи,50,10,40,False
подаю,50,20,30,False
подбор,50,16,34,False
подведена,50,19,31,False
подвел,50,20,30,False
подвернется,50,11,39,False
поделать,50,24,26,False
подери,50,31,19,False
поди,50,30,20,False
подлости,50,14,36,False
подменили,50,20,30,False
подмывало,50,13,37,False
поднял,50,17,33,False
подняли,50,22,28,False
подобает,50,9,41,False
подобно,50,7,43,False
подобного,50,18,32,False
подобное,50,19,31,False
подожди,50,36,14,False
подождите,50,34,16,False
подряд,50,15,35,False
подтверждение,50,11,39,False
подумаешь,50,29,21,False
подумай,50,32,18,False
подумайте,50,30,20,False
подумал,50,18,32,False
подумать,50,10,40,False
подхвате,50,14,36,False
подход,50,12,38,False
подходил,50,17,33,False
подходили,50,16,34,False
подходят,50,17,33,False
подчас,50,9,41,False
пожалуйста,50,30,20,False
пожарном,50,8,42,False
пожелает,50,14,36,False
пожелаешь,50,18,32,False
позволим,50,16,34,False
позволите,50,31,19,False
позволишь,50,30,20,False
позвольте,50,28,22,False
позволю,50,18,32,False
поздно,50,23,27,False
поздравляла,50,16,34,False
поздравляли,50,21,29,False
поздравляю,50,34,16,False
пойдем,50,36,14,False
пойдет,50,8,42,False
пойду,50,33,17,False
пойми,50,32,18,False
покажет,50,23,27,False
покажу,50,35,15,False
покажут,50,13,37,False
покамест,50,11,39,False
поколение,50,10,40,False
поколения,50,7,43,False
полагается,50,24,26,False
полдень,50,21,29,False
полдороге,50,11,39,False
полдороги,50,14,36,False
полезли,50,24,26,False
полета,50,15,35,False
полна,50,16,34,False
полная,50,19,31,False
полно,50,19,31,False
полное,50,12,38,False
полной,50,8,42,False
полном,50,8,42,False
полностью,50,10,40,False
полноте,50,11,39,False
полнотой,50,5,45,False
полноты,50,8,42,False
полную,50,10,40,False
полны,50,15,35,False
полный,50,15,35,False
полным,50,15,35,False
полным-полно,50,26,24,False
половина,50,11,39,False
половине,50,10,40,False
половиной,50,14,36,False
половину,50,16,34,False
положения,50,10,40,False
положено,50,16,34,False
положит,50,10,40,False
полон,50,23,27,False
получилось,50,27,23,False
получите,50,30,20,False
получишь,50,27,23,False
полы,50,13,37,False
пользоваться,50,13,37,False
пользу,50,11,39,False
пользуются,50,17,33,False
пользующихся,50,4,46,False
помаленечку,50,21,29,False
помаленьку,50,24,26,False
поманить,50,10,40,False
помимо,50,5,45,False
поминай,50,26,24,False
помине,50,21,29,False
помнится,50,12,38,False
помнишь,50,29,21,False
помножить,50,11,39,False
помню,50,21,29,False
помощи,50,8,42,False
помощью,50,6,44,False
помпы,50,16,34,False
понемногу,50,16,34,False
понемножку,50,15,35,False
понимает,50,14,36,False
понимаете,50,29,21,False
понимаешь,50,25,25,False
понимать,50,12,38,False
понимаю,50,23,27,False
понимают,50,21,29,False
понял,50,17,33,False
понятия,50,17,33,False
понятно,50,23,27,False
понять,50,8,42,False
попа,50,10,40,False
попадется,50,17,33,False
попаду,50,21,29,False
попала,50,17,33,False
попало,50,16,34,False
поперек,50,12,38,False
пополам,50,20,30,False
попомни,50,35,15,False
попробует,50,16,34,False
попробуй,50,29,21,False
попробуйте,50,30,20,False
попросил,50,20,30,False
попусту,50,23,27,False
пора,50,30,20,False
поразивший,50,5,45,False
поразит,50,6,44,False
порой,50,7,43,False
поры,50,15,35,False
порядка,50,8,42,False
порядке,50,9,41,False
порядком,50,13,37,False
поскольку,50,2,48,False
после,50,13,37,False
последнего,50,9,41,False
последнее,50,10,40,False
последней,50,11,39,False
последнем,50,7,43,False
последние,50,10,40,False
последний,50,15,35,False
последним,50,12,38,False
последняя,50,15,35,False
последующем,50,4,46,False
послушать,50,16,34,False
посмотреть,50,11,39,False
посмотрим,50,32,18,False
поспешил,50,21,29,False
поспорить,50,17,33,False
посредством,50,5,45,False
поставив,50,8,42,False
поставил,50,8,42,False
поставили,50,19,31,False
поставить,50,10,40,False
поставлен,50,17,33,False
поставленном,50,2,48,False
поставьте,50,26,24,False
постепенно,50,13,37,False
постой,50,27,23,False
постойте,50,37,13,False
постфактум,50,9,41,False
посылках,50,14,36,False
потерял,50,17,33,False
потеряла,50,21,29,False
потихоньку,50,15,35,False
поток,50,12,38,False
потолка,50,12,38,False
потом,50,16,34,False
потрохами,50,16,34,False
потрясло,50,14,36,False
похож,50,14,36,False
похожа,50,20,30,False
похоже,50,19,31,False
похожи,50,17,33,False
почем,50,25,25,False
почему,50,30,20,False
почти,50,11,39,False
почуяли,50,17,33,False
пошел,50,24,26,False
пошла,50,27,23,False
пошлет,50,17,33,False
пошли,50,17,33,False
пошло,50,23,27,False
поэтому,50,15,35,False
пр,50,6,44,False
права,50,11,39,False
правда,50,19,31,False
правде,50,17,33,False
правилам,50,12,38,False
правильно,50,19,31,False
право,50,12,38,False
правую,50,12,38,False
практически,50,6,44,False
прах,50,9,41,False
превзошла,50,14,36,False
превзошли,50,12,38,False
преданию,50,6,44,False
предварительно,50,5,45,False
предложил,50,14,36,False
предложила,50,21,29,False
предложите,50,24,26,False
представить,50,6,44,False
представиться,50,23,27,False
представлениям,50,4,46,False
представляет,50,11,39,False
представлял,50,11,39,False
представляю,50,19,31,False
представляют,50,10,40,False
прежде,50,12,38,False
преимущественно,50,8,42,False
прекрасный,50,17,33,False
прекратите,50,33,17,False
претензии,50,19,31,False
при,50,9,41,False
прибавить,50,12,38,False
прибавь,50,20,30,False
прибавьте,50,11,39,False
приблизительно,50,16,34,False
приведи,50,31,19,False
привела,50,16,34,False
привести,50,8,42,False
привет,50,37,13,False
приветствуем,50,13,37,False
приветствую,50,33,17,False
привлекает,50,20,30,False
привлекал,50,14,36,False
привлекают,50,13,37,False
приводила,50,8,42,False
приводит,50,6,44,False
придавал,50,12,38,False
придавать,50,9,41,False
придаем,50,9,41,False
придачу,50,10,40,False
придают,50,8,42,False
придет,50,17,33,False
придется,50,19,31,False
придутся,50,15,35,False
призму,50,3,47,False
прийти,50,14,36,False
прикидывается,50,16,34,False
прикидывайся,50,41,9,False
прикурить,50,15,35,False
прилавка,50,8,42,False
применении,50,8,42,False
пример,50,21,29,False
примера,50,11,39,False
примерами,50,5,45,False
примерно,50,13,37,False
принимает,50,12,38,False
принимаешь,50,11,39,False
принял,50,9,41,False
приняла,50,14,36,False
приняли,50,13,37,False
принялся,50,10,40,False
принято,50,6,44,False
принять,50,7,43,False
природе,50,12,38,False
присест,50,10,40,False
присутствует,50,8,42,False
присутствуют,50,9,41,False
притворяется,50,24,26,False
притворяешься,50,33,17,False
притворялась,50,23,27,False
притворялся,50,17,33,False
притворяюсь,50,19,31,False
притворяются,50,17,33,False
притронулся,50,18,32,False
приходилась,50,9,41,False
приходился,50,8,42,False
приходится,50,15,35,False
прицеле,50,13,37,False
причем,50,7,43,False
причитается,50,16,34,False
пришел,50,14,36,False
пришелся,50,18,32,False
пришлась,50,8,42,False
пришло,50,14,36,False
пришлось,50,14,36,False
про,50,19,31,False
пробил,50,13,37,False
проблем,50,7,43,False
проблема,50,11,39,False
пробовал,50,26,24,False
пробовала,50,24,26,False
пробовать,50,20,30,False
пробы,50,13,37,False
провались,50,31,19,False
программе,50,9,41,False
продолжение,50,23,27,False
продыху,50,11,39,False
прозвали,50,16,34,False
произвела,50,16,34,False
произвели,50,11,39,False
произвести,50,9,41,False
пройдет,50,12,38,False
проклят,50,14,36,False
промах,50,18,32,False
промаха,50,14,36,False
промаху,50,13,37,False
пропади,50,27,23,False
пропадом,50,29,21,False
пропасть,50,19,31,False
прописал,50,15,35,False
прорва,50,13,37,False
прорву,50,9,41,False
просим,50,19,31,False
просит,50,15,35,False
просится,50,21,29,False
прости,50,21,29,False
простите,50,27,23,False
просто,50,18,32,False
простоте,50,7,43,False
простыл,50,22,28,False
просьба,50,20,30,False
просьбой,50,5,45,False
просьбы,50,15,35,False
против,50,10,40,False
протянутой,50,9,41,False
прохода,50,18,32,False
проходило,50,12,38,False
проходит,50,13,37,False
проч,50,5,45,False
прочат,50,18,32,False
прочего,50,6,44,False
прочее,50,10,40,False
прочие,50,7,43,False
прочили,50,13,37,False
прочих,50,3,47,False
прочь,50,18,32,False
прошла,50,11,39,False
прошло,50,18,32,False
прошу,50,20,30,False
прощание,50,19,31,False
проще,50,18,32,False
прощения,50,12,38,False
пруд,50,13,37,False
пруди,50,18,32,False
прямая,50,13,37,False
прямо,50,13,37,False
прямой,50,6,44,False
прямым,50,7,43,False
псу,50,16,34,False
птица,50,14,36,False
птичьего,50,10,40,False
птичьих,50,8,42,False
пудов,50,17,33,False
пуза,50,11,39,False
пульсе,50,8,42,False
пускай,50,35,15,False
пусто,50,32,18,False
пустой,50,21,29,False
пустом,50,8,42,False
пустыми,50,13,37,False
пусть,50,24,26,False
пустяков,50,15,35,False
путем,50,0,50,False
пути,50,17,33,False
путь,50,18,32,False
путями,50,8,42,False
пух,50,20,30,False
пушистый,50,6,44,False
пушки,50,15,35,False
пуще,50,14,36,False
пущей,50,7,43,False
пытаетесь,50,16,34,False
пытается,50,4,46,False
пыталась,50,12,38,False
пытался,50,8,42,False
пьяни,50,16,34,False
пьянке,50,12,38,False
пят,50,4,46,False
пятерку,50,17,33,False
пяти,50,11,39,False
пяток,50,17,33,False
пять,50,11,39,False
пятьсот,50,15,35,False
работали,50,13,37,False
рабочем,50,6,44,False
равен,50,12,38,False
равных,50,8,42,False
равняется,50,10,40,False
рад,50,19,31,False
ради,50,8,42,False
радиусом,50,4,46,False
радости,50,17,33,False
радость,50,22,28,False
радостью,50,11,39,False
раж,50,8,42,False
разбегались,50,8,42,False
разбегаются,50,16,34,False
разбираешься,50,25,25,False
разбора,50,6,44,False
разве,50,24,26,False
развязав,50,7,43,False
развязал,50,13,37,False
разговоров,50,10,40,False
разгона,50,7,43,False
разгону,50,10,40,False
разделить,50,11,39,False
разе,50,12,38,False
разительно,50,9,41,False
разлив,50,15,35,False
размаха,50,9,41,False
размаху,50,8,42,False
разменял,50,18,32,False
размером,50,5,45,False
разница,50,22,28,False
разницы,50,16,34,False
разнообразия,50,7,43,False
разные,50,12,38,False
разом,50,9,41,False
разрешите,50,31,19,False
разряда,50,7,43,False
разумеется,50,15,35,False
райские,50,11,39,False
райский,50,17,33,False
райского,50,10,40,False
райское,50,14,36,False
райской,50,4,46,False
рак,50,16,34,False
ракурсе,50,6,44,False
рано,50,22,28,False
раньше,50,13,37,False
раскусил,50,18,32,False
распорядилась,50,20,30,False
распорядился,50,13,37,False
распоряжении,50,15,35,False
рассвета,50,12,38,False
рассказывай,50,34,16,False
рассказывайте,50,29,21,False
расстановкой,50,10,40,False
расстояние,50,12,38,False
расстоянии,50,10,40,False
рассудке,50,7,43,False
расти,50,10,40,False
растрепанных,50,8,42,False
расцвете,50,13,37,False
расчет,50,16,34,False
расчета,50,17,33,False
река,50,23,27,False
рекой,50,16,34,False
речи,50,11,39,False
речь,50,10,40,False
решено,50,15,35,False
решетку,50,12,38,False
ринулся,50,18,32,False
рискует,50,14,36,False
рискуете,50,15,35,False
рискую,50,23,27,False
робкого,50,11,39,False
ровно,50,13,37,False
ровным,50,9,41,False
рога,50,13,37,False
рода,50,7,43,False
роде,50,20,30,False
родила,50,19,31,False
роду,50,7,43,False
рождению,50,7,43,False
рознь,50,22,28,False
роли,50,5,45,False
роль,50,12,38,False
ролях,50,8,42,False
россыпь,50,9,41,False
рост,50,10,40,False
росту,50,12,38,False
рот,50,10,40,False
рта,50,17,33,False
рты,50,11,39,False
рубежа,50,4,46,False
рублем,50,13,37,False
рук,50,15,35,False
рука,50,12,38,False
рукава,50,9,41,False
руками,50,15,35,False
руки,50,12,38,False
рукой,50,19,31,False
руку,50,20,30,False
руля,50,12,38,False
ручья,50,13,37,False
рыли,50,10,40,False
рыло,50,14,36,False
рыть,50,9,41,False
ряд,50,10,40,False
ряда,50,2,48,False
рядом,50,13,37,False
с,50,13,37,False
сам,50,16,34,False
сама,50,13,37,False
самая,50,17,33,False
сами,50,15,35,False
само,50,17,33,False
самое,50,16,34,False
самой,50,7,43,False
самому,50,11,39,False
саму,50,7,43,False
самую,50,9,41,False
самые,50,6,44,False
самым,50,10,40,False
самых,50,7,43,False
сахар,50,11,39,False
сбилась,50,21,29,False
сбились,50,17,33,False
сбился,50,26,24,False
свежести,50,7,43,False
свежий,50,18,32,False
свежую,50,8,42,False
сверх,50,12,38,False
сверху,50,12,38,False
свет,50,16,34,False
светит,50,20,30,False
свинья,50,22,28,False
свистнет,50,16,34,False
свободе,50,12,38,False
свободен,50,20,30,False
свободное,50,12,38,False
сводим,50,15,35,False
сводит,50,14,36,False
сводить,50,15,35,False
сводят,50,6,44,False
свое,50,9,41,False
своего,50,11,39,False
своей,50,5,45,False
своем,50,11,39,False
своему,50,7,43,False
свои,50,3,47,False
своим,50,7,43,False
своими,50,10,40,False
своих,50,5,45,False
свой,50,13,37,False
свойство,50,13,37,False
свою,50,11,39,False
своя,50,22,28,False
связи,50,7,43,False
связке,50,8,42,False
святое,50,23,27,False
святых,50,9,41,False
сгоряча,50,13,37,False
сдается,50,18,32,False
сделай,50,22,28,False
сделайте,50,23,27,False
сделалась,50,15,35,False
сделалось,50,15,35,False
сделался,50,18,32,False
сделать,50,10,40,False
сдуло,50,32,18,False
сдуру,50,15,35,False
се,50,20,30,False
севере,50,15,35,False
сего,50,8,42,False
сегодня,50,18,32,False
сегодняшний,50,10,40,False
седьмого,50,15,35,False
сей,50,9,41,False
сейчас,50,17,33,False
секунды,50,10,40,False
селу,50,11,39,False
семью,50,13,37,False
сердца,50,13,37,False
сердце,50,13,37,False
сердцем,50,16,34,False
сердцу,50,9,41,False
серьезно,50,19,31,False
сидеть,50,13,37,False
сидит,50,11,39,False
сидишь,50,21,29,False
сидорову,50,7,43,False
сил,50,6,44,False
силами,50,9,41,False
силах,50,8,42,False
силой,50,16,34,False
силою,50,1,49,False
силы,50,11,39,False
сильно,50,13,37,False
синим,50,15,35,False
скажем,50,9,41,False
скажет,50,17,33,False
скажете,50,33,17,False
скажешь,50,30,20,False
скажи,50,30,20,False
скажите,50,23,27,False
скажу,50,28,22,False
сказал,50,20,30,False
сказала,50,21,29,False
сказанному,50,5,45,False
сказать,50,14,36,False
сказке,50,17,33,False
скамьи,50,14,36,False
сквозь,50,8,42,False
склоне,50,9,41,False
сколь,50,9,41,False
сколько,50,19,31,False
скончания,50,9,41,False
скорей,50,27,23,False
скоро,50,18,32,False
скором,50,8,42,False
слабости,50,15,35,False
слабость,50,13,37,False
слава,50,24,26,False
славного,50,5,45,False
славный,50,23,27,False
слегка,50,14,36,False
след,50,18,32,False
следа,50,15,35,False
следам,50,8,42,False
следовало,50,13,37,False
следовательно,50,7,43,False
следует,50,10,40,False
следующим,50,11,39,False
слез,50,16,34,False
слишком,50,13,37,False
слов,50,8,42,False
слова,50,17,33,False
словами,50,8,42,False
словах,50,13,37,False
слове,50,12,38,False
словно,50,7,43,False
слово,50,17,33,False
словом,50,8,42,False
слову,50,9,41,False
словца,50,18,32,False
сложилось,50,9,41,False
слом,50,16,34,False
сломить,50,7,43,False
слух,50,16,34,False
слухи,50,14,36,False
слуху,50,12,38,False
случай,50,26,24,False
случая,50,15,35,False
случилось,50,19,31,False
случись,50,9,41,False
слывет,50,6,44,False
слыл,50,9,41,False
слыла,50,11,39,False
слыхивал,50,14,36,False
слыхивала,50,18,32,False
слыхивали,50,11,39,False
слыхом,50,7,43,False
слышать,50,15,35,False
слышь,50,31,19,False
смеем,50,10,40,False
смеете,50,30,20,False
смеешь,50,23,27,False
смерти,50,14,36,False
смерть,50,15,35,False
смеха,50,19,31,False
смешного,50,21,29,False
смею,50,21,29,False
смогли,50,8,42,False
смогу,50,24,26,False
смотрел,50,13,37,False
смотрела,50,20,30,False
смотреть,50,21,29,False
смотри,50,33,17,False
смотрите,50,29,21,False
смотря,50,20,30,False
смотрят,50,17,33,False
смысл,50,11,39,False
снаружи,50,20,30,False
снег,50,17,33,False
снизу,50,13,37,False
сняла,50,15,35,False
сняло,50,21,29,False
снять,50,13,37,False
со,50,9,41,False
собак,50,16,34,False
собака,50,27,23,False
собаку,50,15,35,False
собрать,50,14,36,False
собственно,50,12,38,False
собственной,50,7,43,False
собственности,50,6,44,False
собственность,50,16,34,False
совершенная,50,14,36,False
совершенно,50,14,36,False
совершенное,50,10,40,False
совершенной,50,7,43,False
совершенную,50,8,42,False
совершил,50,9,41,False
совести,50,17,33,False
совесть,50,25,25,False
совестью,50,15,35,False
совпали,50,20,30,False
согласно,50,4,46,False
создан,50,8,42,False
сознания,50,8,42,False
созрел,50,21,29,False
сойдет,50,18,32,False
сойти,50,21,29,False
соку,50,14,36,False
солдаты,50,22,28,False
соль,50,12,38,False
сомневаться,50,18,32,False
сомнения,50,15,35,False
сообщению,50,6,44,False
сорт,50,19,31,False
сорта,50,9,41,False
соскучишься,50,28,22,False
составит,50,7,43,False
состоянии,50,7,43,False
сотни,50,12,38,False
сотых,50,8,42,False
соусом,50,7,43,False
сохранности,50,6,44,False
сочла,50,9,41,False
сочли,50,8,42,False
сочтет,50,6,44,False
сочти,50,16,34,False
сошлись,50,17,33,False
спас,50,21,29,False
спаси,50,22,28,False
спасибо,50,34,16,False
спасли,50,25,25,False
спасти,50,19,31,False
спит,50,21,29,False
сплошная,50,21,29,False
сплошной,50,13,37,False
сплошные,50,21,29,False
сплошь,50,12,38,False
спокойной,50,18,32,False
спокойным,50,11,39,False
спора,50,11,39,False
спорадически,50,7,43,False
спору,50,17,33,False
способен,50,8,42,False
справедливости,50,10,40,False
спроса,50,13,37,False
спроси,50,26,24,False
спросите,50,34,16,False
спускай,50,34,16,False
спускала,50,8,42,False
спускать,50,21,29,False
спустя,50,8,42,False
спьяну,50,16,34,False
спят,50,19,31,False
сразу,50,14,36,False
среди,50,7,43,False
среднего,50,7,43,False
средней,50,1,49,False
средних,50,8,42,False
среды,50,5,45,False
средь,50,12,38,False
сродни,50,14,36,False
срок,50,22,28,False
ставил,50,15,35,False
ставила,50,11,39,False
ставили,50,9,41,False
ставит,50,13,37,False
ставить,50,13,37,False
ставишь,50,23,27,False
ставлю,50,20,30,False
ставят,50,12,38,False
стадо,50,13,37,False
стал,50,11,39,False
стала,50,9,41,False
стали,50,6,44,False
стало,50,11,39,False
станет,50,9,41,False
стану,50,26,24,False
станут,50,8,42,False
старое,50,12,38,False
старой,50,10,40,False
стати,50,20,30,False
статься,50,11,39,False
стене,50,8,42,False
стенку,50,17,33,False
степени,50,9,41,False
сто,50,13,37,False
стоила,50,21,29,False
стоило,50,15,35,False
стоит,50,15,35,False
стоите,50,26,24,False
столетия,50,2,48,False
столь,50,10,40,False
столько,50,9,41,False
стопроцентная,50,18,32,False
стопроцентно,50,9,41,False
стопроцентное,50,11,39,False
стопроцентную,50,12,38,False
стороны,50,11,39,False
стою,50,24,26,False
стоял,50,16,34,False
стояла,50,19,31,False
стоят,50,13,37,False
страха,50,17,33,False
страхом,50,11,39,False
страшен,50,19,31,False
страшная,50,25,25,False
страшно,50,19,31,False
страшное,50,19,31,False
страшной,50,8,42,False
страшный,50,25,25,False
строго,50,11,39,False
строго-настрого,50,4,46,False
стряслось,50,30,20,False
ступала,50,9,41,False
стыда,50,11,39,False
стыдно,50,30,20,False
стынет,50,24,26,False
судить,50,15,35,False
судьба,50,20,30,False
судя,50,8,42,False
сумасшедшем,50,6,44,False
сумасшедшие,50,15,35,False
сумасшедший,50,20,30,False
сумеем,50,15,35,False
сумел,50,9,41,False
сумели,50,9,41,False
суть,50,16,34,False
сучка,50,21,29,False
сфере,50,5,45,False
схвачено,50,16,34,False
сходил,50,21,29,False
сходят,50,11,39,False
счастье,50,20,30,False
счел,50,5,45,False
счета,50,15,35,False
счетом,50,7,43,False
счету,50,10,40,False
считает,50,3,47,False
считал,50,11,39,False
считали,50,10,40,False
считать,50,11,39,False
съел,50,14,36,False
сюда,50,15,35,False
сяк,50,8,42,False
т,50,8,42,False
та,50,9,41,False
так-то,50,25,25,False
такая,50,19,31,False
таки,50,13,37,False
такие,50,23,27,False
таких,50,13,37,False
таков,50,15,35,False
такого,50,11,39,False
такое,50,17,33,False
такой,50,11,39,False
такую,50,13,37,False
там,50,19,31,False
твои,50,26,24,False
твоя,50,24,26,False
те,50,8,42,False
тебе,50,25,25,False
текстом,50,8,42,False
текущий,50,7,43,False
тело,50,7,43,False
телом,50,12,38,False
тем,50,6,44,False
теме,50,14,36,False
темна,50,20,30,False
темы,50,16,34,False
теперь,50,31,19,False
тепло,50,17,33,False
теста,50,9,41,False
тех,50,6,44,False
течением,50,11,39,False
типа,50,11,39,False
тихий,50,18,32,False
то-то,50,30,20,False
тогда,50,17,33,False
тоже,50,27,23,False
той,50,5,45,False
толика,50,19,31,False
толк,50,20,30,False
толком,50,18,32,False
толку,50,31,19,False
толпа,50,25,25,False
толпу,50,9,41,False
толпы,50,13,37,False
толщиной,50,8,42,False
том,50,7,43,False
тому,50,11,39,False
тонны,50,15,35,False
торопиться,50,29,21,False
торопишься,50,31,19,False
тот,50,7,43,False
тотальная,50,14,36,False
тотального,50,7,43,False
тотальное,50,11,39,False
тотальный,50,11,39,False
тотчас,50,16,34,False
точка,50,21,29,False
точнее,50,12,38,False
точь-в-точь,50,14,36,False
тошно,50,30,20,False
тощий,50,11,39,False
трава,50,16,34,False
требованиям,50,6,44,False
трезвую,50,10,40,False
тренде,50,14,36,False
тресни,50,21,29,False
трети,50,10,40,False
треть,50,4,46,False
третьем,50,9,41,False
три,50,16,34,False
триста,50,18,32,False
трогало,50,12,38,False
труд,50,11,39,False
труда,50,9,41,False
труп,50,24,26,False
туда,50,17,33,False
тут,50,25,25,False
туча,50,12,38,False
тучей,50,9,41,False
тучи,50,12,38,False
тучу,50,11,39,False
ты,50,22,28,False
тыла,50,9,41,False
тысячи,50,10,40,False
тысячных,50,8,42,False
тьма,50,16,34,False
тьма-тьмущая,50,18,32,False
тю-тю,50,23,27,False
тяжелым,50,12,38,False
тяните,50,36,14,False
тянул,50,19,31,False
тянуть,50,28,22,False
у,50,9,41,False
убить,50,25,25,False
увидите,50,21,29,False
увидишь,50,29,21,False
увы,50,13,37,False
угла,50,17,33,False
углом,50,20,30,False
углу,50,19,31,False
угодно,50,15,35,False
угол,50,8,42,False
угораздило,50,22,28,False
удалось,50,11,39,False
ударят,50,16,34,False
удержу,50,17,33,False
удивление,50,14,36,False
удовольствие,50,12,38,False
удовольствием,50,9,41,False
уж,50,30,20,False
ужас,50,18,32,False
ужасная,50,24,26,False
ужасно,50,29,21,False
ужасное,50,13,37,False
ужасной,50,14,36,False
ужасный,50,22,28,False
ужасу,50,6,44,False
уже,50,24,26,False
уйдя,50,4,46,False
уйма,50,14,36,False
уйму,50,12,38,False
уйти,50,15,35,False
указ,50,10,40,False
укладывается,50,10,40,False
уклонилась,50,22,28,False
уклонился,50,13,37,False
уклониться,50,8,42,False
улицы,50,16,34,False
ум,50,18,32,False
ума,50,22,28,False
умеет,50,12,38,False
умеешь,50,31,19,False
умел,50,16,34,False
умеют,50,16,34,False
умираю,50,32,18,False
умножить,50,10,40,False
умом,50,13,37,False
уму,50,12,38,False
умудрился,50,7,43,False
упаси,50,23,27,False
упомнишь,50,25,25,False
ура,50,20,30,False
урок,50,20,30,False
уроком,50,10,40,False
урывками,50,13,37,False
усилиями,50,5,45,False
условиям,50,7,43,False
услугами,50,5,45,False
успехом,50,8,42,False
уст,50,7,43,False
уста,50,7,43,False
устатку,50,17,33,False
устроила,50,22,28,False
устроили,50,19,31,False
утверждению,50,6,44,False
утра,50,15,35,False
ух,50,31,19,False
уха,50,13,37,False
уходит,50,10,40,False
учета,50,12,38,False
учетом,50,3,47,False
ушел,50,20,30,False
уши,50,21,29,False
ушли,50,19,31,False
ущерб,50,6,44,False
факт,50,10,40,False
фейерверк,50,14,36,False
фейерверком,50,7,43,False
фи,50,18,32,False
фибрами,50,7,43,False
фиг,50,28,22,False
фига,50,33,17,False
финишной,50,7,43,False
фиолетово,50,14,36,False
фишка,50,14,36,False
флагом,50,11,39,False
флаконе,50,12,38,False
фонтан,50,16,34,False
фонтаны,50,7,43,False
форменное,50,17,33,False
форму,50,9,41,False
форса,50,9,41,False
форсу,50,13,37,False
фронтам,50,10,40,False
фронте,50,15,35,False
фрукт,50,21,29,False
фэ,50,18,32,False
характер,50,9,41,False
характеризуется,50,9,41,False
характеризуются,50,3,47,False
хватает,50,17,33,False
хватается,50,19,31,False
хватало,50,19,31,False
хватило,50,25,25,False
хватит,50,37,13,False
хвост,50,10,40,False
хвоста,50,12,38,False
хвостом,50,16,34,False
хлеба,50,15,35,False
хлебом,50,15,35,False
хлоп,50,30,20,False
хны,50,23,27,False
ходили,50,12,38,False
ходит,50,18,32,False
ходом,50,10,40,False
ходьбы,50,7,43,False
ходят,50,23,27,False
холодно,50,27,23,False
хором,50,22,28,False
хорош,50,24,26,False
хороша,50,23,27,False
хорошей,50,17,33,False
хороши,50,16,34,False
хорошо,50,18,32,False
хотел,50,20,30,False
хотела,50,16,34,False
хотелось,50,13,37,False
хотите,50,29,21,False
хоть,50,14,36,False
хотя,50,12,38,False
хотят,50,13,37,False
хочет,50,11,39,False
хочется,50,19,31,False
хочешь,50,28,22,False
хочу,50,26,24,False
храни,50,26,24,False
хрен,50,30,20,False
хрена,50,29,21,False
христа,50,9,41,False
хромает,50,24,26,False
худо-бедно,50,4,46,False
худого,50,7,43,False
худшему,50,13,37,False
хуже,50,17,33,False
цвета,50,11,39,False
цвете,50,11,39,False
целиком,50,7,43,False
целости,50,6,44,False
целую,50,19,31,False
целый,50,16,34,False
целым,50,6,44,False
целыми,50,13,37,False
целых,50,17,33,False
цена,50,17,33,False
ценой,50,10,40,False
центре,50,8,42,False
цены,50,9,41,False
час,50,25,25,False
часами,50,14,36,False
часах,50,10,40,False
часов,50,11,39,False
часом,50,24,26,False
части,50,8,42,False
часть,50,12,38,False
часу,50,20,30,False
человек,50,9,41,False
человека,50,7,43,False
чем,50,17,33,False
чем-то,50,16,34,False
черед,50,24,26,False
через,50,12,38,False
чересчур,50,13,37,False
черный,50,17,33,False
черт,50,26,24,False
черт-те,50,15,35,False
черта,50,19,31,False
чертиков,50,21,29,False
чертов,50,24,26,False
чертовой,50,17,33,False
чертовски,50,21,29,False
чертом,50,16,34,False
чести,50,12,38,False
честно,50,18,32,False
четверти,50,9,41,False
четверть,50,11,39,False
четыре,50,10,40,False
четырех,50,7,43,False
чешет,50,19,31,False
чинов,50,5,45,False
числа,50,9,41,False
число,50,8,42,False
числом,50,5,45,False
числу,50,9,41,False
чисто,50,16,34,False
чистое,50,12,38,False
чистой,50,15,35,False
чистом,50,16,34,False
чистый,50,13,37,False
чистым,50,17,33,False
чрезвычайно,50,9,41,False
что-то,50,18,32,False
чтоб,50,24,26,False
чтобы,50,10,40,False
чувств,50,7,43,False
чувствах,50,9,41,False
чувством,50,11,39,False
чудо,50,15,35,False
чудом,50,14,36,False
чужд,50,7,43,False
чуждый,50,1,49,False
чужими,50,10,40,False
чужих,50,11,39,False
чужой,50,18,32,False
чур,50,31,19,False
чуть,50,14,36,False
чуть-чуть,50,23,27,False
шаг,50,8,42,False
шага,50,12,38,False
шагами,50,5,45,False
шагов,50,15,35,False
шагом,50,11,39,False
шагу,50,14,36,False
шансы,50,14,36,False
шатко,50,15,35,False
шел,50,11,39,False
шею,50,9,41,False
шиворот-навыворот,50,16,34,False
шириной,50,11,39,False
ширину,50,11,39,False
широкую,50,9,41,False
ширь,50,8,42,False
шквал,50,16,34,False
шквалом,50,7,43,False
школьной,50,10,40,False
шкуру,50,13,37,False
шли,50,10,40,False
шло,50,17,33,False
штык,50,21,29,False
шутка,50,24,26,False
шутки,50,24,26,False
щеки,50,15,35,False
эдак,50,14,36,False
энтузиазме,50,12,38,False
эпизодически,50,10,40,False
эпоху,50,9,41,False
эру,50,4,46,False
эта,50,14,36,False
этаким,50,6,44,False
эти,50,12,38,False
этим,50,12,38,False
этих,50,10,40,False
это,50,21,29,False
этого,50,15,35,False
этой,50,13,37,False
этом,50,20,30,False
этот,50,19,31,False
эту,50,17,33,False
эх,50,31,19,False
юге,50,10,40,False
я,50,20,30,False
явись,50,19,31,False
язык,50,12,38,False
яйца,50,9,41,False
ясен,50,23,27,False
ясно,50,11,39,False
ясное,50,17,33,False
ящик,50,9,41,False
адски,49,17,32,False
арсенале,49,6,43,False
безмерное,49,10,39,False
библии,49,16,33,False
болею,49,32,17,False
бору,49,9,40,False
бросив,49,7,42,False
варятся,49,13,36,False
ведешь,49,29,20,False
взглянешь,49,16,33,False
взялась,49,24,25,False
включал,49,10,39,False
воротили,49,10,39,False
глотка,49,14,35,False
градом,49,8,41,False
держащих,49,3,46,False
диковинку,49,21,28,False
дождется,49,23,26,False
долой,49,16,33,False
достигали,49,11,38,False
дурила,49,21,28,False
житья,49,15,34,False
задала,49,16,33,False
задних,49,13,36,False
заря,49,15,34,False
кинулась,49,15,34,False
козу,49,12,37,False
кончиков,49,6,43,False
косо,49,15,34,False
кранты,49,31,18,False
круглого,49,5,44,False
кряду,49,10,39,False
лишку,49,15,34,False
манером,49,15,34,False
матом,49,13,36,False
мелочам,49,12,37,False
неведении,49,8,41,False
несло,49,24,25,False
нитью,49,8,41,False
ногтей,49,7,42,False
нутру,49,18,31,False
обошла,49,12,37,False
обхвате,49,5,44,False
ока,49,11,38,False
оком,49,5,44,False
оставим,49,26,23,False
отлете,49,9,40,False
парах,49,13,36,False
перешагнув,49,4,45,False
плохи,49,23,26,False
плюс-минус,49,10,39,False
побери,49,22,27,False
погоняет,49,17,32,False
подавал,49,14,35,False
подходило,49,18,31,False
пожарный,49,11,38,False
помирай,49,31,18,False
помойку,49,18,31,False
помяни,49,19,30,False
порога,49,20,29,False
пороху,49,11,38,False
поспешила,49,21,28,False
потоке,49,10,39,False
потоку,49,9,40,False
прекрати,49,37,12,False
принявшая,49,3,46,False
притворяться,49,20,29,False
проходу,49,14,35,False
прыть,49,6,43,False
пыла,49,11,38,False
пылу,49,12,37,False
пытаемся,49,16,33,False
раки,49,9,40,False
раком,49,17,32,False
репертуаре,49,7,42,False
рисковал,49,13,36,False
россыпи,49,6,43,False
свели,49,12,37,False
скорее,49,14,35,False
скорую,49,20,29,False
слыли,49,10,39,False
смеху,49,19,30,False
снова,49,26,23,False
соберешь,49,20,29,False
соки,49,7,42,False
статьям,49,7,42,False
стоил,49,18,31,False
судьбами,49,10,39,False
сумасшедшая,49,26,23,False
считанные,49,12,37,False
сям,49,6,43,False
таковой,49,7,42,False
телят,49,8,41,False
упряжке,49,11,38,False
форменный,49,22,27,False
фу,49,30,19,False
хватал,49,6,43,False
хватить,49,26,23,False
хвосте,49,15,34,False
честном,49,8,41,False
битый,48,9,39,False
болеющий,48,1,47,False
букву,48,17,31,False
вдруг,48,24,24,False
ветерком,48,11,37,False
всю,48,15,33,False
всяких,48,10,38,False
всякого,48,10,38,False
глотку,48,22,26,False
голое,48,12,36,False
давит,48,24,24,False
жуткую,48,6,42,False
заняло,48,18,30,False
кормила,48,21,27,False
мало-мальски,48,1,47,False
нипочем,48,14,34,False
оно,48,19,29,False
правдами,48,5,43,False
превыше,48,13,35,False
рамки,48,12,36,False
сумасшедшей,48,13,35,False
удержа,48,4,44,False
часа,48,20,28,False
чуял,48,15,33,False
взять,47,19,28,False
годится,47,23,24,False
грош,47,17,30,False
же,47,17,30,False
на,47,16,31,False
образом,47,12,35,False
окончательно,47,16,31,False
стеклышко,47,15,32,False
тележка,47,11,36,False
тему,47,23,24,False
точно,47,20,27,False
благим,46,2,44,False
выеденного,46,11,35,False
ли,46,21,25,False
неправдами,46,5,41,False
нуля,46,15,31,False
проведешь,46,17,29,False
славу,46,6,40,False
стеной,46,12,34,False
ужаленный,46,9,37,False
хлебавши,46,7,39,False
еще,45,19,26,False
карману,45,17,28,False
мог,45,13,32,False
огоньком,45,11,34,False
одно,45,15,30,False
погодя,45,17,28,False
пригоршня,45,16,29,False
скобками,45,6,39,False
ходил,45,19,26,False
ходить,45,25,20,False
аккурат,44,20,24,False
бегу,44,27,17,False
вслед,44,28,16,False
заложники,44,27,17,False
лом,44,25,19,False
нахрен,44,33,11,False
никакой,44,23,21,False
подходе,44,13,31,False
разбором,44,3,41,False
того,44,4,40,False
фору,44,11,33,False
характеризующееся,44,0,44,False
честью,44,17,27,False
а,43,14,29,False
боем,43,18,25,False
божеский,43,11,32,False
кирдык,43,21,22,False
крайности,43,11,32,False
носу,43,19,24,False
обойдутся,43,24,19,False
одному,43,15,28,False
пеленок,43,15,28,False
правах,43,7,36,False
самый,43,18,25,False
также,43,14,29,False
типу,43,4,39,False
торца,43,5,38,False
трын-трава,43,12,31,False
вращаюсь,42,9,33,False
каждым,42,8,34,False
маркой,42,6,36,False
миг,42,16,26,False
морочите,42,26,16,False
напасешься,42,28,14,False
ногам,42,14,28,False
обидного,42,17,25,False
объемом,42,6,36,False
пока,42,24,18,False
практике,42,8,34,False
решеткой,42,8,34,False
ровном,42,4,38,False
страшенные,42,14,28,False
чего,42,18,24,False
возьмет,41,29,12,False
всегда,41,21,20,False
да,41,36,5,False
доходя,41,9,32,False
натворили,41,21,20,False
оказались,41,17,24,False
редкость,41,25,16,False
силам,41,5,36,False
скинулись,41,22,19,False
цене,41,9,32,False
вела,40,14,26,False
верхам,40,5,35,False
д,40,8,32,False
делу,40,11,29,False
затравки,40,5,35,False
лукавого,40,6,34,False
наскока,40,13,27,False
очереди,40,15,25,False
перестал,40,20,20,False
персоной,40,8,32,False
будто,39,11,28,False
бы,39,16,23,False
впрягаться,39,12,27,False
говорится,39,5,34,False
говоря,39,5,34,False
испокон,39,9,30,False
свете,39,13,26,False
совсем,39,18,21,False
стенах,39,12,27,False
удивленьем,39,9,30,False
черту,39,7,32,False
вычесть,38,11,27,False
задним,38,9,29,False
затей,38,9,29,False
махом,38,13,25,False
миленького,38,19,19,False
может,38,15,23,False
морочили,38,12,26,False
наконец,38,19,19,False
околичностей,38,5,33,False
охотой,38,10,28,False
понемножечку,38,11,27,False
самом,38,8,30,False
точку,38,18,20,False
укор,38,13,25,False
числился,38,9,29,False
вине,37,11,26,False
границу,37,5,32,False
силе,37,9,28,False
адрес,36,24,12,False
ведут,36,15,21,False
весу,36,11,25,False
взял,36,19,17,False
вопросам,36,11,25,False
кабы,36,17,19,False
мозгам,36,18,18,False
оказавшись,36,11,25,False
разбега,36,7,29,False
резаные,36,6,30,False
столом,36,13,23,False
считая,36,3,33,False
туда-сюда,36,8,28,False
ужаснейшего,36,4,32,False
автомате,35,7,28,False
волне,35,7,28,False
грешным,35,8,27,False
запасе,35,15,20,False
кроме,35,5,30,False
минимум,35,9,26,False
надлежащим,35,2,33,False
назло,35,15,20,False
обрез,35,15,20,False
рукам,35,14,21,False
смаком,35,8,27,False
спиной,35,2,33,False
счесть,35,3,32,False
ударе,35,9,26,False
благо,34,16,18,False
голове,34,17,17,False
действительности,34,12,22,False
доле,34,4,30,False
кардинальным,34,1,33,False
касается,34,10,24,False
клонишь,34,21,13,False
львиная,34,7,27,False
наскоками,34,2,32,False
натуре,34,12,22,False
откажешь,34,21,13,False
размениваться,34,21,13,False
смотрю,34,22,12,False
теле,34,7,27,False
честь,34,21,13,False
боки,33,5,28,False
краю,33,10,23,False
пор,33,7,26,False
ракурса,33,1,32,False
собой,33,9,24,False
тени,33,13,20,False
целью,33,4,29,False
числится,33,9,24,False
все,32,16,16,False
главе,32,2,30,False
костях,32,5,27,False
крайнем,32,5,27,False
маслу,32,7,25,False
напоминавшему,32,0,32,False
поделите,32,15,17,False
пятам,32,8,24,False
расшибиться,32,3,29,False
себе,32,12,20,False
чему,32,8,24,False
будь,31,14,17,False
горазд,31,14,17,False
еле-еле,31,14,17,False
здравом,31,9,22,False
как,31,16,15,False
меру,31,16,15,False
отъезде,31,14,17,False
пределе,31,5,26,False
преувеличения,31,7,24,False
причудами,31,4,27,False
руководством,31,7,24,False
сикось-накось,31,8,23,False
стопудово,31,14,17,False
таковая,31,4,27,False
только,31,15,16,False
упокой,31,10,21,False
чета,31,8,23,False
едва,30,9,21,False
зрения,30,8,22,False
командованием,30,4,26,False
лету,30,12,18,False
немилости,30,8,22,False
обнимку,30,13,17,False
открытую,30,12,18,False
очумелая,30,11,19,False
ровен,30,8,22,False
ровня,30,13,17,False
скрипом,30,6,24,False
уложился,30,24,6,False
валко,29,6,23,False
виду,29,10,19,False
вразрез,29,3,26,False
гости,29,16,13,False
дневать,29,6,23,False
если,29,9,20,False
многом,29,12,17,False
что,29,11,18,False
бешенные,28,10,18,False
временем,28,7,21,False
границах,28,9,19,False
европам,28,7,21,False
писаному,28,8,20,False
себя,28,15,13,False
стороне,28,5,23,False
удивленье,28,12,16,False
бельмеса,27,12,15,False
берегу,27,13,14,False
заглядение,27,7,20,False
лучшем,27,5,22,False
норме,27,6,21,False
подобию,27,3,24,False
продыха,27,6,21,False
сторону,27,7,20,False
счете,27,3,24,False
таким,27,5,22,False
тютю,27,12,15,False
честное,27,13,14,False
бортом,26,4,22,False
видом,26,6,20,False
вкусу,26,1,25,False
грани,26,3,23,False
доставкой,26,5,21,False
душе,26,17,9,False
заслугам,26,3,23,False
кулисы,26,8,18,False
мастей,26,2,24,False
навяжет,26,5,21,False
небольшим,26,5,21,False
ночь,26,19,7,False
прокатит,26,11,15,False
проклята,26,6,20,False
прочему,26,2,24,False
сидячем,26,8,18,False
тыл,26,12,14,False
хвостиком,26,12,14,False
видавший,25,3,22,False
вместе,25,13,12,False
месте,25,7,18,False
пребываю,25,11,14,False
так,25,13,12,False
точки,25,5,20,False
хухры-мухры,25,7,18,False
гранью,24,8,16,False
корню,24,2,22,False
называемый,24,3,21,False
опаски,24,8,16,False
оттого,24,5,19,False
прикрытием,24,8,16,False
пришьешь,24,12,12,False
радостях,24,3,21,False
сосенке,24,5,19,False
спеху,24,13,11,False
чину,24,3,21,False
шутку,24,12,12,False
впрягаются,23,1,22,False
исходе,23,6,17,False
кадром,23,3,20,False
непочатый,23,5,18,False
нигде,23,15,8,False
псевдонимом,23,6,17,False
распоряжение,23,14,9,False
вовсе,22,4,18,False
выходе,22,2,20,False
голимая,22,9,13,False
трудом,22,3,19,False
взгляд,21,4,17,False
вровень,21,8,13,False
из,21,10,11,False
невооруженным,21,6,15,False
несчастью,21,4,17,False
потеху,21,6,15,False
расшибусь,21,9,12,False
варимся,20,8,12,False
версту,20,6,14,False
включительно,20,3,17,False
вовек,20,7,13,False
лишним,20,8,12,False
обход,20,14,6,False
предлогом,20,4,16,False
разбираюсь,20,15,5,False
скинемся,20,10,10,False
ветрил,19,9,10,False
завязке,19,6,13,False
исключением,19,8,11,False
карандаше,19,7,12,False
копейками,19,4,15,False
кругу,19,7,12,False
охапку,19,8,11,False
плечу,19,3,16,False
пристало,19,6,13,False
русло,19,9,10,False
ряду,19,4,15,False
такт,19,5,14,False
точности,19,6,13,False
бишь,18,9,9,False
втаптывать,18,2,16,False
голимый,18,6,12,False
диву,18,3,15,False
днях,18,2,16,False
зависимости,18,3,15,False
мере,18,3,15,False
накладе,18,3,15,False
пошевелю,18,5,13,False
пребываешь,18,8,10,False
принципу,18,5,13,False
силу,18,6,12,False
слухам,18,4,14,False
уме,18,9,9,False
усмотрение,18,2,16,False
устатка,18,5,13,False
шумок,18,8,10,False
бросило,17,4,13,False
возьмись,17,2,15,False
впали,17,9,8,False
гулькин,17,8,9,False
завязку,17,2,15,False
йоту,17,5,12,False
независимо,17,6,11,False
основе,17,3,14,False
припеваючи,17,7,10,False
пунктам,17,2,15,False
равно,17,0,17,False
треском,17,3,14,False
хлебах,17,3,14,False
авангарде,16,7,9,False
всплеснуть,16,2,14,False
действии,16,5,11,False
диагонали,16,2,14,False
едва-едва,16,2,14,False
заложниках,16,8,8,False
морочила,16,4,12,False
не,16,11,5,False
переименовали,16,8,8,False
переименовать,16,10,6,False
праву,16,0,16,False
привычке,16,2,14,False
притронется,16,5,11,False
раз,16,8,8,False
разбирается,16,10,6,False
резаный,16,2,14,False
уложилась,16,7,9,False
ведома,15,5,10,False
втаптывает,15,0,15,False
основании,15,2,13,False
поте,15,1,14,False
правило,15,4,11,False
алфавиту,14,5,9,False
временам,14,1,13,False
далеко,14,4,10,False
дружку,14,3,11,False
назидание,14,3,11,False
ничего,14,8,6,False
нраву,14,1,13,False
остатка,14,3,11,False
ошпаренный,14,3,11,False
переименовал,14,8,6,False
сравнении,14,3,11,False
сущности,14,2,12,False
уложится,14,6,8,False
бегах,13,4,9,False
втаптывал,13,1,12,False
втаптывала,13,1,12,False
горах,13,3,10,False
девках,13,5,8,False
довели,13,6,7,False
доводил,13,4,9,False
потому,13,5,8,False
пребывать,13,3,10,False
противовес,13,4,9,False
разу,13,2,11,False
рулем,13,2,11,False
семимильными,13,1,12,False
скинувшись,13,4,9,False
то,13,6,7,False
зазрения,12,4,8,False
закате,12,2,10,False
красе,12,4,8,False
никакая,12,7,5,False
отдельности,12,4,8,False
отличие,12,5,7,False
притронулись,12,6,6,False
развязанного,12,0,12,False
расчете,12,5,7,False
спеша,12,3,9,False
страже,12,5,7,False
гребете,11,7,4,False
дневал,11,1,10,False
квадрате,11,1,10,False
нюхавшие,11,0,11,False
окольными,11,2,9,False
пику,11,5,6,False
побрал,11,4,7,False
помпой,11,3,8,False
пребывают,11,2,9,False
прочим,11,3,8,False
разбирался,11,5,6,False
рассрочку,11,1,10,False
секрете,11,7,4,False
среднем,11,4,7,False
существу,11,3,8,False
счет,11,7,4,False
угорелая,11,5,6,False
условиях,11,2,9,False
устах,11,2,9,False
заре,10,3,7,False
засучив,10,1,9,False
здравствует,10,4,6,False
никакое,10,5,5,False
нуле,10,4,6,False
образцу,10,2,8,False
перепутье,10,2,8,False
прикрас,10,4,6,False
пристрастием,10,1,9,False
противном,10,2,8,False
расшибись,10,4,6,False
счастью,10,2,8,False
тылу,10,3,7,False
уверенностью,10,1,9,False
форме,10,2,8,False
ходу,10,5,5,False
автопилоте,9,1,8,False
вырост,9,2,7,False
вычетом,9,6,3,False
гробу,9,2,7,False
гугу,9,2,7,False
доводили,9,3,6,False
интересах,9,1,8,False
конечном,9,0,9,False
нерешительности,9,2,7,False
нулям,9,2,7,False
образе,9,3,6,False
очередь,9,7,2,False
первости,9,6,3,False
пребывал,9,6,3,False
пустякам,9,0,9,False
совершенстве,9,0,9,False
сути,9,3,6,False
доводят,8,1,7,False
досуге,8,0,8,False
жутчайшая,8,2,6,False
кону,8,3,5,False
концов,8,2,6,False
крайней,8,1,7,False
краях,8,3,5,False
незапамятные,8,0,8,False
никак,8,5,3,False
нисколько,8,8,0,True
обстановке,8,3,5,False
обычаю,8,1,7,False
опередившую,8,0,8,False
острастки,8,2,6,False
перевалило,8,3,5,False
понимании,8,3,5,False
почве,8,2,6,False
ранжиру,8,1,7,False
розницу,8,5,3,False
руках,8,3,5,False
случаю,8,2,6,False
явочным,8,1,7,False
задурят,7,3,4,False
запарке,7,1,6,False
манер,7,0,7,False
мнению,7,3,4,False
несолоно,7,1,6,False
ни,7,4,3,False
попадя,7,4,3,False
пору,7,4,3,False
среде,7,2,5,False
старинке,7,2,5,False
упор,7,3,4,False
утайки,7,0,7,False
чередом,7,3,4,False
чуточки,7,1,6,False
шоколаде,7,2,5,False
впал,6,2,4,False
границей,6,2,4,False
днюют,6,1,5,False
донизу,6,0,6,False
наряду,6,0,6,False
неладен,6,2,4,False
неладна,6,3,3,False
обыкновению,6,2,4,False
плане,6,2,4,False
покладая,6,1,5,False
порах,6,0,6,False
пребывали,6,3,3,False
темпе,6,1,5,False
тормашками,6,0,6,False
тридевять,6,1,5,False
тягость,6,0,6,False
условии,6,2,4,False
большинстве,5,3,2,False
вкупе,5,1,4,False
годах,5,2,3,False
доводить,5,3,2,False
запинки,5,1,4,False
когтях,5,2,3,False
кулисами,5,2,3,False
куличиках,5,1,4,False
ничем,5,3,2,False
отношении,5,2,3,False
очертя,5,1,4,False
переставая,5,2,3,False
просыпу,5,2,3,False
прощанье,5,3,2,False
складчину,5,1,4,False
течение,5,1,4,False
унисон,5,4,1,False
всеоружии,4,1,3,False
всяком,4,0,4,False
денно,4,0,4,False
довести,4,2,2,False
ключе,4,2,2,False
минусе,4,3,1,False
нежданно-негаданно,4,0,4,False
обиняков,4,2,2,False
оглядки,4,2,2,False
отродясь,4,1,3,False
перспективе,4,2,2,False
положении,4,2,2,False
почете,4,1,3,False
присутствии,4,0,4,False
причине,4,1,3,False
секрету,4,3,1,False
удивлением,4,0,4,False
уложитесь,4,4,0,True
целях,4,0,4,False
беспорядке,3,3,0,True
возрасте,3,2,1,False
выкид,3,1,2,False
зародыше,3,1,2,False
наплакал,3,1,2,False
нет-нет,3,1,2,False
ничуть,3,1,2,False
окружении,3,3,0,True
процессе,3,0,3,False
прошлом,3,1,2,False
радиусе,3,1,2,False
разы,3,2,1,False
слезах,3,2,1,False
соответствии,3,0,3,False
стыду,3,1,2,False
угорелому,3,0,3,False
гаком,2,1,1,False
дешевке,2,0,2,False
духе,2,0,2,False
задворках,2,0,2,False
избежание,2,0,2,False
крайняк,2,0,2,False
красках,2,0,2,False
кругах,2,0,2,False
лишком,2,1,1,False
наконец-то,2,2,0,True
неделе,2,0,2,False
охотку,2,2,0,True
перекладных,2,1,1,False
поверку,2,0,2,False
поводу,2,0,2,False
полочкам,2,1,1,False
примеру,2,0,2,False
раз-два-три,2,0,2,False
серьезе,2,0,2,False
словам,2,0,2,False
случае,2,0,2,False
смысле,2,1,1,False
сопровождении,2,0,2,False
соседству,2,0,2,False
часам,2,0,2,False
шиворот,2,1,1,False
бесящиеся,1,0,1,False
бесящихся,1,0,1,False
бытность,1,0,1,False
вплоть,1,0,1,False
глазах,1,1,0,True
девичестве,1,0,1,False
доведена,1,1,0,True
исходя,1,0,1,False
качестве,1,0,1,False
корне,1,0,1,False
наравне,1,0,1,False
никогда,1,1,0,True
ногах,1,0,1,False
одиночку,1,0,1,False
отместку,1,0,1,False
переименуйте,1,1,0,True
подпитии,1,0,1,False
полпинка,1,1,0,True
пороге,1,0,1,False
преимуществу,1,0,1,False
премину,1,0,1,False
преминула,1,0,1,False
раз-другой,1,1,0,True
размере,1,0,1,False
результате,1,0,1,False
русле,1,0,1,False
сих,1,0,1,False
скрепя,1,0,1,False
сломя,1,0,1,False
смей,1,1,0,True
сравнению,1,1,0,True
стиле,1,1,0,True
сто-пятьсот,1,1,0,True
цыпочках,1,0,1,False
частности,1,0,1,False
четвереньки,1,0,1,False
