pos,n_anchor,n_filler,median_anchor,median_filler,share_gt_05_anchor,share_gt_05_filler,cliffs_delta,mannwhitney_p
ADJF,175,477,0.795944351282251,0.17599296716873503,0.6457142857142857,0.32914046121593293,0.3791674153938305,1.1273506668904787e-13
ADJS,18,33,0.540333581467906,0.16988420828950002,0.5,0.3333333333333333,0.08417508417508412,0.6291631038254979
ADVB,229,207,0.17278237859657802,0.273521373230932,0.39737991266375544,0.33816425120772947,0.01423960508828559,0.7975695582327222
COMP,11,36,0.821716504774836,0.26154285879850003,0.8181818181818182,0.3611111111111111,0.6161616161616161,0.0022671520041358897
CONJ,346,171,0.9586132460552501,0.943454314345581,0.8583815028901735,0.8245614035087719,0.0937362674509008,0.08276789226632625
GRND,13,6,0.9862265132288561,0.087735064822303,0.7692307692307693,0.3333333333333333,0.4358974358974359,0.1517765000737137
INFN,46,269,0.8473584318691956,0.165067935738153,0.5652173913043478,0.30855018587360594,0.3770809762405043,4.386014349039141e-05
INTJ,17,0,0.014924519451255001,,0.17647058823529413,,,
NONE,0,27,,0.017860773565681002,,0.07407407407407407,,
NOUN,607,1462,0.6981860817473611,0.077853435236548,0.5650741350906096,0.2606019151846785,0.4076641192471777,2.096694821790585e-48
NPRO,44,431,0.9022505727822521,0.626470605997638,0.7045454545454546,0.5591647331786543,0.3076355199325036,0.0007719278674473848
NUMR,5,50,0.754410433382477,0.059942418720732506,0.6,0.06,0.688,0.008963536155545035
PRCL,267,166,0.9786602662075451,0.878874902364692,0.8239700374531835,0.7349397590361446,0.20915121158792482,0.00025173535536554987
PRED,42,26,0.26460392600757754,0.38010893089401,0.40476190476190477,0.38461538461538464,-0.11172161172161177,0.4451641181433581
PREP,646,313,0.9953865269348501,0.9941005333444041,0.9256965944272446,0.9297124600638977,0.0830769839464287,0.03678143434894386
PRTF,11,30,0.17517315900289201,0.024707306668603504,0.2727272727272727,0.13333333333333333,0.2666666666666666,0.20055726867106483
PRTS,3,21,0.8482796723264181,0.10582547079545901,0.6666666666666666,0.23809523809523808,0.6507936507936507,0.08201581027667984
VERB,242,654,0.5189466070663316,0.143254397085683,0.5082644628099173,0.25840978593272174,0.2751029898652917,2.4649419252382974e-10
