syn,n_anchor,n_filler,median_anchor,median_filler,share_gt_05_anchor,share_gt_05_filler,cliffs_delta,mannwhitney_p
Biclausal Construction,119,336,0.8985628411374661,0.44936973522170853,0.7983193277310925,0.4732142857142857,0.36904761904761907,2.1620405386444454e-09
Clause,254,364,0.9041186046875626,0.3144346729488595,0.7283464566929134,0.41208791208791207,0.46274984857662016,1.1791397892977456e-22
Clause and Modifier Construction,122,355,0.9695127344546075,0.37284950095756103,0.8032786885245902,0.43380281690140843,0.4802124220734241,2.435725464205664e-15
Clause or XP with parentheticals,226,506,0.7802690369687375,0.303874429521242,0.6017699115044248,0.4150197628458498,0.24215607401448103,1.6177219880648856e-07
Connection Construction,72,183,0.9851624772823231,0.409331316807368,0.7916666666666666,0.4426229508196721,0.5374924104432302,2.4230047985331427e-11
Copula Construction,248,369,0.8577206439012246,0.139538966997431,0.6491935483870968,0.3170731707317073,0.41279832153160245,3.311475552477647e-18
Copula Construction; Biclausal Construction; Head and Modifier Construction,7,20,0.73536044063864,0.27949635917431404,0.5714285714285714,0.35,0.34285714285714275,0.1984324853890071
Head and Modifier Construction,1048,1277,0.9602702430032526,0.207605618567227,0.6984732824427481,0.3422083007047768,0.4602404849151458,1.6807492425165783e-81
Head and Modifier Construction; Copula Construction,27,50,0.8271173862212051,0.229153298461175,0.5925925925925926,0.42,0.2607407407407407,0.06099945558705441
Matrix and Infinitival Complement Construction,31,82,0.706418246790347,0.09203937447302551,0.5161290322580645,0.2926829268292683,0.2730133752950432,0.02576490027543949
Matrix and Sentential Complement Construction,141,235,0.9004021521751521,0.49650394930050906,0.75177304964539,0.4978723404255319,0.2846235098838086,3.814603455747426e-06
Predicate Argument Construction,212,358,0.8863775949207521,0.27788526013917153,0.660377358490566,0.388268156424581,0.33993886370823234,1.1377048706483457e-11
unknown,215,244,0.8989268649699641,0.1679912789420675,0.7069767441860465,0.36475409836065575,0.47274113610369795,2.253371589352366e-18
