term,coefficient,se,p,ci_low,ci_high
Intercept,0.5402448274575969,0.07113405323404158,3.084047489055037e-14,0.4008246450445205,0.6796650098706734
C(pos)[T.ADJS],-0.09028951110716929,0.10177558776390316,0.3750018584900354,-0.2897659976298149,0.10918697541547631
C(pos)[T.ADVB],-0.14724216830152634,0.0436570505680253,0.0007443479600252751,-0.23280841508609984,-0.061675921516952836
C(pos)[T.COMP],0.06632168283443778,0.08241525083746383,0.4209778987023576,-0.09520924058382586,0.22785260625270143
C(pos)[T.CONJ],0.026256691097973586,0.04192918686753478,0.5311738462556739,-0.055923005063444386,0.10843638725939156
C(pos)[T.GRND],0.06750532941906337,0.11281096206857548,0.5495775024494072,-0.15360009329665872,0.2886107521347855
C(pos)[T.INFN],-0.02344829685652619,0.03989147233202824,0.556665039283951,-0.10163414591757759,0.05473755220452521
C(pos)[T.INTJ],-0.22095284849611474,0.10366899682253063,0.033061960866714715,-0.42414034858167204,-0.017765348410557408
C(pos)[T.NONE],-0.2917296291258377,0.09053962175485958,0.0012724532424171788,-0.46918402693924166,-0.11427523131243378
C(pos)[T.NOUN],-0.05360394725742006,0.024310872189848176,0.027458499334436254,-0.10125238118227889,-0.005955513332561245
C(pos)[T.NPRO],-0.029376974906493842,0.039856475242600053,0.4610803508550949,-0.10749423093270226,0.04874028111971458
C(pos)[T.NUMR],-0.3112596645966929,0.053365760919517696,5.457930758795035e-09,-0.4158546340065227,-0.2066646951868631
C(pos)[T.PRCL],-0.01692235170164974,0.043833765760190935,0.6994541238070542,-0.10283495389838895,0.06899025049508947
C(pos)[T.PRED],-0.19103562147337705,0.08551342391415157,0.025484125333191335,-0.3586388525398203,-0.02343239040693379
C(pos)[T.PREP],0.054045380877889064,0.03829628280618757,0.15817282240804054,-0.021013954163999086,0.1291047159197772
C(pos)[T.PRTF],-0.019436963946221082,0.07652652453484066,0.7995033646485927,-0.16942619589652957,0.13055226800408742
C(pos)[T.PRTS],-0.05140079461569856,0.10129509844390659,0.6118488273769003,-0.24993553937619478,0.14713395014479763
C(pos)[T.VERB],-0.05538173268433231,0.028086624335239417,0.04863030031904897,-0.11043050482870781,-0.00033296053995681557
is_anchor,0.09724806770068255,0.017450705370565905,2.5077821424917334e-08,0.06304531366955368,0.1314508217318114
np.log1p(n_tokens),-0.4856501496136571,0.03756205312812106,3.0770296535208004e-38,-0.5592704209301544,-0.41202987829715976
np.log1p(sentence_tokens),0.13133153850091545,0.01846185620678949,1.1299777591888878e-12,0.0951469652478508,0.1675161117539801
word_chars,-0.016642246452617297,0.003750609110511448,9.113167657088347e-06,-0.023993305229307545,-0.009291187675927052
log_frequency,0.06118247832733811,0.008628228229371163,1.3317847244423998e-12,0.04427146174737884,0.07809349490729739
