record,anchor,filler,diff
5,0.9929948401945461,0.5033266917450965,0.4896681484494496
8,0.7268571078765885,0.6773234285407108,0.04953367933587771
14,0.7779869898615329,0.5649544190761598,0.21303257078537308
37,0.03924961428107652,0.2097713052147498,-0.17052169093367328
38,0.2744397081342072,0.18950022326597438,0.08493948486823283
48,0.8738051209507015,0.5348399918634925,0.338965129087209
57,0.7236666055285584,0.5015241762505747,0.22214242927798378
58,0.9768238117287394,0.5684598216965449,0.4083639900321946
67,0.6053318326570948,0.41403080601712805,0.19130102663996673
73,0.9991828804843891,0.41535882742904345,0.5838240530553456
79,0.553278075304107,0.1448878990373951,0.4083901762667119
85,0.064072110141332,0.1077173233545384,-0.0436452132132064
91,0.8547937554137275,0.4584016809726976,0.39639207444102986
96,0.17714814501529702,0.012057499683756,0.16509064533154102
103,0.9504399368797236,0.6094377675763437,0.3410021693033799
131,0.05960174291471901,0.2576296963821294,-0.1980279534674104
137,0.7227220788406488,0.27592322528856045,0.4467988535520883
139,0.8345142805683412,0.6286296052948038,0.20588467527353738
153,0.9851217897201785,0.4655906757000474,0.5195311140201311
166,0.793648388295305,0.9247115217431018,-0.13106313344779674
173,0.8534884674334077,0.45029730745805324,0.40319115997535443
185,0.8361867315090556,0.38370290162885096,0.4524838298802047
198,0.8822000324173714,0.48218207270884356,0.4000179597085279
213,0.9602569347388619,0.4567577311893926,0.5034992035494692
216,0.017228737648643803,0.7473726808179187,-0.7301439431692749
218,0.43033082134078277,0.4157575715980401,0.014573249742742655
222,0.36452797674310483,0.3821997918611121,-0.01767181511800725
223,0.2643034866186473,0.3384080851892229,-0.07410459857057561
226,0.17352393652028061,0.10306522638797762,0.070458710132303
246,0.673844452264338,0.2981822122962605,0.37566223996807746
255,0.8102197955809498,0.6464967580810138,0.163723037499936
260,0.9174171297922405,0.02306385556456887,0.8943532742276716
294,0.6305883724967882,0.7038576525997045,-0.07326928010291622
306,0.6914354318353757,0.4538879613442704,0.2375474704911053
307,0.8882295754543176,0.16476876444396146,0.7234608110103561
315,0.010358713006841401,0.40979503688407964,-0.39943632387723826
322,0.9118710017761226,0.37364138115194795,0.5382296206241746
351,0.9963816617791891,0.2556675379940615,0.7407141237851276
365,0.9626230108254907,0.5710336547539231,0.39158935607156764
380,0.9069971297753472,0.5850658946156766,0.3219312351596706
385,0.5090688363342537,0.7123941237405763,-0.2033252874063226
448,0.8357117885731988,0.35880419771442196,0.4769075908587769
451,0.533735127648766,0.37551489837500585,0.15822022927376012
472,0.7072610826901906,0.4347635703361462,0.2724975123540444
479,0.996637451035524,0.19603783265438865,0.8005996183811354
485,0.1349845510162628,0.2717321553795475,-0.13674760436328467
507,0.6936216847257075,0.4504607637762495,0.24316092094945801
513,0.340616410008867,0.37244194917357687,-0.03182553916470987
519,0.2685492790453372,0.04575097561758475,0.22279830342775245
527,0.8439993555250804,0.009389083704145111,0.8346102718209353
550,0.20629792146758774,0.4885525921498084,-0.28225467068222065
554,0.9506211544394277,0.5045733583324729,0.4460477961069549
556,0.0019769174419920696,0.3842902675925213,-0.3823133501505292
561,0.00029850837451700005,0.8071511449340321,-0.8068526365595151
567,0.05763130297976897,0.5017525402727642,-0.4441212372929952
624,0.7378389245018283,0.49911075103971164,0.23872817346211667
643,0.6201106965030461,0.37425571161085164,0.24585498489219443
661,0.9725929601275711,0.5087955725236751,0.463797387603896
666,3.288957635044998e-05,0.17671829945714143,-0.17668540988079098
670,0.2448738010109714,0.11726584131941216,0.12760795969155925
688,0.8648438065556371,0.026076621260362004,0.838767185295275
696,0.7911599819953333,0.3447546499469877,0.44640533204834565
725,0.5543292548760914,0.32764381818953286,0.22668543668655855
753,0.8155272437944802,0.4832706447067608,0.3322565990877194
763,0.9852826675101698,0.5462808246156211,0.4390018428945487
781,0.6644108379986945,0.3496697823445692,0.3147410556541253
783,0.6707334440001457,0.07793375958590618,0.5927996844142395
792,0.6838775044970765,0.34757601057193077,0.33630149392514574
796,0.9932241206166589,0.30320628887345624,0.6900178317432026
801,0.9270452369176561,0.3898401789799805,0.5372050579376755
803,0.7507783131304763,0.40068797981972354,0.35009033331075273
821,0.5185412067010977,0.2869947665617341,0.2315464401393636
823,0.9380534220504261,0.35484297435816564,0.5832104476922604
848,0.9994997486853587,0.19821160745909078,0.801288141226268
857,0.282009847499291,0.4878056794924257,-0.20579583199313473
859,0.6000592118177412,0.5998964951051631,0.00016271671257817033
870,0.8598418985238805,0.0250783105517578,0.8347635879721227
892,0.44378807010694415,0.3107401862831115,0.13304788382383265
974,0.8472341878386811,0.6015929004706787,0.2456412873680024
1002,0.9356650970674205,0.08346582203563144,0.852199275031789
1019,0.7227995234417737,0.5164349910576737,0.20636453238410002
1034,0.7262272948244953,0.36341384467983057,0.36281345014466476
1049,0.826165610827347,0.33610899731286686,0.4900566135144801
1077,0.5340649807955994,0.2744244497557112,0.2596405310398882
1096,0.7721021988707923,0.1506068814130819,0.6214953174577105
1105,0.7549378678202155,0.9482983143622393,-0.19336044654202378
1110,0.6977249840645829,0.24685896577634497,0.45086601828823797
1123,0.7288510546900363,0.43637458500665244,0.29247646968338387
1129,0.7214173179271777,0.5463643924491709,0.17505292547800677
1131,0.4021587225858193,0.4608597900711773,-0.05870106748535797
1149,0.558404415052842,0.3285223812045811,0.2298820338482609
1158,0.6586333303604783,0.5307037955594898,0.12792953480098856
1175,0.8003848450660711,0.25147852621622446,0.5489063188498466
1186,0.1799832045163582,0.2228417730158044,-0.04285856849944622
1215,0.4558152124250374,0.18844677020068243,0.26736844222435496
1268,0.9528256519962278,0.23747668334804115,0.7153489686481866
1335,0.6740869021116423,0.1498537223129575,0.5242331797986849
1336,0.9755650828271091,0.4738809469517173,0.5016841358753918
1350,0.5743593258991799,0.3826488253238839,0.19171050057529604
1362,0.8061971804693936,0.4034195140018187,0.4027776664675749
1377,0.800914601791589,0.2956442427123501,0.5052703590792389
1384,0.6661951266075163,0.24328166366716367,0.4229134629403527
1385,0.4580079088581628,0.08684243403929913,0.37116547481886364
1387,0.856899959718507,0.47807867958534533,0.37882128013316163
1415,0.5614455993381626,0.2651347770247043,0.29631082231345834
1432,0.29590502160127424,0.19433252141783355,0.10157250018344069
1463,0.9759402848423171,0.334266253120141,0.6416740317221761
1480,0.0073962199947202,0.09375751601783383,-0.08636129602311363
1488,0.4778136656264505,0.6966076113746759,-0.21879394574822536
1498,0.0461389599627202,0.472811065226708,-0.4266721052639878
1527,0.4681830220547293,0.20904794789664988,0.2591350741580794
1541,0.11088474447192061,0.5451883406824461,-0.43430359621052556
1549,0.7639576394531932,0.6530950882334325,0.11086255121976063
1556,0.891032145163061,0.32880658081233965,0.5622255643507212
1559,0.9881248283481389,0.43793749725878933,0.5501873310893495
1580,0.6333389809246273,0.21297001348872235,0.4203689674359049
1590,0.023263602013776002,0.13713166091042567,-0.11386805889664967
1610,0.972860625611488,0.6218510809200457,0.3510095446914423
1622,0.9922757586972984,0.41509883638432543,0.577176922312973
1631,0.1283044837280388,0.4022178173747168,-0.273913333646678
1634,0.08953999011094124,0.5115140569428792,-0.42197406683193794
1642,0.857252163816952,0.29657418135566904,0.560677982461283
1662,0.9876458850928356,0.4196901793618986,0.567955705730937
1664,0.125252599732188,0.3460354082309024,-0.2207828084987144
1667,0.0722940347982814,0.2829759061181616,-0.2106818713198802
1713,0.7985293991853741,0.19081667496902863,0.6077127242163455
1720,0.5755586819458789,0.3940145578173358,0.1815441241285431
1729,0.8647704931134204,0.3360516673979608,0.5287188257154596
1751,0.1040090647731902,0.34252596096687166,-0.23851689619368144
1756,0.5059479312252324,0.5438348497680363,-0.037886918542803905
1766,0.8977203907812998,0.5439579836055167,0.3537624071757831
1767,0.9411199449935209,0.31216611786322424,0.6289538271302967
1794,0.0035049867179261737,0.1827442251475169,-0.17923923842959072
1804,0.988329833546145,0.577684147435462,0.410645686110683
1809,0.6012085756593177,0.13882370688964094,0.46238486876967677
1816,0.6689080835633783,0.41935010008064066,0.2495579834827376
1830,0.7725761673497764,0.24288932207126868,0.5296868452785077
1854,0.545511791379632,0.13848711979430717,0.40702467158532485
1865,0.383515058712861,0.34912861259926276,0.03438644611359826
1868,0.985610130985924,0.5067651834493799,0.47884494753654405
1875,0.7390890879052633,0.48368456752936795,0.25540452037589534
1882,0.7737378950174217,0.5844571315893685,0.18928076342805322
1899,0.39602928876756244,0.35990125725388,0.036128031513682435
1900,0.940848457385718,0.4246722410717745,0.5161762163139435
1943,0.6724072929914062,0.40841383862300445,0.26399345436840177
1957,0.38708237672025947,0.5054133123346806,-0.1183309356144211
1977,0.6174648891409419,0.3086760774072256,0.3087888117337163
1991,0.6576945181190308,0.4531901056152135,0.2045044125038173
2010,0.6043193467552138,0.3593297720952763,0.24498957465993754
2041,0.6038204007510966,0.09474698443267975,0.5090734163184168
2047,0.4156393359541094,0.32464741911746353,0.09099191683664587
2049,0.983032144611328,0.4462576508820717,0.5367744937292563
2053,0.8919223727050193,0.47345768426720225,0.41846468843781703
2061,0.21489728867180405,0.42437402330718166,-0.2094767346353776
2127,0.0060866603733064,0.15490375495159653,-0.14881709457829012
2135,0.4942012715803587,0.32667727670658003,0.16752399487377867
2150,0.38723733082156503,0.36445112736780005,0.022786203453764975
2152,0.7888526999353286,0.3293361848036493,0.4595165151316793
2170,0.45103632574890634,0.324766146513188,0.12627017923571832
2183,0.8990309975879252,0.2464331499330075,0.6525978476549177
2186,0.4596996652027185,0.26145068268624655,0.19824898251647194
2191,0.7385920857490907,0.6755532331956884,0.06303885255340236
2215,0.9976277099349158,0.3607862472954724,0.6368414626394434
2226,0.26478589223666377,0.3920326146752578,-0.12724672243859403
2240,0.5692952153071844,0.31621008855504745,0.25308512675213696
2265,0.1609495495681845,0.03943314585528053,0.12151640371290397
2270,0.8482266860453963,0.09593069622909767,0.7522959898162986
2280,0.0226003924667592,0.2471216010412709,-0.2245212085745117
2305,0.3820011658891599,0.005647632706344754,0.3763535331828151
2325,0.8914643837857884,0.3752524032644919,0.5162119805212966
2339,0.7912233556514054,0.46467421344204496,0.3265491422093605
2364,0.5030344120896434,0.14375346393782937,0.359280948151814
2378,0.4997925892187307,0.240818984945432,0.25897360427329874
2383,0.7833923450756439,0.22002909235069687,0.563363252724947
2401,0.8130785115289808,0.3023688436235551,0.5107096679054257
2407,0.0012998336551156668,0.225356554184202,-0.22405672052908635
2410,0.6186341945750811,0.008884053146049,0.609750141429032
2419,0.49958779391849006,0.23109567094771452,0.2684921229707755
2420,0.9420720046219861,0.37692159071325,0.5651504139087362
2421,0.7549394251467689,0.20445288687289973,0.5504865382738692
2432,0.5252856979084636,0.48600077717057444,0.03928492073788914
2435,0.5093263592768389,0.24033761880753235,0.26898874046930654
2436,0.746963476490035,0.41219524374542027,0.33476823274461476
2456,0.49216709710742107,0.11340299292766702,0.37876410417975404
2462,0.9831730277963798,0.3774969637758634,0.6056760640205164
2473,0.8237530499215214,0.5721491062613254,0.251603943660196
2475,0.6806230286320952,0.4590086636849007,0.22161436494719455
2484,0.7665670135220616,0.3143539291959227,0.4522130843261389
2497,0.9038255470512991,0.2103207785138587,0.6935047685374405
2501,0.6935306167975489,0.12353031782480828,0.5700002989727406
2507,0.9883605462409141,0.24209324539016588,0.7462673008507482
2512,0.03726973753373567,0.5046813246850977,-0.46741158715136205
2529,0.8551318433826035,0.017015543221830114,0.8381163001607734
2533,0.47116437342189593,0.5087356487742274,-0.03757127535233146
2551,0.09632194074767131,0.2556066423255672,-0.15928470157789587
2559,0.43602496505637467,0.073990973137217,0.36203399191915764
2565,0.8117727968471017,0.3578062528795733,0.4539665439675284
2620,0.966964649246646,0.15582055463765734,0.8111440946089887
2623,0.9993169973207087,0.48559562897194786,0.5137213683487608
2629,0.9975455565114572,0.8289799413977029,0.16856561511375423
2640,0.3106818538065245,0.08621744304654701,0.22446441075997753
2650,0.8307733031869339,0.5062030219952083,0.3245702811917256
2658,0.639173127160118,0.29214189591297685,0.34703123124714114
2659,0.7492691401212365,0.7431078015588118,0.006161338562424623
2665,0.6565056237877009,0.5010434292705098,0.15546219451719112
2667,0.4948729699209675,0.0454744959659541,0.4493984739550134
2704,0.3630001648693798,0.40056221073791737,-0.037562045868537564
2719,0.7131933058962856,0.23073573385927393,0.4824575720370117
2729,0.9639405575683685,0.5505560938851443,0.41338446368322423
2776,0.790983362262958,0.25256840021432964,0.5384149620486283
2787,0.992680396266968,0.4120426932189447,0.5806377030480233
2807,0.8181338047574461,0.5237030356516857,0.2944307691057604
2842,0.5800589471961134,0.39484951066947366,0.18520943652663974
2854,0.517052027646968,0.5416868995615599,-0.024634871914591905
2896,0.712470403488547,0.16050212917745235,0.5519682743110946
2898,0.7214855125302507,0.20209935110999067,0.5193861614202601
2951,0.924401774417888,0.509808172426496,0.41459360199139195
2968,0.35282086720436706,0.28959819595461506,0.063222671249752
2981,0.758292175138088,0.2639178308827971,0.4943743442552909
2988,0.9977705402553586,0.4268652363560009,0.5709053038993577
3020,0.18257065724641383,0.49754285902325773,-0.31497220177684393
3044,0.960307222647235,0.47721892777836317,0.48308829486887184
3097,0.8577978040325771,0.008869564536058,0.8489282394965191
3114,0.771218921411722,0.6421139217191713,0.12910499969255074
3115,0.8975333593122294,0.40706373092821596,0.4904696283840135
3124,0.7749237439479786,0.381884365995169,0.3930393779528096
3133,0.49363060771919204,0.0058736000547553345,0.4877570076644367
3137,0.6906612939606349,0.07737468549732468,0.6132866084633102
3160,0.8123326426290958,0.43277031420035567,0.3795623284287401
3161,0.8226581898919333,0.27925796864503616,0.5434002212468971
3165,0.46963898948994576,0.6468364748173113,-0.17719748532736557
3176,0.64772311918003,0.4207471662896915,0.2269759528903385
3186,0.6579800502640181,0.2910283635007432,0.3669516867632749
3206,0.5183341311238591,0.016394344823655666,0.5019397863002034
3286,0.5424779037387402,0.36096565542345466,0.1815122483152855
3291,0.5192590501385409,0.02789961696545142,0.4913594331730895
3297,0.5293615418478869,0.3342952202798671,0.19506632156801978
3313,0.5974580205378623,0.21742100658271227,0.3800370139551501
3330,0.9142347965389876,0.9760748675533981,-0.06184007101441047
3353,0.5029972702855187,0.3501020567019866,0.15289521358353209
3358,0.5599536257396812,0.17938223701223827,0.38057138872744295
3369,0.45009046498852917,0.3319213094703751,0.11816915551815405
3379,0.9888381076757677,0.3606722115088079,0.6281658961669598
3380,0.8371064546164187,0.05626673989795518,0.7808397147184636
3385,0.959359577328348,0.206856828146058,0.75250274918229
3389,1.5265967198495194e-06,0.006780975067771059,-0.006779448471051209
3394,0.7918657497048577,0.28656522471682444,0.5053005249880332
3403,0.728047930493787,0.45888575671361564,0.2691621737801714
3404,0.0008547683879300067,0.4882168950985804,-0.4873621267106504
3444,0.03279921714417467,0.3973470031311495,-0.36454778598697485
3450,0.5487914004402558,0.26618805451880273,0.28260334592145303
3469,0.5968915801214355,0.9405745440561684,-0.34368296393473285
3473,0.7787736671966511,0.3513747673589698,0.4273988998376813
3478,0.6858525646089729,0.4291392663750682,0.2567132982339047
3480,0.5164828478393015,0.7561635427467065,-0.23968069490740496
3518,0.6877263248006669,0.49990455679166845,0.1878217680089984
3534,0.44831534335572487,0.5742050888235904,-0.12588974546786558
3558,0.9683965288858086,0.9942276178129141,-0.025831088927105506
3573,0.8884809515175136,0.26448613732431037,0.6239948141932032
3607,0.43307356219458804,0.06811831379379886,0.3649552484007892
3615,0.9444830531938906,0.39929368703625384,0.5451893661576368
3618,0.7505230824609853,0.26679550583445044,0.48372757662653487
3628,0.0788225110793708,0.1257624712853661,-0.04693996020599531
3652,0.9269946771269056,0.49727677004839904,0.4297179070785066
3664,0.3296330657396495,0.5847035606534307,-0.25507049491378114
3666,0.0066293431682180005,0.854129453965714,-0.8475001107974961
3678,0.3765808172557109,0.4816046239426967,-0.1050238066869858
3679,0.0009628979933409716,0.3934804866880178,-0.39251758869467684
3685,0.23920631999286943,0.30048416763881985,-0.06127784764595043
3694,0.15342054887620385,0.3428273095884434,-0.18940676071223952
3698,0.12258532849550784,0.5041695861077496,-0.3815842576122418
3714,0.5745930745635011,0.16395033570696058,0.41064273885654046
3728,0.2505887317813346,0.4428881554518152,-0.19229942367048058
3730,0.6014180906111286,0.5965892002121669,0.004828890398961727
3762,0.9815998271442558,0.3824749026195567,0.599124924524699
3772,0.9291268277767069,0.5579685573730904,0.3711582704036165
3781,0.967015636348002,0.09581629662300467,0.8711993397249973
3792,0.47940840842745025,0.08426296231696853,0.39514544611048175
3809,0.7319217558147773,0.3667647238266283,0.365157031988149
3854,0.0552605431171578,0.07759203785724615,-0.022331494740088352
3859,0.12726679368982902,0.25601919602158035,-0.12875240233175134
3864,0.371345546080872,0.2591132914588001,0.11223225462207193
3881,0.2547261832320606,0.2775957314822864,-0.022869548250225802
3916,0.455838800256379,0.56931792976187,-0.113479129505491
3918,0.5600192650406756,0.5611681869909794,-0.001148921950303805
3937,0.2724372260345937,0.16985129056272777,0.10258593547186592
3938,0.5136590078660616,0.1693784878308794,0.34428052003518217
3941,0.8149535133162166,0.10911925047961449,0.7058342628366021
3948,0.3779174452745213,0.39372742481881007,-0.015809979544288755
3955,0.49617694653045075,0.3900202700628188,0.10615667646763194
3963,0.7729225139034437,0.48830090351763084,0.28462161038581285
3972,0.0075916425008102,0.486368592686014,-0.47877695018520383
4028,0.6027337462105699,0.3845809437148491,0.21815280249572078
4029,0.047245294252942854,0.4452830525675426,-0.39803775831459975
4046,0.49881413940089486,0.4804528582954916,0.01836128110540325
4071,0.4994080259002419,0.10400221976892307,0.3954058061313188
4076,0.6302999437390083,0.5116346084123332,0.11866533532667511
