form,pos,mean_in,count_in,mean_out,count_out,diff
а,CONJ,0.875,8,0.88,25,-0.0050000000000000044
бельмеса,NOUN,0.0,5,0.0,23,0.0
все,PRCL,0.391304347826087,23,0.625,16,-0.23369565217391303
да,PRCL,1.0,5,0.5294117647058824,17,0.47058823529411764
за,PREP,1.0,32,0.7575757575757576,33,0.24242424242424243
и,CONJ,0.9239130434782609,92,0.6666666666666666,24,0.25724637681159424
как,CONJ,0.9027777777777778,72,0.6153846153846154,13,0.28739316239316237
кто,NPRO,1.0,3,0.9047619047619048,42,0.09523809523809523
куда,CONJ,1.0,8,0.6428571428571429,42,0.3571428571428571
на,PREP,0.9482758620689655,116,0.9130434782608695,23,0.03523238380809601
не,PRCL,0.9906542056074766,107,0.8,5,0.1906542056074766
ничего,ADVB,0.42857142857142855,7,0.5714285714285714,7,-0.14285714285714285
но,CONJ,0.8,5,0.4090909090909091,22,0.39090909090909093
ну,PRCL,0.9166666666666666,12,0.3235294117647059,34,0.5931372549019607
от,PREP,1.0,39,0.7692307692307693,13,0.23076923076923073
по,PREP,0.8461538461538461,39,0.9310344827586207,29,-0.08488063660477452
раз,NOUN,1.0,15,0.8333333333333334,6,0.16666666666666663
сказать,INFN,0.3333333333333333,9,0.6129032258064516,31,-0.2795698924731183
стал,VERB,0.6666666666666666,3,0.6,50,0.06666666666666665
стали,VERB,0.0,1,0.6,50,-0.6
станут,VERB,0.0,1,0.30612244897959184,49,-0.30612244897959184
такой,ADJF,1.0,1,0.625,32,0.375
ты,NPRO,1.0,1,0.5348837209302325,43,0.4651162790697675
у,PREP,1.0,10,0.6153846153846154,13,0.3846153846153846
что,CONJ,0.9019607843137255,51,0.7,10,0.20196078431372555
чтобы,CONJ,0.9333333333333333,15,0.9583333333333334,24,-0.025000000000000022
это,PRCL,0.6666666666666666,3,0.6842105263157895,19,-0.01754385964912286
