record,sentence_id,inside,outside,diff
5,3e026202cb3da56e01a9,0.5,1.0,-0.5
8,0496af7839e287b1c6fd,0.8888888888888888,1.0,-0.11111111111111116
8,13e7a00120d746d78f82,0.8,0.5,0.30000000000000004
8,639209aad48c6e4b3bea,0.9,0.5,0.4
8,eab66f713c71d4809a94,0.8571428571428571,0.5,0.3571428571428571
14,4555dc8aef54c80efea8,0.4,0.0,0.4
37,613d520d1610d4c03b7c,0.5,1.0,-0.5
37,6fb2dd67b4d0771e8e67,0.0,0.5,-0.5
37,a2e05848b865f7b48483,0.0,0.5,-0.5
37,a66685689d36f671ec7e,0.5,0.5,0.0
37,be7b7e4c36122cf6ffbb,0.0,0.5,-0.5
38,10ffb955d30eddeb3087,0.0,1.0,-1.0
38,18d067fe284a28803223,0.0,0.0,0.0
38,3dc15030ec84833c7c24,0.3333333333333333,0.5,-0.16666666666666669
38,76609ec2ffa3d241443c,0.3333333333333333,0.5,-0.16666666666666669
38,fd73b4adfbd895f06ee4,0.25,0.5,-0.25
48,1937a36a1b15ada3273c,0.75,1.0,-0.25
48,8335fdeb89799cc1320b,0.5,0.5,0.0
48,c5ca39bbd08e5a103533,1.0,0.5,0.5
48,ed2b9a37cc47b0e930c8,0.75,0.5,0.25
48,faf876b139747cb1d7cf,1.0,1.0,0.0
57,2eb0b717d7ba76168e2f,0.6,0.5,0.09999999999999998
57,4cf37fb1251c61581e22,0.7142857142857143,0.5,0.2142857142857143
57,4dd455f8d848814d7ec9,0.3333333333333333,0.5,-0.16666666666666669
57,d089b67b206a08ade887,0.75,1.0,-0.25
58,aa63fb46ef3509d6c4a6,0.6923076923076923,1.0,-0.3076923076923077
67,a227deb83b160a90009a,0.7142857142857143,1.0,-0.2857142857142857
67,a3ffab137cf8f5cfcaee,0.3333333333333333,0.0,0.3333333333333333
67,b167155394655be9896e,0.6,1.0,-0.4
67,b97e80033ca3cef1c5d6,0.75,0.5,0.25
67,cf1d484b9bf69745facd,0.4,1.0,-0.6
73,9f2ac7f528ca33f6e11d,0.6,0.5,0.09999999999999998
73,e020248c3964443a518b,0.8333333333333334,0.5,0.33333333333333337
73,e57cd2eaf04b5b566cc4,1.0,0.5,0.5
73,f2625b859f545bd27cee,0.6,0.5,0.09999999999999998
73,fade39d324b6c74ef6d5,1.0,0.0,1.0
79,15b2ae1d84bf2238e8cb,0.7142857142857143,0.0,0.7142857142857143
79,8df00af32747999d9c42,0.16666666666666666,0.5,-0.33333333333333337
79,bc5451832531ebd2908b,0.5,0.5,0.0
79,d1b4baf27a9b99975e9c,0.6666666666666666,0.5,0.16666666666666663
85,50bcfb7b8d9b97cf4441,0.5,0.5,0.0
85,761e4cfccdb2f271544a,0.0,0.0,0.0
85,809455235e8fac352285,0.0,0.5,-0.5
85,f67588423e4cfd8846aa,0.0,0.0,0.0
85,fe01bb64e5fed94b913c,0.0,0.5,-0.5
96,118e4ba91cd33e512710,0.0,1.0,-1.0
103,2c47fb352c85b2af5cb8,1.0,0.0,1.0
103,e905a06d1bd1d7afc790,0.8333333333333334,1.0,-0.16666666666666663
103,eb1b641a9baa7a44a4c5,0.6,0.5,0.09999999999999998
103,fa9542b6e778befed094,0.8333333333333334,0.5,0.33333333333333337
131,2132e53b663962d1691e,0.0,1.0,-1.0
131,51db27e9ba27c84cbddc,0.0,0.5,-0.5
131,684671ad2c6fb73248cc,0.6,1.0,-0.4
131,ab682594105b74a0139f,0.0,0.0,0.0
131,cc6b7c1e1a4b04204861,0.0,0.0,0.0
137,091417f293c3346b0f7a,0.8,0.5,0.30000000000000004
137,c4e8fb933c2274f1d33b,0.5,0.5,0.0
137,fef445a40a96e67cb472,0.2857142857142857,1.0,-0.7142857142857143
139,68f0ffeb19af323503c9,1.0,0.0,1.0
139,6ed7282b5081e901cbaa,0.4444444444444444,0.0,0.4444444444444444
139,8609b28631f833f0dee4,1.0,1.0,0.0
139,9f7482cba6d6d493a67a,0.6,1.0,-0.4
139,b873f03e6be5f8b0ab7e,1.0,1.0,0.0
153,38c37a3bd648853b805f,0.8571428571428571,1.0,-0.1428571428571429
153,6e42f4daaa373eb8302d,0.8333333333333334,0.5,0.33333333333333337
153,865ee490ee3b0e2a3e12,1.0,0.0,1.0
153,99b16f2c3a5f99cb3e98,0.8,0.0,0.8
166,10e2488da67727f393aa,0.75,1.0,-0.25
166,117727b27bbd7b8b0039,1.0,1.0,0.0
166,3d82bfbaf1fe84f9354c,0.75,0.0,0.75
166,45e0d54e1960cd8560b9,1.0,0.5,0.5
166,dbc2d6d090c27d410ffa,1.0,1.0,0.0
173,0891a9b1e1639ec447d7,0.75,0.5,0.25
173,7499085ebaf8d0c201d4,0.5,0.0,0.5
173,99f9d71e4414156a02bf,0.75,0.5,0.25
173,a76e2dc960c62328574d,0.8,0.5,0.30000000000000004
173,ef90c203a86a23eae5ba,1.0,0.5,0.5
185,217b8e4a4ed8924dbd4a,0.6,0.5,0.09999999999999998
185,4f59aaca2e7cb233c51f,0.4,0.5,-0.09999999999999998
185,60e49ee317d4db81136b,1.0,0.0,1.0
185,8b02be65ed9d5ea9fcd9,0.5,0.0,0.5
185,8edd9eefc68c620ff63f,0.8571428571428571,0.0,0.8571428571428571
198,484995225680ce2b4db5,0.8333333333333334,1.0,-0.16666666666666663
198,694dbb25358d0593a1e1,0.7142857142857143,0.5,0.2142857142857143
213,06eb3d2ba1203cf9dcf3,1.0,0.0,1.0
213,287598787dc780e85642,0.75,0.5,0.25
213,d2e9c96588f51b1ba40d,0.8,0.5,0.30000000000000004
213,d3d17365b5b40954f4da,0.8333333333333334,0.5,0.33333333333333337
213,db887402122908358dce,0.5,1.0,-0.5
216,4b6780a8b47f27031727,0.3333333333333333,0.5,-0.16666666666666669
216,6fc68e3ccbfeda017ad0,0.5,1.0,-0.5
216,8037e4cb58f97dbbdb16,0.5,0.5,0.0
216,e14da8636aa361ab727a,0.5,0.5,0.0
216,f798aaf9b07e81dd1b56,0.5,0.0,0.5
218,40d36612852904daba0d,0.4,1.0,-0.6
222,8e5a0e44323691be95cd,0.6666666666666666,0.5,0.16666666666666663
222,9e460a4d01657b49b3d0,0.375,1.0,-0.625
222,c581e9ff28c38606bc92,0.5,0.5,0.0
222,cd29c47f3f9814d92459,0.6,0.5,0.09999999999999998
222,dd271feac81cceae48aa,0.2,1.0,-0.8
223,7a0a943581743ec4db3b,0.5,0.5,0.0
223,889945da22f4393fa4bb,1.0,0.5,0.5
226,0e0f37c512e11c296f51,0.5,0.5,0.0
226,669615dfc33d5dff7bac,0.0,1.0,-1.0
226,74203fbc517a7dbf8c3f,0.0,1.0,-1.0
226,a653d6bced07d4719a4d,0.0,0.5,-0.5
246,1a6159b611484b4df94b,0.25,1.0,-0.75
246,945271760ad071e2ba4f,0.6666666666666666,0.0,0.6666666666666666
246,e02ede4104985dee3293,0.6666666666666666,0.0,0.6666666666666666
255,7061b21fda8b8a1d1046,1.0,0.5,0.5
255,77af1241a0e078cb0ffd,0.3333333333333333,0.5,-0.16666666666666669
255,a4c06d8c837739ff5a8b,1.0,0.5,0.5
255,aba38617694cdfc5f3ab,1.0,1.0,0.0
260,2c818aec469ec6f9f7ef,0.75,0.5,0.25
260,e0ad93f363a8f59e9392,0.75,0.5,0.25
294,2b5ca1e5e9afb6e5f1ea,0.75,0.5,0.25
294,5cbadc306b387f701808,0.3333333333333333,1.0,-0.6666666666666667
294,79f0c06be50c7167d0c7,0.75,0.5,0.25
294,a440e2da36ea5d1f8931,1.0,1.0,0.0
294,b3aa6bdae5f37eb5f015,1.0,0.5,0.5
307,eeb6359fe151a9eef1b2,0.5,0.5,0.0
315,71a621083fb56e319b67,0.6666666666666666,0.5,0.16666666666666663
315,89e508ec37276857f459,0.5,1.0,-0.5
322,53e17488506a66d0dced,0.8571428571428571,1.0,-0.1428571428571429
322,74f0218d187a4bb12e4b,0.6666666666666666,0.5,0.16666666666666663
322,8f96e1a4e995e6715133,0.8333333333333334,0.0,0.8333333333333334
322,d34c09f7d1eb74c65a9f,1.0,0.5,0.5
351,04f544e28c8e072c51fc,0.5,0.5,0.0
351,51e1e048ed087bc82cc9,1.0,0.5,0.5
365,03f4b022d109565877f0,0.6666666666666666,0.5,0.16666666666666663
365,1797ac1ac0232c2cf537,0.8333333333333334,1.0,-0.16666666666666663
365,4ecf1a1722631dc48c3f,0.7777777777777778,0.5,0.2777777777777778
365,b9ae5468d3c4fba9b5bb,0.8,1.0,-0.19999999999999996
380,094154d2d5996ac7d0c1,0.875,1.0,-0.125
380,2bd54f06587f7a0c0611,0.75,1.0,-0.25
380,2c22d1476bddbd9dc261,1.0,0.5,0.5
385,61012de1168658691fbc,1.0,0.0,1.0
448,769fb2deb35ec829c1d3,0.5714285714285714,0.0,0.5714285714285714
448,dec3554ee66baa8c0174,0.6666666666666666,1.0,-0.33333333333333337
451,1202f8190efdfd551a29,0.3333333333333333,1.0,-0.6666666666666667
451,9fc284de497bdb8f6771,0.3333333333333333,0.0,0.3333333333333333
451,a7cf5b9e802312550910,0.5,0.0,0.5
451,d3f4623127f0933d8266,0.3333333333333333,1.0,-0.6666666666666667
451,f886d64232b0458e5aa0,0.75,1.0,-0.25
472,2525bf3b9fbc93601388,0.6666666666666666,1.0,-0.33333333333333337
472,27e7d219780e9e4939ef,0.6666666666666666,1.0,-0.33333333333333337
472,399e97d513caa92f3adc,1.0,0.5,0.5
472,9ecca8cdc7ccbdae65a3,0.6666666666666666,0.5,0.16666666666666663
472,cf7fe74f090bf6597ea4,0.3333333333333333,1.0,-0.6666666666666667
479,08b91852de3ee51adf9d,0.5,1.0,-0.5
479,456a1874fcd3a162d1d0,0.75,0.5,0.25
479,b44019969e5ba928781f,0.75,1.0,-0.25
479,cfb923e785569ee43885,0.6666666666666666,1.0,-0.33333333333333337
479,edc211ef896ad25838d0,0.6666666666666666,1.0,-0.33333333333333337
485,15dc0cd7750ed9eca05d,0.2857142857142857,1.0,-0.7142857142857143
485,68b12e9fcbf0c6bb2815,0.14285714285714285,0.5,-0.35714285714285715
485,acfcbf065b68f35c5872,0.3333333333333333,1.0,-0.6666666666666667
485,ad879647475e45d2e6b7,0.6666666666666666,0.5,0.16666666666666663
485,cc98cd705dcf6265b418,0.0,1.0,-1.0
507,7945137f0a926980b157,0.5,0.5,0.0
507,bf9623b47d5ecfd47870,0.6,0.5,0.09999999999999998
507,de1dce3da3b9b2bb88f9,0.75,1.0,-0.25
513,1744e0403403e40c0682,0.6666666666666666,1.0,-0.33333333333333337
513,48be3c386074b3b08ac7,1.0,0.0,1.0
513,67830c726bf86c49c1ae,1.0,1.0,0.0
513,b1c23e06041ffe89c59b,0.0,0.0,0.0
519,3a0e9198dc5a3226d861,0.0,0.0,0.0
519,81a44911255bca24c0e9,0.0,0.0,0.0
519,874cbca9abefa80b992d,0.0,1.0,-1.0
519,e8b9f88b5f73b6344646,0.0,0.0,0.0
519,f82586dfb1830e5aec09,0.3333333333333333,0.5,-0.16666666666666669
527,21b88c8b70b08f89bd8a,0.6666666666666666,1.0,-0.33333333333333337
527,60c5a378564cedd77dc8,0.6666666666666666,1.0,-0.33333333333333337
527,742049842fe632138670,0.6666666666666666,0.5,0.16666666666666663
527,75fc4708d4789f99a77e,0.6666666666666666,0.5,0.16666666666666663
527,e656149764aa00bff36d,0.6666666666666666,0.0,0.6666666666666666
550,2a9966beadd975f4fb0c,0.0,0.0,0.0
550,8956fdc1d8d14f68a77c,0.5,0.0,0.5
550,8afc8503ee337673dbc6,0.5,0.5,0.0
550,a3f1ccb56705f18761a3,0.6666666666666666,0.5,0.16666666666666663
554,2258c0a730ca71801ebd,1.0,0.5,0.5
554,abd63c9046a7abb129a2,1.0,1.0,0.0
554,b7a52435959648d07501,0.6666666666666666,0.0,0.6666666666666666
554,dc6bd4f3d6f4fb9a98ac,0.6666666666666666,0.0,0.6666666666666666
554,de7bf25b8dc14a55c6ff,0.8333333333333334,0.5,0.33333333333333337
556,97a4759e7bfd18d89910,0.5,0.5,0.0
556,a387834d76848fb49eee,0.2857142857142857,0.5,-0.2142857142857143
556,e55327699bc0e6b407cf,0.42857142857142855,1.0,-0.5714285714285714
561,db7ca3295f53589b85c6,0.5,0.5,0.0
567,6abfe24a7fff8b9ed735,0.3333333333333333,0.5,-0.16666666666666669
567,ab5eab5f9d3ccb97aac4,0.25,1.0,-0.75
567,d9e82412abe96bad5d40,0.3333333333333333,0.5,-0.16666666666666669
643,08e20f2be274a64f2a20,0.5,1.0,-0.5
643,3bfd4c6a9a5053a3885c,0.75,0.5,0.25
643,5cb28b34c04e621b81c2,0.3333333333333333,1.0,-0.6666666666666667
661,1ace3a9bdff7411955e6,0.75,1.0,-0.25
670,004f9c1654e7c659d61f,0.3333333333333333,0.5,-0.16666666666666669
670,923ef78587042d963130,0.0,1.0,-1.0
670,b2d91e9c1b577c01a46c,0.0,0.0,0.0
670,da36dabd14b9373202c5,0.3333333333333333,0.5,-0.16666666666666669
670,e7f449202278d7c44886,0.5,0.5,0.0
688,1fcd5a9103ab646349c6,0.75,0.5,0.25
688,392a8693e4145098ef2b,0.75,0.5,0.25
688,47d06f28f22c1462a0f9,0.75,0.5,0.25
688,69c934eb8aa6f4fc0663,0.75,0.0,0.75
688,d1b39acccc1bfaf39b31,0.75,0.0,0.75
696,92b4d502544543a2feef,0.5,0.0,0.5
696,bea3a9b4e4265bbab026,0.5,1.0,-0.5
696,f2c01c600f4b4d42a568,0.4,1.0,-0.6
725,45bdfeaf477e377349d3,0.6666666666666666,0.5,0.16666666666666663
725,49dcf345726f3808c04f,0.375,0.0,0.375
725,7f98ea20bfc7e5f42382,0.5454545454545454,1.0,-0.4545454545454546
725,9de0a5fdfe2789e084ae,0.3333333333333333,1.0,-0.6666666666666667
725,c0185ce1b1301183224c,0.375,0.0,0.375
753,7323e9fc14d8b4df1900,0.9,0.5,0.4
753,756d2aad40c7231a8d39,0.5714285714285714,1.0,-0.4285714285714286
763,3989aeb39782a80247a9,0.8333333333333334,0.5,0.33333333333333337
763,92b24c2e4ca0763e9e11,0.7777777777777778,1.0,-0.2222222222222222
763,d373dbac61f8a5a33e8a,1.0,1.0,0.0
763,dfbfb8ed63c4196f6bd7,0.5,0.5,0.0
763,f024f018e97ed646c876,0.8,1.0,-0.19999999999999996
781,19b17e4370ecd121630c,0.5,0.5,0.0
781,2f1b7bfd848d1d7f43f2,0.75,1.0,-0.25
781,440c758dc53ff3011314,0.4,1.0,-0.6
781,9246d2b7a0980382a3ce,0.5,0.0,0.5
783,219b2c669de3eb9c54e8,0.75,1.0,-0.25
783,31861210cc9139fe7c29,0.3333333333333333,1.0,-0.6666666666666667
783,53f9e86a0cf8b6150d3a,0.3333333333333333,0.0,0.3333333333333333
783,586dd24eb76fa40cc865,0.6666666666666666,0.5,0.16666666666666663
783,8cf4c421e9eb79c1811c,0.3333333333333333,1.0,-0.6666666666666667
792,162b5a0ab29140dc86eb,1.0,1.0,0.0
792,6c5324596428fc473e2f,0.3333333333333333,0.0,0.3333333333333333
792,ce38f231c0097e67bd03,0.6666666666666666,0.0,0.6666666666666666
792,e8417671850d6885ef10,0.3333333333333333,0.5,-0.16666666666666669
792,f0e5e64a3163443c87d9,0.7272727272727273,0.5,0.2272727272727273
796,283b2655b16afe49fecb,0.75,0.5,0.25
796,332817e9dfb87fffaf29,0.8,1.0,-0.19999999999999996
796,9cec9a2ed41abc3458d7,0.75,0.5,0.25
801,1f7c5e44755b3450e2b6,0.875,0.0,0.875
801,2c114f8337242f8836a7,0.5714285714285714,0.5,0.0714285714285714
801,7b6cc4f50dd0e8e46833,0.6,0.0,0.6
801,acb364bfea9470407672,1.0,0.5,0.5
801,c667553c881e4527c39c,0.8,0.5,0.30000000000000004
803,5cd7c81b07c5b54a720e,0.25,0.5,-0.25
803,94e92312bc553eabda16,0.3333333333333333,0.5,-0.16666666666666669
803,bf59bc3fb5cadbb1bc3f,0.6111111111111112,0.0,0.6111111111111112
821,2e198354e3c578dda61f,0.375,1.0,-0.625
821,7806686daedf06947dcd,0.3333333333333333,1.0,-0.6666666666666667
821,7bebd1b717a978e89379,0.375,0.5,-0.125
821,b889c1b7a438b1e501da,0.6666666666666666,0.5,0.16666666666666663
821,f5ef855a180607f053d6,0.42857142857142855,1.0,-0.5714285714285714
823,20c3cf4cef402cc5e8be,0.6,1.0,-0.4
823,27d790af4aac0fc991b1,0.75,0.0,0.75
823,784884a87a996490ebe9,0.5,0.5,0.0
823,de365b3aec4b50add47c,0.8,1.0,-0.19999999999999996
823,fbc40e22960eeb85465f,0.8,0.0,0.8
848,6d94baf65b18e175447f,0.75,0.5,0.25
848,80863545852988565c12,1.0,1.0,0.0
848,9cb64a1af721af3b6eb2,1.0,0.5,0.5
848,a324e4fe74fc7da4a11c,1.0,0.0,1.0
848,d8d99b6690c7b598d494,0.75,0.0,0.75
857,512af12cf816c3a5f7f7,0.5,1.0,-0.5
857,7f31d8361d29a9e8940f,0.5,1.0,-0.5
857,9191e34abb8725a11255,0.0,0.0,0.0
857,a96f6b60f4457e704836,0.7142857142857143,0.5,0.2142857142857143
857,d03d0b974bdfaa14e867,0.5,0.0,0.5
859,47d90abfc8d6bace6e43,0.6666666666666666,0.5,0.16666666666666663
859,6e5b6644dd2448f6c1c3,0.7777777777777778,0.5,0.2777777777777778
859,fb3b58acbe758e8a871c,1.0,1.0,0.0
870,22b55747154d0c780207,0.4,0.0,0.4
870,4c3b228f27d101481881,0.6666666666666666,0.0,0.6666666666666666
870,4de657f2d69bceaeeef0,0.5,0.5,0.0
870,9fc321c4aabd673d3f77,0.6,0.0,0.6
870,a2abb4016633f70693fd,0.3333333333333333,0.0,0.3333333333333333
892,5e82dfb4caf1ceb42667,0.5,0.5,0.0
892,663511298d60e4462b70,1.0,1.0,0.0
892,e53dc33ab8040c7c984d,0.75,1.0,-0.25
892,f103655712b3173bb0da,0.0,1.0,-1.0
974,1e8ecf490d1b1cd8aac1,1.0,0.5,0.5
974,21982bdcef245cb74414,0.3333333333333333,1.0,-0.6666666666666667
974,693882ed1d311abc4770,1.0,1.0,0.0
974,bb0ee4cb7893518d7d10,1.0,1.0,0.0
974,cfbc5ddd21a897808cff,1.0,1.0,0.0
1002,5fe09e543cc8f344a00e,0.75,1.0,-0.25
1002,88d29ccd61ba0bc24551,0.75,0.0,0.75
1002,98f7bb352eb8ad91ff4b,0.75,0.0,0.75
1002,bf1d5d6a88640612a61a,0.6,1.0,-0.4
1019,a04737a11df1c82f13a7,1.0,0.0,1.0
1019,e555308a1f4cfebbde78,0.6,1.0,-0.4
1049,8dcd0d1f6caf7c25bc8f,0.8,1.0,-0.19999999999999996
1049,c198a562be5ce9f44f88,0.4,0.0,0.4
1077,680a497ebeb38aab0044,0.6,0.5,0.09999999999999998
1077,d9808c6c0b808b7e168b,0.5,0.5,0.0
1077,ea386874270cc7ce4237,0.6666666666666666,1.0,-0.33333333333333337
1096,0309b47c89e2ff426163,0.5,0.5,0.0
1096,48cd0f401044ddc67aa7,0.6,0.0,0.6
1096,787dc8f6af8dee48848a,0.6666666666666666,0.5,0.16666666666666663
1096,833822b029cf3fa0b708,0.3333333333333333,0.0,0.3333333333333333
1096,d1c54f581bffb085494f,0.75,0.5,0.25
1105,65eba81bad432b29a485,0.8,0.5,0.30000000000000004
1105,b8352938dadc40353dff,1.0,1.0,0.0
1110,94bade990522b788bf8b,0.5714285714285714,0.0,0.5714285714285714
1110,d530a70916332c38e76b,0.5714285714285714,0.5,0.0714285714285714
1129,1afcb7c0f44a0a198cf2,0.6666666666666666,0.0,0.6666666666666666
1129,2a65e19bd1293e756931,0.7142857142857143,0.0,0.7142857142857143
1129,805852ba2efb8ee8df58,0.8181818181818182,0.0,0.8181818181818182
1129,885c5e44036032bb843d,0.6666666666666666,1.0,-0.33333333333333337
1129,d2fbe6b0a6ac2b955e25,0.6666666666666666,1.0,-0.33333333333333337
1131,851fb8e55157f0f7abb8,0.4,1.0,-0.6
1158,27dac277032b000790d0,1.0,0.5,0.5
1158,6e58c50d18fc8b05f4db,0.5,1.0,-0.5
1158,84ca584845810f347965,0.8,1.0,-0.19999999999999996
1158,86d1d3805804cd3b3b3e,0.75,0.5,0.25
1158,aa71e3c3d4094f2b7136,1.0,0.5,0.5
1175,24b0e258d888214fd6aa,0.5,0.5,0.0
1175,2d37dc2a57ccbf19ccc8,0.6666666666666666,0.5,0.16666666666666663
1175,9e073812bdaac87a2e6f,0.4,0.5,-0.09999999999999998
1175,b9c3990ddd2c5058587c,0.4,0.5,-0.09999999999999998
1186,47f5f54e179eb236929d,0.25,0.0,0.25
1186,58e9d6354d42d809dd9f,0.0,0.5,-0.5
1186,9928b5af355d46aee6be,0.5,0.5,0.0
1186,d6d6b9d43fbcce8981c6,0.0,0.0,0.0
1186,e6357647dfe23f4df48b,0.0,1.0,-1.0
1215,0dbada456734b008b6f2,0.3333333333333333,1.0,-0.6666666666666667
1215,1215ed3dc5ccb83899a1,0.3333333333333333,1.0,-0.6666666666666667
1215,13c685aac9b85e8c6ca2,0.3333333333333333,0.5,-0.16666666666666669
1215,46a42016c29bda3e5710,0.4,0.5,-0.09999999999999998
1215,e5a5a29d5d72319978b6,0.0,0.0,0.0
1268,0b262acda36639aee340,0.8,1.0,-0.19999999999999996
1268,4db4eeb220dc593ca6ec,0.4,0.5,-0.09999999999999998
1268,af339375b5b69b7796d9,0.8,0.5,0.30000000000000004
1335,6f60d1b4e4e12d8b0bef,1.0,0.5,0.5
1335,7daa14ff6055f50598f0,0.5,0.5,0.0
1335,c3900db02a3000c00ffd,0.3333333333333333,1.0,-0.6666666666666667
1350,0d02d005003e7719598a,0.4,1.0,-0.6
1350,1fb7e49025db61cbc67c,0.6666666666666666,1.0,-0.33333333333333337
1350,bae19de092034aada783,0.4,0.5,-0.09999999999999998
1350,c04d2bb0bc7c6290f8e7,0.5714285714285714,0.0,0.5714285714285714
1350,cd252c7fb831f5d8036d,1.0,0.5,0.5
1362,165e9c339975720b86f9,0.7777777777777778,1.0,-0.2222222222222222
1362,1a3ca89c3d8afc5af5be,0.36363636363636365,1.0,-0.6363636363636364
1362,6d20ac5527fcc3c74cfe,0.5,1.0,-0.5
1377,12d7d888bf870ecc3057,0.5,1.0,-0.5
1377,1467e20c2cdefcabd5f6,0.5,1.0,-0.5
1377,1a10e63d626c5cebe1a0,0.75,0.5,0.25
1377,2bd118576e9a321eaaab,0.8,1.0,-0.19999999999999996
1377,71a6b20306d8bb5a7340,0.75,1.0,-0.25
1384,2d90a579f34000ca5895,0.75,0.5,0.25
1384,729e05342831af3d3fbe,0.25,0.5,-0.25
1384,a124900062ccaa829451,0.3333333333333333,0.0,0.3333333333333333
1384,c58091b117bfd8bf6270,0.6666666666666666,0.0,0.6666666666666666
1385,81bb1db315c7b86c5d3a,0.25,0.0,0.25
1385,924b53f670e007f5d5c3,0.25,0.5,-0.25
1385,ca7fcc6a062e591af9f7,0.5,0.5,0.0
1385,ff12bde868c9d6bff1d9,0.3333333333333333,1.0,-0.6666666666666667
1387,1dd4e70b32ca44facde0,0.8,0.5,0.30000000000000004
1387,3989e67dacd7dc54ad46,0.6666666666666666,1.0,-0.33333333333333337
1387,449d65bf3792a99a4173,0.75,0.5,0.25
1387,b2941b027000e8358e02,1.0,0.5,0.5
1415,20b21d35ab5c1fd13526,0.2,0.0,0.2
1415,3656c204a8a0450f4336,1.0,0.5,0.5
1415,b21b473c8d6c2c89d4b9,0.6,1.0,-0.4
1415,fa0ad8c1f8cd89e886e0,0.6666666666666666,0.5,0.16666666666666663
1432,46e9a5203b04ca887a5b,0.4,0.5,-0.09999999999999998
1432,e56c4e415e70c614dc92,0.5,0.0,0.5
1463,6c815bd3ff42a3be3dd6,0.6666666666666666,0.5,0.16666666666666663
1463,a784e1fe97cc3e70fd61,0.6666666666666666,0.5,0.16666666666666663
1463,bc69b08c156b33ca8e73,0.6666666666666666,1.0,-0.33333333333333337
1463,f1b3fdcebd014b90cb37,0.8,0.0,0.8
1463,ffc6997106c7a12280c7,0.8,1.0,-0.19999999999999996
1480,427e80cf503dfec11887,0.25,0.5,-0.25
1480,643819336f766d4244d1,0.0,0.0,0.0
1480,6f76c2f1993f32a4c038,0.0,0.5,-0.5
1480,9cad1b7e8db8abb75f6e,0.0,0.5,-0.5
1480,ae16bf51969610460454,0.0,1.0,-1.0
1488,3644822690541c942408,0.5,0.5,0.0
1488,3f5a9e12a2e9366220f0,0.5,0.0,0.5
1488,4f4e93a51ec86ffa2363,1.0,0.5,0.5
1488,db5f3e2613738117abb0,1.0,0.5,0.5
1488,f583f4893cbdceb2ebb4,0.6666666666666666,0.5,0.16666666666666663
1498,2a621ad535d149b64d6b,0.0,0.0,0.0
1498,c0b06317e8609e2a8529,0.5,1.0,-0.5
1498,cc5d8d8bd84b39b5da12,1.0,0.5,0.5
1498,dee84e5057f4a04882af,0.5,0.0,0.5
1498,fffeaf86f1f8bd0fd1e9,0.0,1.0,-1.0
1527,0bd9a6c329fa04cd194c,0.6666666666666666,0.5,0.16666666666666663
1527,2463b1b0ccef1b182d2a,0.3333333333333333,0.5,-0.16666666666666669
1527,61d8a5ff6b047e9de827,0.3333333333333333,0.5,-0.16666666666666669
1527,638500acdce3377af0fc,0.3333333333333333,0.0,0.3333333333333333
1527,fea7c376641ed8ff18d8,0.6666666666666666,0.5,0.16666666666666663
1541,769ce84fb45c0a352f1f,0.6428571428571429,0.0,0.6428571428571429
1541,8106d017c5b7e0d3f888,0.875,0.0,0.875
1541,cf7b276c858e7f91fb89,0.5,0.5,0.0
1541,fb901eedb373e3596028,0.5,0.5,0.0
1541,fdcb36868f3c561b2838,0.25,0.0,0.25
1549,3d26c3d25fafb2f87c04,0.8,0.5,0.30000000000000004
1549,6b1c540ee564eaebc56d,0.875,1.0,-0.125
1549,70029ed98e63d480a93d,1.0,0.0,1.0
1549,a24a0a836618102b8bec,0.8,0.0,0.8
1549,c70cb10361a528a7e7e8,1.0,0.5,0.5
1556,9c63a65e56b88ea1b019,0.7777777777777778,1.0,-0.2222222222222222
1556,a074527de781f3718d16,0.7777777777777778,0.0,0.7777777777777778
1559,023995b97f7187aaad61,0.7,0.5,0.19999999999999996
1559,02e6b5cdbfad4538c710,1.0,1.0,0.0
1559,23e8ad3b8cfac41aa120,0.5,0.0,0.5
1559,6c8a70c3245cee4c8251,0.5,0.0,0.5
1559,d33894af99863e2571ac,0.6,0.0,0.6
1580,3e85df91c37ced750dae,0.5,0.5,0.0
1580,59b18ee93e2a413f7f2f,0.3333333333333333,0.5,-0.16666666666666669
1580,6112bc6625bd945f85ca,0.6666666666666666,1.0,-0.33333333333333337
1580,aaab8916a8d3628a5b99,0.6666666666666666,0.5,0.16666666666666663
1580,e92aaa96185bf94a1021,0.3333333333333333,0.0,0.3333333333333333
1590,0a35c39be846173cd6ac,0.25,0.5,-0.25
1590,1d404256830c6f4256a0,0.0,0.0,0.0
1590,42cec84c1fe4b34b6ae1,0.5,1.0,-0.5
1590,5019c6d3642f1ea8b78f,0.0,1.0,-1.0
1590,976991e8b6d8be30947d,0.0,0.0,0.0
1610,42d3b3c1cc29456263d6,1.0,0.5,0.5
1610,60cb2498f5662e30fd26,0.8333333333333334,0.5,0.33333333333333337
1610,b7beec18ff0e9c82ecdd,1.0,1.0,0.0
1610,ba9a491c7823ca051fc5,1.0,0.0,1.0
1631,4b474f7183daa15cb9cd,0.25,1.0,-0.75
1631,994fad52334e861b3ca8,1.0,0.0,1.0
1631,b71c45db06a31df25c43,0.0,0.5,-0.5
1631,ed9bcba1bec06b792161,0.25,1.0,-0.75
1631,fb5c0c97a11292e38e44,0.5,1.0,-0.5
1634,257cbd17f49a3435d8ae,0.5,0.5,0.0
1634,4149eff3f7db3a8647d1,0.0,0.5,-0.5
1634,cc886e26877a4987c9a9,0.0,0.0,0.0
1642,05824c54c591abdee911,0.5714285714285714,0.0,0.5714285714285714
1642,779295b0a13d10ac2339,0.5,0.5,0.0
1642,9ddc072b8f48267690f1,0.6,0.5,0.09999999999999998
1642,9fb043ab8d9ff469fa02,1.0,1.0,0.0
1642,d609577103a493c67997,0.8,1.0,-0.19999999999999996
1662,35eb743c7daf166ff059,0.5,0.5,0.0
1662,3a4d813ece13f3747b3e,0.8,0.5,0.30000000000000004
1662,bdab31b060873422197f,0.6666666666666666,1.0,-0.33333333333333337
1662,c29d09d75ef6f51d96da,0.7142857142857143,1.0,-0.2857142857142857
1662,fb524e4c97d04f32994f,0.8,0.5,0.30000000000000004
1667,1fd4b323f342dc4da816,0.0,1.0,-1.0
1667,4d90f353936e6b43f04e,0.8,0.5,0.30000000000000004
1667,575555539042a84ef302,0.0,0.0,0.0
1667,57e6a7c9a8afcb33ca8c,0.0,0.5,-0.5
1667,81dcb12cc94c1072fec4,0.0,0.5,-0.5
1713,430d82200e8ae0d0b23a,0.6666666666666666,0.5,0.16666666666666663
1713,cbc8eccd675701131c55,0.5,1.0,-0.5
1720,081b9d8b5debf1fc9750,0.75,1.0,-0.25
1720,6c6af9fbcaee29f5ebec,0.8333333333333334,0.0,0.8333333333333334
1720,b5819fe5b3c9d1b0fb8f,0.5,0.5,0.0
1720,fe4f76f4e5a39cc91f73,0.5,0.5,0.0
1729,4f73b24b8c0103e492fa,0.4,0.5,-0.09999999999999998
1729,b1f64987c0625e7b6095,0.6666666666666666,1.0,-0.33333333333333337
1729,c4d112a55ead07eacd31,0.5,0.0,0.5
1729,ece8216e0bd1e54cdc12,0.25,1.0,-0.75
1751,2ed6e4338def475486a3,0.3333333333333333,0.5,-0.16666666666666669
1751,3be522fcafc676ae2454,0.3333333333333333,0.0,0.3333333333333333
1751,76df68c2456592e03ead,0.0,0.5,-0.5
1751,b6aac8c1a96dac29f12f,0.3333333333333333,1.0,-0.6666666666666667
1751,e64647f1d99bc905ff0a,0.3333333333333333,1.0,-0.6666666666666667
1756,28b21a4cfb437bc34659,1.0,0.5,0.5
1756,3c764e51e6afb493aca0,0.3333333333333333,1.0,-0.6666666666666667
1756,456120fa284a00c9212e,1.0,1.0,0.0
1756,a5da1eae90949306e58d,0.25,0.0,0.25
1756,ced21b6df3cd8b651ebc,0.5,1.0,-0.5
1766,b7f60ca272c730aca9a8,1.0,0.5,0.5
1766,dded557011c41da8477a,0.75,1.0,-0.25
1767,bc325917e477a5357c03,0.7142857142857143,1.0,-0.2857142857142857
1794,014ea5b055cb03837911,0.0,0.5,-0.5
1794,14452759ed377eb06dcd,0.0,1.0,-1.0
1794,a51943a19b9130c3c4d7,0.3333333333333333,0.5,-0.16666666666666669
1794,dc35de0db8016aaf4495,0.0,0.5,-0.5
1794,f879f84bda8e9a6f0491,0.0,0.0,0.0
1804,008781dff9e5cff0bdcd,1.0,1.0,0.0
1804,336f62232b49a0a7bf5c,1.0,0.5,0.5
1804,3a454007a0bf5d8738eb,0.6666666666666666,0.5,0.16666666666666663
1804,8093a1cc786b53593f7e,0.6666666666666666,0.5,0.16666666666666663
1804,fbc47c075aa41203daa2,0.3333333333333333,0.5,-0.16666666666666669
1809,1b0affcd7223d39cf60c,0.6,0.5,0.09999999999999998
1809,afee39f147d43ebdf68d,0.5,0.5,0.0
1809,c7d27e68d27de5cb7a24,0.3333333333333333,1.0,-0.6666666666666667
1809,d5ac10eba937cc6e9764,1.0,0.0,1.0
1816,0370e51a5bc22d3a205e,1.0,0.5,0.5
1816,060f33ae9dcefa06ee78,0.3333333333333333,0.5,-0.16666666666666669
1816,21f2ce28b461fbdbab3a,0.3333333333333333,0.0,0.3333333333333333
1816,70f1a2835defb79fe9a0,0.8333333333333334,0.5,0.33333333333333337
1816,8b745c2463cba8e4b54d,0.5,0.0,0.5
1830,10bc6676691133e4b27c,0.25,0.5,-0.25
1830,81f9d2c3d0e46a2ff41e,0.75,0.5,0.25
1830,86ef9d32501f6d3bb1f4,0.6666666666666666,1.0,-0.33333333333333337
1830,a737f11cfdba62aec497,0.5,0.5,0.0
1830,ba9b73c03c422f4d8316,0.75,1.0,-0.25
1854,0e536d1b408d51935f10,0.0,0.5,-0.5
1854,be5dc7f399451e5885d2,0.25,0.5,-0.25
1854,e324246944c4ecacc569,0.25,0.0,0.25
1854,faa0333c7d0623675979,0.75,0.5,0.25
1865,4323f22235816083643f,0.7,0.5,0.19999999999999996
1865,ed07844dd0dc77b7686d,0.2,0.5,-0.3
1868,5b68790e6cbb36429051,0.75,1.0,-0.25
1868,5cfe439cd07e941a0dab,0.8,0.0,0.8
1868,9564e0479a912f28b417,0.8888888888888888,0.5,0.38888888888888884
1868,c67456ecf60b07dff256,0.4444444444444444,0.0,0.4444444444444444
1875,2105ce9d3af1dc7f0b21,0.6363636363636364,0.5,0.13636363636363635
1875,2bc70dfce542e0959252,0.6666666666666666,1.0,-0.33333333333333337
1875,7c58d69745045ee10b89,0.5714285714285714,1.0,-0.4285714285714286
1875,c6e232fa4663a0d24bed,0.7333333333333333,1.0,-0.2666666666666667
1882,06238022166b333d7902,0.7,0.5,0.19999999999999996
1882,0d73adbeddc7a43fd92f,0.7272727272727273,0.5,0.2272727272727273
1882,4ea4174f2fa0dae4ce80,0.5454545454545454,1.0,-0.4545454545454546
1882,83baa076dc8658d44f1b,0.8,0.5,0.30000000000000004
1882,e149c2b9164724bb729a,0.7142857142857143,1.0,-0.2857142857142857
1899,031a6ab87a82d54832d5,1.0,0.5,0.5
1899,523bd68b8254214e3272,1.0,0.0,1.0
1899,b4fb566b4d4450435847,0.0,1.0,-1.0
1900,24b689a61a98c114d73e,0.75,1.0,-0.25
1900,3e734f1f939507d27d88,0.8,0.0,0.8
1900,82ab9206c97ace634e9f,0.6,0.5,0.09999999999999998
1900,986f2832819e4d173ee4,0.8181818181818182,0.0,0.8181818181818182
1900,a2a6bc158ffb039d3c71,1.0,1.0,0.0
1943,49819695f470f4dc8f70,0.6666666666666666,0.5,0.16666666666666663
1943,728402a289719aa4fbba,0.6666666666666666,0.0,0.6666666666666666
1943,b36f3e0bec4d68a10941,1.0,1.0,0.0
1943,d25484a92c23be03b0cd,0.3333333333333333,1.0,-0.6666666666666667
1943,fb2cc561526eb9a4204c,0.3333333333333333,0.0,0.3333333333333333
1957,871d90c82274e8fd94c1,0.4,0.5,-0.09999999999999998
1957,96444af09d73a3617914,0.4,0.5,-0.09999999999999998
1977,1e330436307618fa039f,0.375,0.0,0.375
1977,2cfe57a05cfc9d344630,0.25,1.0,-0.75
1977,45acbe0a14e63177dfec,0.2857142857142857,0.5,-0.2142857142857143
1977,af4815185b59499b68f7,0.6666666666666666,1.0,-0.33333333333333337
1991,1dbad49859599f7bfbef,0.7142857142857143,1.0,-0.2857142857142857
2010,3fe5d9df2f3d8aa4d088,0.5,0.5,0.0
2010,4213a4785e937ef1ed4d,0.4444444444444444,0.0,0.4444444444444444
2010,74d33f9749c7604c2763,0.625,0.5,0.125
2041,a9d6ad99bb7ff292c033,0.6666666666666666,1.0,-0.33333333333333337
2041,dddfa07b0287eeaea4fd,0.3333333333333333,0.5,-0.16666666666666669
2041,eb33845cda908c294e48,0.4,0.0,0.4
2047,0065228b5b83491ca63d,0.0,0.0,0.0
2047,1457d959b8bf1853cd6b,0.5,0.5,0.0
2047,e5f647cfb8e76800054e,0.75,0.5,0.25
2047,f78bfc31b023476d31e3,0.75,0.0,0.75
2049,cf91c60d0027e29e792a,1.0,1.0,0.0
2049,eb18114aefa1489e0736,0.8,0.5,0.30000000000000004
2053,080b2756553a32aea070,0.5,0.5,0.0
2053,8e69fd5f9b65841148e4,0.6666666666666666,0.0,0.6666666666666666
2053,bf98f3d9019e5d6c112b,0.7142857142857143,0.5,0.2142857142857143
2053,c82cd270f24a909c840a,0.6666666666666666,1.0,-0.33333333333333337
2053,cf7f906eca41b91330ec,0.6666666666666666,0.5,0.16666666666666663
2061,12c0175a8663e8aaf1fe,0.0,1.0,-1.0
2061,467b1d1f0f95f4f2a261,0.5,1.0,-0.5
2061,4eb24d09a718a78c46c4,0.5,0.0,0.5
2061,593793ff50002b23843f,1.0,0.5,0.5
2061,b3bc3e62c0c4b5ea1346,0.0,0.0,0.0
2135,a1a0a3cef29f0f16fe6b,0.5,0.0,0.5
2135,ca9c4b068711737c3bf4,0.5,1.0,-0.5
2135,d36aa6f9bbc9ab250ec0,0.5,0.0,0.5
2150,12c700f50f09b2259c01,0.0,0.5,-0.5
2150,19e6ea93afdd87cb5116,0.4444444444444444,1.0,-0.5555555555555556
2150,4e90bf1eae1062195122,0.6666666666666666,0.5,0.16666666666666663
2150,a2b17ec33614fb92699a,0.3333333333333333,0.0,0.3333333333333333
2150,bf2bd49ac55fd5427894,0.5,0.5,0.0
2152,599f2b3c850072cb9cff,1.0,0.5,0.5
2152,5c5555c7b99d948c9ea2,0.6,1.0,-0.4
2152,cf02abf4c99c0540cfca,0.46153846153846156,1.0,-0.5384615384615384
2152,e4726e04d73a6066514a,0.5,1.0,-0.5
2152,e6820caf709c50cc64bb,0.6666666666666666,1.0,-0.33333333333333337
2170,6eb3ebb414acf1faa89d,0.6666666666666666,0.5,0.16666666666666663
2170,e75a9179c561b3346a6b,0.3333333333333333,0.5,-0.16666666666666669
2170,e87a54065ba500f6f7e4,0.6666666666666666,0.0,0.6666666666666666
2183,4121599b12f91dd918c4,0.75,0.5,0.25
2183,7c32ea26558bf9d83ffa,0.25,0.0,0.25
2183,89f3c475991235bad031,0.6666666666666666,0.0,0.6666666666666666
2183,8cbba82a3ab577b61bf0,0.75,0.0,0.75
2183,e3627dd7697532750a16,0.8,0.5,0.30000000000000004
2186,3fc6ffd39b1000ed6918,0.4,1.0,-0.6
2186,688bf3ddeee6ef20830f,0.5,0.5,0.0
2186,72f3d44bd23764754d86,0.5,0.0,0.5
2191,048baaa4fc80e88b75bd,0.42857142857142855,0.5,-0.07142857142857145
2191,872f68422a30e4b630bb,0.6666666666666666,0.5,0.16666666666666663
2191,8c5ffe38a06807b0bb27,0.75,0.0,0.75
2191,b9ffd6888319e6225d24,0.8571428571428571,0.5,0.3571428571428571
2191,d46ea00ee11ac822c07a,1.0,0.0,1.0
2215,1d0223988279c73b76c9,0.5,0.5,0.0
2215,40d44f1b7622a4f6b3d3,0.5,0.5,0.0
2215,48c8bb8a9ef902948f13,1.0,0.5,0.5
2215,6c518367ebc45b97f606,0.6666666666666666,0.5,0.16666666666666663
2215,839460eca9a3efe430c7,1.0,0.5,0.5
2240,1110b0b8de5051c8b79b,0.25,0.5,-0.25
2240,470a66d90da14ed00033,0.8,1.0,-0.19999999999999996
2240,af5eab93f0445ce7f82c,0.6666666666666666,0.5,0.16666666666666663
2240,e6ae74a26df07a881439,0.16666666666666666,1.0,-0.8333333333333334
2240,fa61f85e7c68b27485d2,0.7,0.0,0.7
2265,10251dd31662b61b3cdb,0.3333333333333333,0.5,-0.16666666666666669
2265,5e86bda76d99001fb405,0.0,0.0,0.0
2265,a12d8cda139580ecf558,0.0,0.5,-0.5
2270,0a70c14cd72fc8ea29d8,0.5,0.5,0.0
2270,b15d5361f8a76461ea0d,1.0,0.0,1.0
2270,cb45c19f24baa5a31815,1.0,0.5,0.5
2270,dc6ba75c5032f81c9deb,0.5,0.0,0.5
2270,e234bb3ae5e3ab1bb5ef,1.0,0.0,1.0
2305,3a544fffcf54e2435807,0.5,1.0,-0.5
2305,7439e6f3ea38cceef24a,0.3333333333333333,0.5,-0.16666666666666669
2305,91f7081f0cfb703892b2,0.3333333333333333,0.0,0.3333333333333333
2305,b25c42921b44acacf024,0.0,0.0,0.0
2305,d057caaadc577ea1bdb4,0.25,0.5,-0.25
2325,0e994dee6015c7737f97,0.8,1.0,-0.19999999999999996
2325,3e2e2c9773c57d30ba24,0.8,1.0,-0.19999999999999996
2325,57f5b68c3fdcd59704b4,0.7142857142857143,1.0,-0.2857142857142857
2325,80da899349d0e723c77a,1.0,1.0,0.0
2339,a318acd2e1bbfd403f92,0.5,0.5,0.0
2339,dbfd1cd412f0cabbdfe3,1.0,0.5,0.5
2364,53b3c952c00d1cb1a6fb,0.3333333333333333,0.5,-0.16666666666666669
2364,62135d08b71bc8194279,0.6666666666666666,0.5,0.16666666666666663
2378,43864e32351b97b21308,0.3333333333333333,1.0,-0.6666666666666667
2378,96965721b017b34ba38d,0.3333333333333333,0.5,-0.16666666666666669
2378,9edddc2eec23d5381aef,0.6666666666666666,0.0,0.6666666666666666
2383,09169d3c1ec8d87457c2,0.6666666666666666,0.0,0.6666666666666666
2383,188526ed2c8314d2c7df,0.625,0.5,0.125
2383,e6ca615c3f9339991a63,0.5714285714285714,0.0,0.5714285714285714
2401,54959e4c2f7d3cabba93,0.8,0.0,0.8
2401,91b5252e9bf897d2a648,0.8,0.0,0.8
2401,a4b090f0948d545b5507,0.6666666666666666,0.5,0.16666666666666663
2407,07357c6940d42d52019e,0.0,1.0,-1.0
2407,4856068d09f1fb142d95,0.0,1.0,-1.0
2410,650f44ba18fafc9ff1e5,0.3333333333333333,0.0,0.3333333333333333
2410,8a56345a4e71598ef659,1.0,1.0,0.0
2419,4e3ffd57d278cecd42c9,0.4,0.5,-0.09999999999999998
2419,b1c1b3ab49805a842152,0.4,1.0,-0.6
2419,d89cd072845dc2c04935,0.25,0.5,-0.25
2420,0bf4ad63672ca7f7967c,1.0,0.5,0.5
2420,38803733f53e464f8ce4,0.75,1.0,-0.25
2420,85689fe3f535f2fd35c7,0.7142857142857143,1.0,-0.2857142857142857
2432,0eecbfdfe963ba570ade,1.0,0.5,0.5
2432,2d486ab76aeed0552dbe,0.3333333333333333,1.0,-0.6666666666666667
2432,7f46c35b35411f81c186,0.6,0.5,0.09999999999999998
2435,209b084ff5329654ca8b,0.3333333333333333,1.0,-0.6666666666666667
2435,7b08c2dedfd20903546d,1.0,0.5,0.5
2435,fbf5867b9d251487028d,0.6666666666666666,1.0,-0.33333333333333337
2436,1861bfb923f19035b5fd,0.3333333333333333,0.5,-0.16666666666666669
2436,37f898a4949c5aef336e,0.5,0.5,0.0
2436,f0abe91725b4b0426383,1.0,1.0,0.0
2444,048f6abdfda6670ca627,0.5,1.0,-0.5
2444,0e6dee1e6995e7b1dc39,0.5,0.5,0.0
2444,8c2e2f397eee8921a63d,0.5,0.0,0.5
2456,782c9b76bf8449b581e2,0.3333333333333333,0.5,-0.16666666666666669
2456,85293e4c25d468e43d32,0.6666666666666666,0.0,0.6666666666666666
2456,ba14533a5f0df5d256db,0.3333333333333333,0.0,0.3333333333333333
2462,3468b71186e796041d0f,0.8571428571428571,1.0,-0.1428571428571429
2462,3c04ab5e0206953aa044,0.75,0.0,0.75
2473,ba95181fcf979f4315b9,0.8333333333333334,0.0,0.8333333333333334
2473,cb6dae038cf6e871eae2,1.0,0.0,1.0
2473,cf151caa2450160fa387,0.3333333333333333,1.0,-0.6666666666666667
2475,0ee523a86352ade09f0d,0.8571428571428571,0.5,0.3571428571428571
2475,1dcb14e3b41d25f5cd23,0.6666666666666666,0.5,0.16666666666666663
2475,c25aae0ab2d1f7c5c639,0.6,0.5,0.09999999999999998
2484,70a06bf18a9ef799ed6f,0.5,0.0,0.5
2484,e455d04f14830fc3b4a9,0.5,0.5,0.0
2484,fd68284f807aceb76322,1.0,1.0,0.0
2497,cb6548ed1f3177a98040,1.0,0.0,1.0
2497,ddfe222b4989d42d61b5,0.5,0.0,0.5
2497,e2ec4bbefc863e059c15,0.75,0.5,0.25
2501,282410283f5ad6627631,0.25,1.0,-0.75
2501,28b6c32988f4066a948d,0.6666666666666666,0.5,0.16666666666666663
2501,bd36c07e8dedf18908cf,0.5,0.5,0.0
2507,086552726bc4f5ce606e,0.5714285714285714,0.0,0.5714285714285714
2507,318fddec49975726c225,0.6666666666666666,0.5,0.16666666666666663
2507,96c1da59b069ad4d401c,0.8571428571428571,0.5,0.3571428571428571
2512,3b41c1f62d363b327900,0.5,1.0,-0.5
2512,b3f94dcd410c90aecd71,0.5,0.5,0.0
2512,beb487241bffd29c3d82,0.0,0.5,-0.5
2529,c757b580c0fbca30ba7f,0.75,0.5,0.25
2529,d46807099ab32df6802c,0.75,0.0,0.75
2529,d9a15451396d57b1f316,0.5,1.0,-0.5
2533,19e9fe8ff09fad78de5b,0.3333333333333333,0.0,0.3333333333333333
2533,3978f4fd4b0e5b52b2db,0.6,0.0,0.6
2533,c10dfee8bc3d711f0ef1,0.5,0.5,0.0
2551,062660aeccae411c4b52,0.0,1.0,-1.0
2551,9c7d28507c321fa2346d,0.0,0.5,-0.5
2551,fa9f2325ecd62220523a,0.6,0.5,0.09999999999999998
2559,9733d2bc52a7008d8fc2,0.5,0.5,0.0
2559,a46eef6c5dbaf21d8862,0.3333333333333333,1.0,-0.6666666666666667
2559,f3dadcef9260c3bacf12,0.5,0.0,0.5
2565,631d963443717cdbb0cf,1.0,1.0,0.0
2565,8d46590432379f18fab4,0.3333333333333333,0.0,0.3333333333333333
2565,e6a7656e4eaddb10843f,0.75,0.0,0.75
2579,4c0265028d80ee0d2c71,1.0,1.0,0.0
2579,bb3d6a87ef5d25b1c694,1.0,0.5,0.5
2620,3005ff499de392251a2f,0.8,0.5,0.30000000000000004
2620,c5a79523850d7b7f820a,0.8,1.0,-0.19999999999999996
2620,c6a127c7ce19cb816846,0.8,0.5,0.30000000000000004
2623,6ce4dc62c465773cc407,1.0,0.5,0.5
2623,c3200749554e6ae466df,0.75,0.0,0.75
2623,cfb70a1db1445e20cdf5,0.75,1.0,-0.25
2629,3a760da5f9f69be4299e,0.8,0.0,0.8
2629,6729d2d1b1707a65014d,1.0,0.5,0.5
2629,c16a6d29d7d58f40535c,1.0,0.0,1.0
2640,599e83b7dd7c373d28ab,0.5,1.0,-0.5
2640,82c1d0df43f6bc8470a4,0.0,0.5,-0.5
2640,899baab0ecd508d74660,0.6666666666666666,0.0,0.6666666666666666
2650,954550c5b4033d880659,0.6666666666666666,0.5,0.16666666666666663
2650,ccfd5ed2399511c59598,1.0,0.5,0.5
2650,ec7fdb6657b17de5aa64,0.8,1.0,-0.19999999999999996
2658,27a9030c7b839b075acc,0.3333333333333333,0.5,-0.16666666666666669
2658,61182c2d4d0dc39d60bc,0.6666666666666666,0.5,0.16666666666666663
2658,95aef922a2cf7fec73a2,0.5,1.0,-0.5
2659,2baf2de21c3aca4efb51,1.0,0.5,0.5
2659,3616b0a0cfe7758b3775,0.8,0.0,0.8
2659,f64b76949bb936853b84,1.0,0.0,1.0
2665,0eb6571a8c05ff450034,0.5,0.5,0.0
2665,9ad85d227ccbabe0a32b,0.75,0.0,0.75
2665,d763e54f89792d109308,0.8333333333333334,0.0,0.8333333333333334
2667,451894fb7d18edbf354a,0.6666666666666666,1.0,-0.33333333333333337
2667,61ec18267c17a2333253,0.25,0.0,0.25
2667,86adb6dc94a479369ba7,0.3333333333333333,1.0,-0.6666666666666667
2704,00ed79a5bc462d9d25d9,0.8333333333333334,1.0,-0.16666666666666663
2704,5ea4c259b87bf7c7f4e4,0.3333333333333333,1.0,-0.6666666666666667
2704,e5a3eec565496aeeca3f,0.5,0.5,0.0
2719,85e38fdfe04b2dd587cc,0.5,0.0,0.5
2719,f06451abbd88f1174195,0.5,0.5,0.0
2729,42afacd0998b11c81e48,0.75,0.5,0.25
2729,6c79937a70c45edb37e4,1.0,1.0,0.0
2729,7b33dd2a7bfa0e719e24,1.0,0.0,1.0
2776,0a4cf5082cbaf6d5c967,0.3333333333333333,0.5,-0.16666666666666669
2776,1e07ba77bb5bb41b8bc7,0.75,0.0,0.75
2776,d03ed05e6145d32989f5,0.5555555555555556,1.0,-0.4444444444444444
2787,28a19deea4c5b09f233e,1.0,0.0,1.0
2787,738fcd4c95fdc42e16d9,1.0,0.5,0.5
2787,8c3f3fe2e6f4f430aabb,1.0,0.0,1.0
2807,1361bf0057455eed5f66,0.5,0.5,0.0
2807,44ef68bc51c51aa1f64c,0.8,0.5,0.30000000000000004
2807,9bc10ef6c7377491bf81,0.75,1.0,-0.25
2842,48330b437425fb176878,1.0,0.5,0.5
2842,cf6cdc929f1572fe722e,0.6666666666666666,0.5,0.16666666666666663
2842,e537305388caff291047,0.3333333333333333,1.0,-0.6666666666666667
2854,9dbb6276e8dbefde2ae0,0.5,0.5,0.0
2854,a4a531b15a59fe25e906,0.75,0.5,0.25
2854,fd7d0308aca35b3374fb,0.8,0.5,0.30000000000000004
2896,612f5d745be1360c6f6d,1.0,0.5,0.5
2896,924a4bab62a141e44562,0.5,0.5,0.0
2896,d11c62a6315594341ef2,0.5,0.0,0.5
2898,57a32edac684a948be64,0.6666666666666666,0.5,0.16666666666666663
2898,8a2a77cf37b0f988acb1,0.75,0.0,0.75
2898,9a1f8678d20896e680d7,0.6,1.0,-0.4
2951,279fed030ce14784ac45,0.6,0.0,0.6
2968,7e6a453b4abf798f257c,0.6666666666666666,0.0,0.6666666666666666
2968,a387e17da67a864dc8f7,0.2,0.5,-0.3
2968,c063698c5c2125ccd78e,0.0,0.0,0.0
2981,d27872ce8295054d0381,0.6,0.5,0.09999999999999998
2988,7abff59ad787f1cd2e8c,0.6,0.5,0.09999999999999998
2988,941ddce75204d55c9503,0.75,0.0,0.75
3020,a908fc5cc796099e5c0e,0.25,0.5,-0.25
3020,f9cbe4608b9a5086b7a3,0.0,0.5,-0.5
3044,3885fc5b43d843fef222,0.8333333333333334,0.5,0.33333333333333337
3044,9e17bd908de25fd0c3a5,0.8,0.0,0.8
3097,02c974abdaee4735a477,0.6666666666666666,1.0,-0.33333333333333337
3097,a9669368c0704795a5aa,1.0,0.5,0.5
3097,ef1f6e06b05ff012f0ee,0.3333333333333333,0.5,-0.16666666666666669
3114,15f425c659fba4ce2917,0.625,0.5,0.125
3114,5e4a9fea8423f08d690a,0.8,1.0,-0.19999999999999996
3115,248484fac7cd9db65039,0.8333333333333334,0.5,0.33333333333333337
3115,7c895b2224f42e05f2b3,1.0,1.0,0.0
3115,e7483e4777a7d3157c39,0.5,1.0,-0.5
3124,331d8e991d2e98e878e3,1.0,1.0,0.0
3124,50410373fe46fd3463a4,0.6666666666666666,0.5,0.16666666666666663
3124,5d8b8dade08399786630,0.75,0.0,0.75
3133,04616e0e9107a63e1881,0.3333333333333333,0.5,-0.16666666666666669
3133,96ed423c8e11e0cc5797,0.3333333333333333,0.5,-0.16666666666666669
3137,7107fb1ef5f2aab63f26,1.0,1.0,0.0
3137,d593381a08cbffd2bcf1,1.0,0.5,0.5
3160,4280820f32d40fec465b,0.8333333333333334,1.0,-0.16666666666666663
3160,db02e968c571dbe2d05a,0.5,0.5,0.0
3160,f60447b7d06cece0bc08,0.8,0.5,0.30000000000000004
3161,94bee4d22c22eb3aef90,0.6666666666666666,0.5,0.16666666666666663
3161,f3b739a44b9a92a1d11c,0.875,0.5,0.375
3165,4debfeeacee48c593a63,0.5,1.0,-0.5
3165,6362b3aee2549ca780c5,0.5,0.5,0.0
3165,70e81a8334e4a1ca944e,0.6,1.0,-0.4
3176,f888222f1c87f97c3522,0.4,1.0,-0.6
3286,0f320b2522783a8a5c56,0.25,0.0,0.25
3286,9702c646f522ab50224d,0.75,1.0,-0.25
3286,f5e8534e3e2a59fc991f,1.0,0.0,1.0
3291,46af1cbad7115ab30028,0.3333333333333333,0.5,-0.16666666666666669
3291,75d50ab9bbc295f722b9,0.3333333333333333,0.5,-0.16666666666666669
3291,b66f1dfb8a7ab5f62316,0.3333333333333333,0.0,0.3333333333333333
3297,349ea1e3318ad248da4f,0.6666666666666666,0.5,0.16666666666666663
3297,b25292e2ff28b0c71921,0.6666666666666666,1.0,-0.33333333333333337
3297,fb4cc8ae86c2fa05e165,0.3333333333333333,0.5,-0.16666666666666669
3313,45983ecea31d47630be2,0.75,0.5,0.25
3313,96c1d78b7910338dea39,0.3333333333333333,1.0,-0.6666666666666667
3313,cffb5e45647430105a3d,0.6666666666666666,1.0,-0.33333333333333337
3330,8f697970d56b3fb471d9,1.0,0.0,1.0
3330,a11d18f02ce029684f57,1.0,1.0,0.0
3330,de8c804fa521c3cbdb65,1.0,0.0,1.0
3353,43abd7c2ad5469234a7a,0.8,1.0,-0.19999999999999996
3353,805ea27209b765522204,0.6,0.5,0.09999999999999998
3353,d1d3fbd90e042d4b126f,0.4,1.0,-0.6
3358,4dac7e1d0d1c7b316441,0.75,0.0,0.75
3358,b35f5489e3de6707352a,0.3333333333333333,0.5,-0.16666666666666669
3369,4b423292cda99c69c356,0.6666666666666666,0.0,0.6666666666666666
3369,6d88136d84c9bc792940,0.2,0.5,-0.3
3369,974efd1da6c2872c4892,0.16666666666666666,1.0,-0.8333333333333334
3379,a0b713dd440317d9288c,0.6,1.0,-0.4
3379,bfe64d87a5f4c076697e,0.8461538461538461,0.0,0.8461538461538461
3380,2d18501ecff33fcf6ede,0.6666666666666666,0.5,0.16666666666666663
3380,6c9a802c3b906e51a72e,0.5,0.5,0.0
3380,a4dda2142f370bc426f3,0.6666666666666666,0.5,0.16666666666666663
3385,41ff40c13b81855c6687,0.8571428571428571,0.0,0.8571428571428571
3385,8def397149df4876ad1e,0.7142857142857143,0.5,0.2142857142857143
3389,45e800bd861c0f6feabd,0.0,1.0,-1.0
3389,701a94048d3087ab00e8,0.0,0.5,-0.5
3389,81335f6286e3d8ca6f05,0.0,0.0,0.0
3394,00d2fb20fe15cc27e7cc,1.0,0.5,0.5
3394,457dc33b7c29daaa6d75,0.75,1.0,-0.25
3403,232006ec7440d1bdd786,0.75,0.5,0.25
3403,7baab18078654b7675be,0.3333333333333333,0.5,-0.16666666666666669
3403,ca9b2b5b5db1e4b64e6e,1.0,0.0,1.0
3444,1ffe316a3650e29cf943,0.75,0.5,0.25
3444,651279f58381768581bc,0.3333333333333333,1.0,-0.6666666666666667
3444,7a7b50c36d1eb648cce5,0.25,0.5,-0.25
3450,24237e92777553bf2004,0.5,0.5,0.0
3450,6b3adcdc7f23d1b15f01,0.3333333333333333,0.5,-0.16666666666666669
3450,d41945d064ca342a2200,0.75,0.5,0.25
3469,052a8472c6ebe8ac114f,1.0,1.0,0.0
3469,572a30491716dceacf04,0.3333333333333333,1.0,-0.6666666666666667
3469,ded27e9dc347ed911162,1.0,1.0,0.0
3473,2369974ce6cfd90e8e49,0.8,0.5,0.30000000000000004
3473,ac35c8aa5740558be01c,1.0,0.5,0.5
3478,d9d4e5dccc62122ce859,0.25,0.5,-0.25
3480,32feee435260b8964221,0.25,1.0,-0.75
3480,7972df11b46b62bac15a,1.0,1.0,0.0
3480,f33c6c0975f70f6af973,0.5,1.0,-0.5
3518,0fb87851c3962ed491e0,1.0,0.5,0.5
3518,8d81f31c9f0ec897c38c,0.75,1.0,-0.25
3534,abdf87a3a998152c21d3,1.0,1.0,0.0
3558,25afa1dcb1a9499b5f09,1.0,0.5,0.5
3558,89cf3be1d6c85e3a2baf,1.0,1.0,0.0
3558,be3b73f58b05c75a1833,1.0,0.5,0.5
3573,61593f7a648d0779302c,0.8333333333333334,1.0,-0.16666666666666663
3573,b8ef2ddabf0ec8cfd74a,0.8,0.0,0.8
3573,fdb803a9557e540b2a68,0.6666666666666666,0.5,0.16666666666666663
3607,42975059cd93a9fa5d3f,0.0,1.0,-1.0
3607,70485ab30e6ccb3543fd,0.5,1.0,-0.5
3607,7d8fbd5262f6e093631d,0.5,0.0,0.5
3615,807ce6f4e08c5bbdf807,0.6666666666666666,1.0,-0.33333333333333337
3615,ca7dc70864d71861d0ab,0.7,0.5,0.19999999999999996
3615,f076ca2992cce277499f,0.5,1.0,-0.5
3618,043309fbcf824bc3d6e6,0.8,0.0,0.8
3618,116775a638d977ca150a,0.25,1.0,-0.75
3618,808c8ad96cdc86bbb548,1.0,1.0,0.0
3628,7f25fe4ccf7ebf43777a,0.25,1.0,-0.75
3628,c1653aabd82356f59533,0.0,1.0,-1.0
3628,c59d29583594f8676a1d,0.2,1.0,-0.8
3628,f2ec8f0c4d9e6f1d6529,0.0,1.0,-1.0
3652,7f047c32ef4f226a68ef,1.0,0.5,0.5
3652,8dc814c7a6782add5aa2,1.0,0.5,0.5
3652,f2aa7fcf8e7449a7750b,0.8,1.0,-0.19999999999999996
3664,353a1d77f15cc807c896,0.5,0.5,0.0
3664,4f6230ecf40bdc8baf15,0.75,0.0,0.75
3664,5beb61b676f80b5ec0c9,0.5,0.0,0.5
3666,8f41c7cb72a93bc48392,0.6666666666666666,1.0,-0.33333333333333337
3678,6d1b3d0be448f93ea03b,0.6,0.0,0.6
3679,b95856f3007bfc93ce77,0.0,0.0,0.0
3679,e6f881ac79f31820bc98,0.75,1.0,-0.25
3685,3c6697cf94a100eedbe9,0.3333333333333333,0.0,0.3333333333333333
3685,4cfbae3d93dc53fcdc1a,0.4,1.0,-0.6
3685,6150b01c55c569104709,0.3333333333333333,1.0,-0.6666666666666667
3685,7509c774d7772721407b,0.5,0.0,0.5
3694,9fa7a50e0f835e3e6457,0.25,0.0,0.25
3694,d9cf1d53420514967bb8,0.0,0.5,-0.5
3714,9172d109c68d9ee47554,0.4,0.0,0.4
3714,9cb6bea23e81d67a6950,0.4,0.0,0.4
3714,c4b36202da3883a7de56,0.5,0.5,0.0
3714,f2ce9e6f21c2728c8af3,0.6666666666666666,0.5,0.16666666666666663
3728,359bdfb6fe11f9342564,0.5,0.5,0.0
3728,3d193d33bfd08a567b19,0.6,0.0,0.6
3730,123aa1571f531b2b06d8,0.8333333333333334,0.0,0.8333333333333334
3730,6898d2e2733b8cb6c405,0.7142857142857143,0.5,0.2142857142857143
3762,46560ac64182da024358,1.0,0.5,0.5
3762,7c7321f92899408faff6,0.75,0.5,0.25
3762,90668a9e6fe71612574b,0.6666666666666666,0.5,0.16666666666666663
3762,c5265b3681fb01fb6d25,0.6666666666666666,0.5,0.16666666666666663
3762,ef3ecf9fb3602661e925,0.6666666666666666,1.0,-0.33333333333333337
3772,3562285d5ebf761e07f0,1.0,0.0,1.0
3772,47fa82ba1183739a5002,1.0,0.5,0.5
3772,85af7f9ef361b10c5877,1.0,0.0,1.0
3772,c6a2ec333997013dac57,0.7142857142857143,1.0,-0.2857142857142857
3772,e3f454b31e99524c2429,1.0,0.5,0.5
3781,9be5a5beee8ce41ef5e2,0.75,0.5,0.25
3781,ccf222e98252a5571f46,0.75,0.5,0.25
3781,f1c5a94cb78ff3afc803,0.75,0.0,0.75
3792,81f0b27646b0782cee64,0.5,1.0,-0.5
3792,a1299ad9002f30fbb438,0.5,1.0,-0.5
3792,c8f280991cdfb329c185,0.3333333333333333,1.0,-0.6666666666666667
3809,100b4d1eb2d7c47d9b56,0.7777777777777778,0.5,0.2777777777777778
3809,4ef02255810ddf334e32,0.6666666666666666,0.0,0.6666666666666666
3809,bb206ca31c8ef6dbf986,0.8,0.5,0.30000000000000004
3809,e3ec21d1a44534ad13df,0.8333333333333334,0.5,0.33333333333333337
3809,ee88e83a2b5435cec4ca,1.0,1.0,0.0
3822,3e4a313059a68749ec59,1.0,1.0,0.0
3822,461ea6dabb0c06f9ffdb,1.0,1.0,0.0
3822,9e3c2f104e39f8f1b16f,1.0,1.0,0.0
3822,ec3c3d712268299d5ea8,1.0,1.0,0.0
3854,3de16dcf9c41f3571410,0.0,0.0,0.0
3854,7d34aaad33a77269c2da,0.0,0.5,-0.5
3854,8b5ce6ecb9bfbf60378a,0.0,0.5,-0.5
3854,8c5bb79eb38a77bacaa7,0.5,0.5,0.0
3854,b17c4118ffd38113827a,0.0,0.0,0.0
3859,1d4656211a23974d8354,0.0,0.5,-0.5
3859,8bc1337f792a44b19fdc,0.7142857142857143,1.0,-0.2857142857142857
3859,f99e765857e1c3d873f6,0.0,1.0,-1.0
3859,fc25975b2499e27cf81e,0.0,1.0,-1.0
3864,0c4cfa9503d326c44802,0.5,0.0,0.5
3864,35019166149220788293,0.75,1.0,-0.25
3864,528a54b7bb9762e2e0a0,0.5,1.0,-0.5
3864,5b0e84bdb5aa3f318818,0.0,1.0,-1.0
3864,a13d48d873ad3fafc50c,0.0,0.5,-0.5
3881,0387dd905bc0d355e6be,0.5,0.5,0.0
3881,1fdfa5bf81865cabd208,0.6,0.5,0.09999999999999998
3881,816a0caa454c5fe04ef1,0.5,0.0,0.5
3881,9f672e556ce223a08b0e,0.0,0.0,0.0
3881,b8a256ab83fd0b3e5668,0.5,0.0,0.5
3916,a75773bd139336e1102a,1.0,0.5,0.5
3916,af534a4056470e16e1dd,0.5,0.0,0.5
3916,b055fd30879ebc2b1a49,0.0,0.5,-0.5
3916,c0732e692d922fedfae2,0.75,1.0,-0.25
3916,e9d46e0c861d6c856152,0.5,0.5,0.0
3918,0fd070d44618f833ec2b,1.0,0.5,0.5
3918,26edc41d637775fdacf1,0.8,1.0,-0.19999999999999996
3918,59e213ecd8115ba10ac5,1.0,0.5,0.5
3918,ed37307b1596d22f88c6,0.0,0.5,-0.5
3937,31a6800aef009b4822b4,0.0,1.0,-1.0
3937,838302ffec1a7c7daa19,0.3076923076923077,0.0,0.3076923076923077
3937,9ef3a88313f023ca44f9,0.6,0.0,0.6
3937,d43aedfe3c168b4a454a,0.2,0.0,0.2
3937,dea86e2c796d305fc0ef,0.25,0.0,0.25
3938,29a2610c7c5cee33a8ff,0.5,0.5,0.0
3938,470aa42003debcc54897,0.25,0.0,0.25
3938,83605676c6e6c2103e91,0.2,0.0,0.2
3938,abbfc0ff615404176de7,0.4,0.5,-0.09999999999999998
3938,ec28c2eb8c99bc578e1a,0.6,1.0,-0.4
3941,26f5142aaa54d02f4423,1.0,0.0,1.0
3941,2eccc6408f0e9e7430e9,0.6,0.5,0.09999999999999998
3941,902398363e221bb8ca27,0.3333333333333333,0.0,0.3333333333333333
3941,9ccab218b40f6c0438f6,0.6,0.0,0.6
3941,f927cd6ed959f8cc4980,0.4,0.5,-0.09999999999999998
3948,13e8206de3ee00a46a30,0.6666666666666666,0.0,0.6666666666666666
3948,f6e31c9367d13fb9a109,0.25,0.5,-0.25
3948,fa6ba620b50c602ed72a,0.5,1.0,-0.5
3955,6ab87e3b97235243234e,0.3333333333333333,0.5,-0.16666666666666669
3955,bf10e1f926d420ffdf5d,0.6666666666666666,1.0,-0.33333333333333337
3963,16a448d93a5a46a180c3,0.4,0.0,0.4
3963,185a445f3f08bde1e068,0.5,1.0,-0.5
3963,646414f887602d05753f,0.5,1.0,-0.5
3963,b673ba312cd49e741e14,0.8,0.5,0.30000000000000004
3963,bb94a0f7fc9375ea86ca,0.8333333333333334,0.5,0.33333333333333337
3972,1130eafe028e586dd7c9,0.5,1.0,-0.5
3972,3b31a848e4816be579fc,0.0,1.0,-1.0
3972,5521c0efc002f42b777d,0.5,1.0,-0.5
3972,f783ec0b88bff98f1c5d,0.5,0.5,0.0
3972,fbfbbe1e1492b308cc3f,0.5,1.0,-0.5
4028,5969741d2622aecedd5f,0.0,0.0,0.0
4028,b97ae37e21c361484420,1.0,1.0,0.0
4029,2f7bbc161d99d29bc40c,0.25,1.0,-0.75
4029,600bea2963e9c37555da,0.5,0.5,0.0
4029,7d730d82cb6ab90559e2,0.0,1.0,-1.0
4029,9f5eef331bf162eb27e4,0.6666666666666666,0.5,0.16666666666666663
4029,d09e879ff4ece9d99ee9,0.8,0.5,0.30000000000000004
4046,74967824fb9f29f1a586,0.25,0.5,-0.25
4046,fe2549bf26d81c96a465,0.8,1.0,-0.19999999999999996
4071,37f3c1edbfc771f8fb03,0.3333333333333333,0.0,0.3333333333333333
4071,58d36fe4ae380f939c25,0.6666666666666666,0.0,0.6666666666666666
4071,96366ea184d17134c2ef,0.3333333333333333,1.0,-0.6666666666666667
4071,9d8040ffe36642cb1b03,0.3333333333333333,0.5,-0.16666666666666669
4071,f4bedd4419f090b55875,0.3333333333333333,0.0,0.3333333333333333
4076,3e12c89a7c29c34598c6,0.75,0.5,0.25
4076,4536893ef2ee63ce2724,0.75,0.0,0.75
4076,60b670437b726288f2d6,0.6666666666666666,0.5,0.16666666666666663
4076,78e67346c95d38cd130b,0.6666666666666666,0.5,0.16666666666666663
4076,9ec7139cfd606aa29d76,0.5,0.0,0.5
