record,sentence_id,pos,inside,outside,diff
8,639209aad48c6e4b3bea,PRCL,0.9996466325628266,0.9489393797654591,0.05070725279736754
8,eab66f713c71d4809a94,NOUN,0.9852538616856281,0.00030954942735700005,0.9849443122582712
14,4555dc8aef54c80efea8,NOUN,0.00011515819437,3.8209921941539875e-05,7.694827242846013e-05
37,a66685689d36f671ec7e,ADVB,0.605932746734694,0.9385814114963491,-0.3326486647616551
38,fd73b4adfbd895f06ee4,NOUN,0.1466419878317391,0.9971759429053081,-0.850533955073569
48,1937a36a1b15ada3273c,NPRO,0.034577370740609,0.883215342000197,-0.8486379712595881
48,1937a36a1b15ada3273c,PRCL,0.9985409836195561,0.9781925971460521,0.02034838647350401
57,2eb0b717d7ba76168e2f,NOUN,0.9860417265899151,0.054771809671866005,0.9312699169180491
57,4cf37fb1251c61581e22,NPRO,0.6281286303797411,0.9920786113996981,-0.363949981019957
57,4cf37fb1251c61581e22,VERB,0.48976029186360703,0.13715762332494802,0.352602668538659
57,4dd455f8d848814d7ec9,VERB,0.000247357075922,0.073154234830449,-0.072906877754527
57,d089b67b206a08ade887,VERB,0.033421655338696,0.747667286744885,-0.714245631406189
58,aa63fb46ef3509d6c4a6,NPRO,0.9984813185786261,0.9909582208822301,0.0075230976963960305
58,aa63fb46ef3509d6c4a6,PREP,0.9919720961558776,0.9880970502420031,0.003875045913874442
67,a227deb83b160a90009a,ADJF,0.587522461567694,0.8247006125128531,-0.23717815094515904
67,a3ffab137cf8f5cfcaee,VERB,0.16503596268414603,0.282684781958605,-0.117648819274459
67,b97e80033ca3cef1c5d6,NOUN,0.060280157142252,0.000494721347615,0.059785435794637
73,9f2ac7f528ca33f6e11d,NOUN,0.0007835399084780001,0.794196837562808,-0.79341329765433
73,e57cd2eaf04b5b566cc4,NOUN,0.660171259451326,0.9396240100643181,-0.279452750612992
79,15b2ae1d84bf2238e8cb,NOUN,0.051908599058592506,0.0006990100977920001,0.05120958896080051
79,8df00af32747999d9c42,NOUN,0.028862815326613004,0.9809532521770861,-0.952090436850473
96,118e4ba91cd33e512710,VERB,0.012057499683756,0.9590769763147281,-0.9470194766309721
103,2c47fb352c85b2af5cb8,NOUN,0.8309472661516101,0.11924694952169551,0.7117003166299145
103,e905a06d1bd1d7afc790,VERB,0.317246017275956,0.9926956715432981,-0.675449654267342
103,eb1b641a9baa7a44a4c5,ADJF,0.0035144969503250003,0.433108940206604,-0.429594443256279
137,091417f293c3346b0f7a,VERB,0.180443369892638,0.06910445570227901,0.111338914190359
137,c4e8fb933c2274f1d33b,NOUN,4.804155106305073e-05,0.221290472524374,-0.22124243097331095
139,6ed7282b5081e901cbaa,NOUN,0.1325241945550625,0.000428966038178,0.13209522851688452
139,9f7482cba6d6d493a67a,NOUN,0.992788954897834,0.9894850653828011,0.0033038895150329095
153,6e42f4daaa373eb8302d,NOUN,0.491667007267704,0.042420043028955,0.449246964238749
153,865ee490ee3b0e2a3e12,INFN,0.9419538619659995,0.38454771416475303,0.5574061478012464
166,10e2488da67727f393aa,NOUN,0.9981671846889281,0.9966585605100431,0.0015086241788849764
166,3d82bfbaf1fe84f9354c,NOUN,0.7143829357493571,0.007157315457666,0.7072256202916911
166,45e0d54e1960cd8560b9,NOUN,0.9815501136060121,0.994387594044667,-0.012837480438654958
173,0891a9b1e1639ec447d7,NOUN,1.36297695102795e-05,0.21423957488873202,-0.21422594511922174
173,7499085ebaf8d0c201d4,NOUN,8.230930161312146e-05,0.0017698657250410001,-0.0016875564234278787
173,a76e2dc960c62328574d,NOUN,0.00034004420417500005,0.9686486800329721,-0.9683086358287971
185,4f59aaca2e7cb233c51f,VERB,0.489339278641913,0.004136788436948,0.48520249020496503
185,60e49ee317d4db81136b,NOUN,0.9266388902950811,0.001134656623873,0.925504233671208
185,8b02be65ed9d5ea9fcd9,NOUN,0.0648182010322595,0.011397764959019,0.053420436073240506
185,8edd9eefc68c620ff63f,NOUN,0.609098781931467,0.0528988209617355,0.5561999609697316
198,484995225680ce2b4db5,NPRO,0.44241975820410406,0.9605370200805831,-0.518117261876479
213,d2e9c96588f51b1ba40d,NOUN,0.015349747629096001,0.1966254971826185,-0.18127574955352252
218,40d36612852904daba0d,CONJ,0.17898248465378802,0.293584542147853,-0.11460205749406499
222,8e5a0e44323691be95cd,ADJF,0.6426120364910151,0.320827925551048,0.32178411093996706
222,8e5a0e44323691be95cd,NOUN,0.317829467841368,9.597549717156577e-05,0.31773349234419646
222,dd271feac81cceae48aa,NOUN,0.034142508844017004,0.7577603563828651,-0.7236178475388481
223,7a0a943581743ec4db3b,PREP,0.9989822742762251,0.9995362526060081,-0.0005539783297829892
226,669615dfc33d5dff7bac,INFN,0.07861120566332501,0.789053352471861,-0.710442146808536
246,1a6159b611484b4df94b,INFN,0.31127708363147205,0.621885820050589,-0.31060873641911696
246,e02ede4104985dee3293,NOUN,0.014576064969215001,0.08808740521163301,-0.07351134024241801
255,7061b21fda8b8a1d1046,ADVB,0.907679225769707,0.082097583477081,0.8255816422926261
294,79f0c06be50c7167d0c7,NOUN,0.41007117503448803,0.000410984674779,0.409660190359709
322,53e17488506a66d0dced,NOUN,0.5355476731329377,0.99703608884197,-0.4614884157090323
322,74f0218d187a4bb12e4b,NOUN,0.001706557343237,0.9866610460490091,-0.9849544887057721
322,8f96e1a4e995e6715133,NOUN,0.37084791625445973,0.000549490676568,0.3702984255778917
351,04f544e28c8e072c51fc,NOUN,0.0030059995484815003,0.757754123495412,-0.7547481239469306
351,51e1e048ed087bc82cc9,NOUN,0.5083290764396415,0.10829460835882102,0.40003446808082055
365,03f4b022d109565877f0,NOUN,0.6441591028629551,0.399438472418133,0.24472063044482206
365,4ecf1a1722631dc48c3f,NOUN,0.6709680124743156,0.7227326513927981,-0.051764638918482486
365,4ecf1a1722631dc48c3f,VERB,8.591630619317395e-06,0.046929301851542,-0.04692071022092269
365,b9ae5468d3c4fba9b5bb,ADJF,0.808506083078229,0.9735303202559181,-0.1650242371776891
380,094154d2d5996ac7d0c1,CONJ,0.6088481016112001,0.614029837080826,-0.00518173546962597
380,2bd54f06587f7a0c0611,VERB,0.325821186693447,0.9459300543646351,-0.6201088676711881
385,61012de1168658691fbc,VERB,0.17598867156685902,0.001496438415881,0.174492233150978
448,769fb2deb35ec829c1d3,NPRO,0.47140709690383203,0.11066478526931,0.36074231163452203
472,cf7fe74f090bf6597ea4,NOUN,0.0041207037551490005,0.9988077805224361,-0.9946870767672872
479,456a1874fcd3a162d1d0,NOUN,0.04177178161708801,0.14093577904043,-0.099163997423342
479,b44019969e5ba928781f,NPRO,0.588840830571235,0.644624442858173,-0.055783612286937956
485,15dc0cd7750ed9eca05d,NOUN,0.05251986875261701,0.9700747605277671,-0.91755489177515
507,7945137f0a926980b157,NOUN,0.7218950376239776,0.282369421030401,0.43952561659357653
507,bf9623b47d5ecfd47870,NOUN,0.6246586251178141,0.9930852514328261,-0.368426626315012
513,1744e0403403e40c0682,NOUN,0.9799274285641421,0.6192464268332251,0.360681001730917
519,3a0e9198dc5a3226d861,NOUN,7.357811965045205e-07,0.0019931717426320003,-0.0019924359614354958
519,81a44911255bca24c0e9,NOUN,1.708324690635615e-07,0.00023346170372100003,-0.00023329087125193647
519,e8b9f88b5f73b6344646,NOUN,0.000182907857337,0.0015543881016250002,-0.0013714802442880002
519,f82586dfb1830e5aec09,NOUN,0.31206404264666704,0.000607250309203,0.31145679233746404
550,8afc8503ee337673dbc6,NOUN,0.4978665590065485,0.00021916830139300002,0.4976473907051555
550,a3f1ccb56705f18761a3,NOUN,0.000492872754987,0.000273288097981,0.000219584657006
554,b7a52435959648d07501,NOUN,5.1727574032406876e-05,0.000546257447675,-0.0004945298736425931
554,dc6bd4f3d6f4fb9a98ac,NOUN,0.055999024015521,0.073883139929067,-0.017884115913546002
556,97a4759e7bfd18d89910,ADJF,0.795658457963334,0.038083083216584004,0.75757537474675
556,a387834d76848fb49eee,NOUN,0.024556036323279667,0.054786646269927006,-0.03023060994664734
556,e55327699bc0e6b407cf,NOUN,0.29223241788509297,0.670852922973166,-0.37862050508807304
567,ab5eab5f9d3ccb97aac4,ADJF,0.28939766943383205,0.998258648067297,-0.708860978633465
567,d9e82412abe96bad5d40,NOUN,1.9972657611850633e-05,0.023095224876753,-0.02307525221914115
643,08e20f2be274a64f2a20,VERB,3.211826738260293e-07,0.862214417466283,-0.8622140962836092
643,3bfd4c6a9a5053a3885c,NOUN,0.9865629932961001,0.460817875302495,0.525745117993605
661,1ace3a9bdff7411955e6,PRCL,0.9318279738903631,0.469649756654394,0.4621782172359691
670,923ef78587042d963130,NOUN,0.144347476530532,0.28789165426419705,-0.14354417773366504
670,da36dabd14b9373202c5,NOUN,0.011237207439952001,0.14623207942771702,-0.13499487198776502
696,92b4d502544543a2feef,VERB,0.128288338605763,0.021002543398245,0.10728579520751799
725,49dcf345726f3808c04f,NOUN,0.00017066388690400002,0.00013342283507900002,3.7241051825e-05
725,7f98ea20bfc7e5f42382,NOUN,0.38830138307836753,0.317591111124705,0.07071027195366253
753,7323e9fc14d8b4df1900,PRED,0.46148533660790403,0.9148246332429091,-0.45333929663500505
763,92b24c2e4ca0763e9e11,PREP,0.9770759051044361,0.9998330156695091,-0.022757110565073013
763,f024f018e97ed646c876,VERB,0.314578372861457,0.811171691605843,-0.496593318744386
781,19b17e4370ecd121630c,VERB,0.001531587411298,0.094802231017009,-0.09327064360571101
792,6c5324596428fc473e2f,NOUN,0.0047605795703445,0.0014935573407400002,0.0032670222296045
792,ce38f231c0097e67bd03,NOUN,0.5587386881623161,0.000520088279042,0.558218599883274
792,f0e5e64a3163443c87d9,ADJF,0.744087809245484,0.17092095917677003,0.5731668500687139
801,1f7c5e44755b3450e2b6,NOUN,0.508022984197934,0.00928896118732944,0.4987340230106046
801,2c114f8337242f8836a7,ADJF,0.0032598749628100004,0.9988576126534741,-0.9955977376906641
801,7b6cc4f50dd0e8e46833,NOUN,2.9805791477885805e-05,1.467841805084884e-06,2.8337949672800922e-05
801,c667553c881e4527c39c,NOUN,0.000284980938454,0.9506339655551541,-0.9503489846167001
803,5cd7c81b07c5b54a720e,NOUN,0.012568476503032002,0.3944125080912749,-0.3818440315882429
803,94e92312bc553eabda16,ADJF,0.034889525875065004,0.9675517626301651,-0.9326622367551001
803,bf59bc3fb5cadbb1bc3f,NOUN,0.35333748655217406,0.44951727632613103,-0.09617978977395697
803,bf59bc3fb5cadbb1bc3f,VERB,0.5614460312738616,0.22471166056277,0.3367343707110916
821,2e198354e3c578dda61f,CONJ,0.9144057103319371,0.981045373167824,-0.06663966283588696
821,7806686daedf06947dcd,NOUN,0.08749316531044868,0.833010482251845,-0.7455173169413963
821,7bebd1b717a978e89379,NOUN,0.0009667223907935001,0.12515817079135702,-0.12419144840056352
821,7bebd1b717a978e89379,VERB,0.0018512866386560002,0.8334804044310371,-0.8316291177923811
823,27d790af4aac0fc991b1,NOUN,0.6238663026325181,0.006188584886277,0.617677717746241
823,784884a87a996490ebe9,NOUN,3.9206685968027034e-05,0.014914356827139002,-0.014875150141170974
848,6d94baf65b18e175447f,VERB,0.062609714238679,0.22616426516759802,-0.16355455092891902
857,7f31d8361d29a9e8940f,NPRO,0.081939522507094,0.289571009252915,-0.207631486745821
857,a96f6b60f4457e704836,NOUN,0.0039278950723645005,0.09679130007603401,-0.0928634050036695
859,6e5b6644dd2448f6c1c3,CONJ,0.9524757248167921,0.33278993734379203,0.6196857874730001
870,22b55747154d0c780207,NOUN,0.060550314222847505,0.10220850400946001,-0.0416581897866125
974,1e8ecf490d1b1cd8aac1,ADVB,0.513065581137168,0.0018530141133140002,0.5112125670238541
1002,88d29ccd61ba0bc24551,NOUN,0.069488530851902,4.0368790854461275e-05,0.06944816206104754
1002,98f7bb352eb8ad91ff4b,NOUN,0.011655987397527,3.437443795662078e-07,0.011655643653147434
1049,8dcd0d1f6caf7c25bc8f,NPRO,0.6943129036407361,0.9558336142529891,-0.261520710612253
1049,c198a562be5ce9f44f88,NOUN,0.0162864883113865,0.06510106408819201,-0.04881457577680551
1077,680a497ebeb38aab0044,NOUN,0.355219534619767,0.004795737343096,0.350423797276671
1077,d9808c6c0b808b7e168b,ADJF,0.17599296716873503,0.0050035485978380005,0.17098941857089703
1077,d9808c6c0b808b7e168b,NOUN,0.28645765466948503,0.408242859693346,-0.12178520502386098
1077,ea386874270cc7ce4237,NOUN,0.6983750994963196,0.55416617058446,0.14420892891185955
1096,48cd0f401044ddc67aa7,ADJF,0.000564637097619,0.023033016828402003,-0.022468379730783004
1096,48cd0f401044ddc67aa7,NOUN,0.005102285843121001,0.0037420581672010004,0.0013602276759200004
1105,65eba81bad432b29a485,PREP,0.9968673680430961,0.997551016194363,-0.0006836481512669801
1105,b8352938dadc40353dff,NOUN,0.7235454481937661,0.457832270213119,0.2657131779806471
1110,94bade990522b788bf8b,CONJ,0.22623480583180203,0.108032187781377,0.11820261805042502
1110,d530a70916332c38e76b,VERB,0.3961534078696965,0.42666211710905005,-0.03050870923935356
1129,2a65e19bd1293e756931,NOUN,0.43504665102626705,1.604038624640706e-05,0.43503061064002063
1129,805852ba2efb8ee8df58,ADJF,0.274870657210737,0.11674777850595701,0.15812287870477998
1129,805852ba2efb8ee8df58,NOUN,0.482078107917361,0.035609150912992,0.446468957004369
1158,aa71e3c3d4094f2b7136,VERB,0.647627037773415,0.001970764229774,0.645656273543641
1175,24b0e258d888214fd6aa,NOUN,0.10968619134686501,0.008987944072373001,0.100698247274492
1186,e6357647dfe23f4df48b,COMP,0.014461045179369001,0.38890519410317603,-0.374444148923807
1215,0dbada456734b008b6f2,NPRO,0.745762692807698,0.9943043808899591,-0.24854168808226107
1215,1215ed3dc5ccb83899a1,NPRO,0.034368789018308005,0.9559947236286781,-0.9216259346103701
1215,46a42016c29bda3e5710,NOUN,0.11022185966419201,0.000330247431451,0.109891612232741
1215,e5a5a29d5d72319978b6,NOUN,6.715932639048745e-06,0.038379896645844,-0.03837318071320495
1350,0d02d005003e7719598a,PREP,0.9173458881196581,0.9563162294011961,-0.03897034128153798
1350,1fb7e49025db61cbc67c,VERB,0.06732663257829401,0.9219810014111831,-0.8546543688328891
1350,bae19de092034aada783,NOUN,0.0026986933593590003,0.137994135615051,-0.135295442255692
1350,c04d2bb0bc7c6290f8e7,NOUN,0.000165876736857,0.004306215942372,-0.004140339205515001
1350,cd252c7fb831f5d8036d,NOUN,0.241716534149776,0.23711222190521303,0.00460431224456298
1362,165e9c339975720b86f9,CONJ,0.9992327620908201,0.9886364545129721,0.010596307577848019
1362,6d20ac5527fcc3c74cfe,NOUN,0.17116818689684668,0.46859187909106204,-0.2974236921942154
1377,2bd118576e9a321eaaab,VERB,0.420072264324488,0.9628212426457181,-0.54274897832123
1377,71a6b20306d8bb5a7340,VERB,0.00034596031541600004,0.697530909378105,-0.697184949062689
1384,2d90a579f34000ca5895,NOUN,0.536197673629009,0.978069191842395,-0.441871518213386
1384,a124900062ccaa829451,NOUN,0.009798163746571002,0.129266508216964,-0.119468344470393
1384,c58091b117bfd8bf6270,NOUN,0.576273296010118,0.000264100070364,0.576009195939754
1385,81bb1db315c7b86c5d3a,NOUN,0.0005606961266830001,0.29692106498457704,-0.296360368857894
1385,924b53f670e007f5d5c3,NOUN,8.045394038752158e-06,0.09321024625551401,-0.09320220086147525
1387,1dd4e70b32ca44facde0,NOUN,0.446713496354926,0.9946592517474501,-0.547945755392524
1387,3989e67dacd7dc54ad46,INFN,0.428027521099802,0.9889251475518501,-0.5608976264520481
1387,449d65bf3792a99a4173,NOUN,0.970190882809526,0.1542265219107155,0.8159643608988105
1415,b21b473c8d6c2c89d4b9,NPRO,0.47972923444597204,0.559231222708928,-0.07950198826295596
1432,e56c4e415e70c614dc92,NOUN,0.48545977321266504,8.820916940891223e-07,0.48545889112097096
1463,6c815bd3ff42a3be3dd6,VERB,0.1427425170872,0.8006085233951251,-0.6578660063079251
1463,bc69b08c156b33ca8e73,VERB,0.037728069664132,0.6757389194739131,-0.6380108498097811
1463,f1b3fdcebd014b90cb37,NOUN,0.0009244065050120001,0.00040528298483500004,0.000519123520177
1463,ffc6997106c7a12280c7,NOUN,0.070694526962799,0.9721715768907411,-0.9014770499279421
1480,6f76c2f1993f32a4c038,ADJF,0.005193946705836501,0.025591148548723002,-0.0203972018428865
1480,ae16bf51969610460454,VERB,0.021158454597429002,0.289513160259085,-0.26835470566165603
1498,2a621ad535d149b64d6b,NOUN,0.005382867604989,0.0453131525851455,-0.039930284980156494
1498,c0b06317e8609e2a8529,NOUN,0.967757708160994,0.185645928138364,0.78211178002263
1498,cc5d8d8bd84b39b5da12,NOUN,0.8486377858707771,0.20567325078703502,0.6429645350837421
1498,dee84e5057f4a04882af,NOUN,0.13772977940744502,0.002371757501497,0.135358021905948
1541,769ce84fb45c0a352f1f,ADJF,0.11202851285184137,0.204504415241321,-0.09247590238947964
1541,769ce84fb45c0a352f1f,NOUN,0.27958765745954456,0.00025032121186,0.27933733624768453
1541,8106d017c5b7e0d3f888,VERB,0.29868316624786,0.000397286405766,0.29828587984209404
1541,fb901eedb373e3596028,VERB,0.6359312099519691,0.919565347770373,-0.28363413781840396
1549,c70cb10361a528a7e7e8,NOUN,0.957551427362465,0.4991949150295835,0.4583565123328815
1556,a074527de781f3718d16,NOUN,0.8084681973105816,0.056554429365526,0.7519137679450556
1559,023995b97f7187aaad61,PREP,0.9948942250743416,0.9980174347285931,-0.003123209654251502
1559,02e6b5cdbfad4538c710,NPRO,0.851877481814001,0.877228953054194,-0.02535147124019299
1559,02e6b5cdbfad4538c710,VERB,0.40795320310467903,0.6739775217636641,-0.26602431865898507
1559,23e8ad3b8cfac41aa120,NOUN,0.630986096168149,6.234434189363785e-06,0.6309798617339597
1559,6c8a70c3245cee4c8251,NOUN,0.49565106331144804,0.0051384926683700006,0.490512570643078
1559,d33894af99863e2571ac,NOUN,0.7817429111835871,0.005459212139520501,0.7762836990440666
1580,3e85df91c37ced750dae,NOUN,0.063250330486822,0.016424093144479002,0.04682623734234301
1580,59b18ee93e2a413f7f2f,ADJF,0.015381934419495001,0.005198827464365,0.01018310695513
1590,0a35c39be846173cd6ac,NOUN,0.016357308122154,0.179062172411721,-0.162704864289567
1590,0a35c39be846173cd6ac,PREP,0.546097428549159,0.911011152549224,-0.36491372400006505
1590,976991e8b6d8be30947d,NOUN,2.2624418937294685e-05,6.517329689067573e-06,1.6107089248227112e-05
1610,60cb2498f5662e30fd26,PREP,0.999282636655429,0.9998026283818591,-0.0005199917264300247
1610,b7beec18ff0e9c82ecdd,NOUN,0.8731169266381491,0.7841422588643081,0.088974667773841
1610,b7beec18ff0e9c82ecdd,VERB,0.9859786783906671,0.954273827219941,0.03170485117072608
1631,4b474f7183daa15cb9cd,NOUN,0.17034007876263502,0.6133246191982615,-0.4429845404356265
1631,ed9bcba1bec06b792161,PREP,0.9918519852137141,0.9678650114289371,0.023986973784776988
1631,fb5c0c97a11292e38e44,VERB,0.475722018159818,0.802022679151113,-0.326300660991295
1642,05824c54c591abdee911,ADJF,0.000180485747999,0.002717149504976,-0.002536663756977
1642,05824c54c591abdee911,NOUN,0.013303731336217001,0.18646196569834603,-0.17315823436212902
1642,d609577103a493c67997,NPRO,0.801786820646406,0.834047175530753,-0.032260354884346976
1662,3a4d813ece13f3747b3e,NOUN,0.45454589999885003,0.32545919454252836,0.12908670545632167
1662,c29d09d75ef6f51d96da,PREP,0.9980288336570301,0.997573278523628,0.00045555513340211906
1662,fb524e4c97d04f32994f,NOUN,0.9919330072906466,0.480957578366667,0.5109754289239796
1713,cbc8eccd675701131c55,NOUN,0.032167768115700004,0.9967557878885661,-0.9645880197728661
1720,6c6af9fbcaee29f5ebec,NOUN,0.3241766250824687,0.029932279264590002,0.29424434581787867
1720,fe4f76f4e5a39cc91f73,NOUN,0.025901224521353003,0.920570550230794,-0.894669325709441
1729,4f73b24b8c0103e492fa,NOUN,0.146140205624813,0.9946452172017691,-0.8485050115769561
1729,b1f64987c0625e7b6095,CONJ,0.23513701456563502,0.9782432453054931,-0.7431062307398582
1729,b1f64987c0625e7b6095,NOUN,0.415203510927831,0.676591823064843,-0.261388312137012
1729,ece8216e0bd1e54cdc12,VERB,0.012528726162090002,0.243360715300234,-0.230831989138144
1751,2ed6e4338def475486a3,NOUN,0.237418483549888,0.723678527769223,-0.486260044219335
1751,2ed6e4338def475486a3,VERB,0.862738646525756,0.003216213769693,0.859522432756063
1751,3be522fcafc676ae2454,NOUN,0.208315081152694,0.001551550089263,0.206763531063431
1751,76df68c2456592e03ead,NOUN,0.184165183477763,0.200687197508987,-0.016522014031223997
1756,28b21a4cfb437bc34659,NPRO,0.8423235011561581,0.8087814073745271,0.03354209378163098
1756,456120fa284a00c9212e,NPRO,0.9955865293105121,0.9790091980318091,0.016577331278702978
1766,b7f60ca272c730aca9a8,NPRO,0.36362871267016,0.15203096750467401,0.211597745165486
1766,dded557011c41da8477a,NPRO,0.126914288172207,0.9928680359655141,-0.865953747793307
1767,bc325917e477a5357c03,NPRO,0.9747508107120181,0.9720018019187815,0.0027490087932365848
1794,f879f84bda8e9a6f0491,ADJF,0.09349130186912401,0.000720817489456,0.092770484379668
1804,008781dff9e5cff0bdcd,NOUN,0.8749650062011071,0.5512989500640261,0.323666056137081
1804,008781dff9e5cff0bdcd,PRCL,0.7090063571203461,0.53532750592064,0.17367885119970605
1804,3a454007a0bf5d8738eb,NOUN,0.009931749976281,0.34601828472417606,-0.33608653474789507
1804,fbc47c075aa41203daa2,NOUN,0.00010160659085500001,0.018629932176286,-0.018528325585431
1809,1b0affcd7223d39cf60c,NOUN,0.284080475934101,0.007654947219233,0.27642552871486803
1809,afee39f147d43ebdf68d,CONJ,0.08646713371332801,0.8060892394538931,-0.7196221057405651
1809,c7d27e68d27de5cb7a24,NOUN,0.073570763977505,0.9998151405644661,-0.926244376586961
1816,21f2ce28b461fbdbab3a,VERB,0.010709792436508,0.055997368490234005,-0.045287576053726006
1816,70f1a2835defb79fe9a0,NOUN,0.9897058231114141,0.3687500281438135,0.6209557949676006
1830,81f9d2c3d0e46a2ff41e,NOUN,0.02382861804021803,8.766124585477087e-06,0.023819851915632552
1830,ba9b73c03c422f4d8316,NOUN,0.41370227127778353,0.9321648092782411,-0.5184625380004575
1854,0e536d1b408d51935f10,NOUN,0.00066504509451,0.41281832080609204,-0.41215327571158206
1854,e324246944c4ecacc569,NPRO,0.024646632844613003,0.184603096835689,-0.15995646399107602
1854,faa0333c7d0623675979,NPRO,0.47883724285903906,0.145196662624234,0.33364058023480503
1865,4323f22235816083643f,ADJF,0.3106455101118185,0.3980931940503,-0.08744768393848151
1865,4323f22235816083643f,NOUN,0.5627582484053163,0.869864875428465,-0.3071066270231487
1865,ed07844dd0dc77b7686d,NOUN,0.1832342042956315,0.8080162635890601,-0.6247820592934286
1868,5cfe439cd07e941a0dab,NOUN,0.3251022193748533,0.0015122693696400001,0.3235899500052133
1868,5cfe439cd07e941a0dab,VERB,0.8192705668992564,0.090527929053382,0.7287426378458743
1868,9564e0479a912f28b417,PREP,0.9645929868531641,0.975571428957785,-0.010978442104620956
1868,c67456ecf60b07dff256,NOUN,0.1337986362464035,0.007349057448497001,0.1264495787979065
1868,c67456ecf60b07dff256,VERB,0.000938500947639,0.13590038042975,-0.134961879482111
1875,2105ce9d3af1dc7f0b21,PREP,0.9996963469717111,0.9994794457150141,0.00021690125669693305
1875,2105ce9d3af1dc7f0b21,VERB,0.48369307793581406,0.22789771896556602,0.2557953589702481
1875,2bc70dfce542e0959252,NOUN,0.4306671192697144,0.626581220336035,-0.19591410106632062
1875,2bc70dfce542e0959252,VERB,0.6635392065412561,0.380955665475309,0.2825835410659471
1875,c6e232fa4663a0d24bed,NOUN,0.2523082296971532,0.9445450636185001,-0.6922368339213469
1882,06238022166b333d7902,NOUN,0.12181055232943,0.45493977650711204,-0.33312922417768204
1882,0d73adbeddc7a43fd92f,PREP,0.9370333175431066,0.9985245809372381,-0.06149126339413147
1882,4ea4174f2fa0dae4ce80,VERB,0.12343618192191101,0.49387267608946706,-0.37043649416755603
1882,83baa076dc8658d44f1b,NOUN,0.9359581237645501,0.0019995194660650003,0.9339586042984851
1882,83baa076dc8658d44f1b,PRED,0.988864178680922,0.9977529587533701,-0.008888780072448088
1882,e149c2b9164724bb729a,NPRO,0.9856277966060976,0.8186501853716046,0.16697761123449295
1900,3e734f1f939507d27d88,NOUN,0.053793620963895006,0.07125162405627901,-0.017458003092384003
1900,986f2832819e4d173ee4,ADJF,0.262103378011426,0.00038915066339300004,0.261714227348033
1900,986f2832819e4d173ee4,NOUN,0.5079010985333421,0.047479184079842,0.4604219144535001
1900,a2a6bc158ffb039d3c71,NOUN,0.09112750009431,0.6098768357423665,-0.5187493356480565
1943,49819695f470f4dc8f70,NOUN,0.017495907402511002,0.050559985196721,-0.03306407779421
1943,728402a289719aa4fbba,NOUN,0.9885039947615061,7.467147861190022e-06,0.9884965276136449
1943,fb2cc561526eb9a4204c,NOUN,0.000153767073364,0.141046755536501,-0.140892988463137
1957,871d90c82274e8fd94c1,NOUN,0.07785150481918601,0.11487415911408201,-0.037022654294896
1957,96444af09d73a3617914,CONJ,0.920480848551349,0.8159106995320411,0.10457014901930795
1957,96444af09d73a3617914,NOUN,0.0052129703251740005,0.034269880633929,-0.029056910308755002
1977,1e330436307618fa039f,NOUN,0.07276961114028833,0.00197100534097,0.07079860579931833
1977,2cfe57a05cfc9d344630,NOUN,0.14808295118125,0.9853726000890031,-0.837289648907753
1977,45acbe0a14e63177dfec,ADJF,0.074501591858979,0.40691890461358304,-0.33241731275460407
1977,45acbe0a14e63177dfec,NOUN,0.37863818030667407,0.011359913523739001,0.36727826678293507
1977,af4815185b59499b68f7,NOUN,0.8530491833066896,0.9988304527196357,-0.1457812694129461
2010,4213a4785e937ef1ed4d,NOUN,0.128415181581925,0.00019674449847500002,0.12821843708345
2010,74d33f9749c7604c2763,NOUN,0.287333134372565,0.9970410659478771,-0.7097079315753121
2041,eb33845cda908c294e48,NOUN,0.021488033608041003,7.375452655745642e-07,0.02148729606277543
2047,0065228b5b83491ca63d,NOUN,0.015158126001006002,1.2753731368319822e-05,0.015145372269637683
2047,f78bfc31b023476d31e3,NOUN,0.628426096056244,0.0008228399309060001,0.627603256125338
2053,8e69fd5f9b65841148e4,ADVB,0.00041193371782500003,0.039350816600665,-0.038938882882840004
2061,593793ff50002b23843f,NOUN,0.291588057599075,0.4258695689492065,-0.1342815113501315
2135,d36aa6f9bbc9ab250ec0,NOUN,0.006344195254703865,0.05851424351221401,-0.05217004825751014
2150,19e6ea93afdd87cb5116,VERB,0.22628659023921702,0.9926971988513291,-0.7664106086121121
2150,4e90bf1eae1062195122,VERB,0.0032872840650310002,0.016524171632433002,-0.013236887567402003
2150,bf2bd49ac55fd5427894,VERB,0.034599529517975,0.9517642084940661,-0.9171646789760911
2152,cf02abf4c99c0540cfca,NOUN,0.582580242841687,0.6134135444065271,-0.0308333015648401
2152,e6820caf709c50cc64bb,CONJ,0.9355266097024121,0.515225193692968,0.42030141600944404
2183,4121599b12f91dd918c4,NOUN,1.3321071525243298e-07,0.17680061440948502,-0.17680048119876976
2183,89f3c475991235bad031,NOUN,0.006365167311810001,0.018543356046029,-0.012178188734219
2183,8cbba82a3ab577b61bf0,NOUN,1.264285974610526e-05,0.005611719811932,-0.005599076952185895
2183,e3627dd7697532750a16,NOUN,0.497336908583957,0.35205135671638504,0.14528555186757197
2186,3fc6ffd39b1000ed6918,NPRO,0.10011404971240201,0.176803122504075,-0.076689072791673
2186,688bf3ddeee6ef20830f,NPRO,0.685124139579475,0.915350909646059,-0.23022677006658399
2191,8c5ffe38a06807b0bb27,CONJ,0.856296361628438,0.179080829677834,0.677215531950604
2191,b9ffd6888319e6225d24,NOUN,0.9978428030636121,0.995567505879354,0.002275297184258007
2215,1d0223988279c73b76c9,NOUN,0.21874964734666502,0.045973998206997005,0.17277564913966803
2240,fa61f85e7c68b27485d2,NOUN,0.5680784028818427,0.1299948506727065,0.43808355220913625
2265,10251dd31662b61b3cdb,NOUN,0.18447062182682303,0.00110045898049,0.18337016284633303
2265,5e86bda76d99001fb405,NOUN,0.048483698875059,0.08302027486029749,-0.03453657598523849
2265,a12d8cda139580ecf558,NOUN,0.0029607930438960003,0.60360076702331,-0.600639973979414
2270,e234bb3ae5e3ab1bb5ef,VERB,0.17342927993866,0.005494462767894,0.167934817170766
2305,7439e6f3ea38cceef24a,ADVB,7.77259711358876e-06,0.681482997959152,-0.6814752253620384
2325,3e2e2c9773c57d30ba24,VERB,0.30210944311187804,0.8850344614422531,-0.582925018330375
2364,53b3c952c00d1cb1a6fb,VERB,0.0005428076560590001,0.077836954162929,-0.07729414650687
2378,43864e32351b97b21308,VERB,0.005350020347216,0.19425049606920403,-0.18890047572198804
2383,09169d3c1ec8d87457c2,NOUN,0.007507381133178,0.119533755455535,-0.112026374322357
2383,188526ed2c8314d2c7df,NOUN,0.251255404399716,0.963346893659161,-0.712091489259445
2383,e6ca615c3f9339991a63,ADJF,0.030304776235425,0.0019248332526620002,0.028379942982763
2419,4e3ffd57d278cecd42c9,NOUN,0.0009373466293100001,0.9950218114542551,-0.9940844648249451
2420,85689fe3f535f2fd35c7,PREP,0.9971205890307451,0.994566206697129,0.0025543823336160454
2432,7f46c35b35411f81c186,NPRO,0.17393340137979202,0.038018318267021005,0.135915083112771
2436,f0abe91725b4b0426383,VERB,0.654785518696346,0.205917788636333,0.448867730060013
2462,3468b71186e796041d0f,NOUN,7.340408782266567e-05,0.97716832449748,-0.9770949204096574
2462,3468b71186e796041d0f,PREP,0.9959073171278381,0.9977610286826751,-0.0018537115548370453
2473,ba95181fcf979f4315b9,NOUN,0.966689725550512,0.000130185105699,0.9665595404448131
2473,ba95181fcf979f4315b9,VERB,0.10225249997223601,0.303562572355072,-0.201310072382836
2473,cb6dae038cf6e871eae2,NOUN,0.781967650321801,0.004156474941594,0.777811175380207
2473,cb6dae038cf6e871eae2,VERB,0.22177028799619602,0.005294165560969,0.21647612243522701
2475,0ee523a86352ade09f0d,VERB,0.5705233990232931,5.940826533547461e-05,0.5704639907579576
2475,c25aae0ab2d1f7c5c639,VERB,0.009929668798207001,0.044846335174752006,-0.034916666376545
2484,fd68284f807aceb76322,VERB,0.788781382254062,0.576885085633394,0.211896296620668
2497,cb6548ed1f3177a98040,VERB,0.554191840557902,0.000339133571406,0.553852706986496
2497,ddfe222b4989d42d61b5,VERB,0.0030348047585990003,0.013618843577610002,-0.010584038819011002
2501,28b6c32988f4066a948d,NOUN,1.295166811628234e-05,0.996012912429004,-0.9959999607608877
2507,086552726bc4f5ce606e,NOUN,0.0009710821820090001,0.011733429873215,-0.010762347691206
2551,9c7d28507c321fa2346d,VERB,6.853888757785704e-06,0.09894839343592,-0.09894153954716221
2559,9733d2bc52a7008d8fc2,VERB,0.103792229633512,0.006605745720580001,0.09718648391293201
2623,6ce4dc62c465773cc407,NPRO,0.865025132488613,0.017064304575297,0.8479608279133161
2623,6ce4dc62c465773cc407,VERB,0.470368287703803,0.6712553822775781,-0.20088709457377507
2623,c3200749554e6ae466df,VERB,0.082026752763405,0.0001540385111,0.081872714252305
2623,cfb70a1db1445e20cdf5,VERB,0.013206207837095,0.9506120552432571,-0.9374058474061621
2629,3a760da5f9f69be4299e,ADJF,0.741495480046496,0.000137429460381,0.741358050586115
2629,3a760da5f9f69be4299e,NOUN,0.9436643515924841,0.16779176589793202,0.7758725856945521
2629,c16a6d29d7d58f40535c,NOUN,0.8215743956369066,0.04449855398892748,0.7770758416479792
2640,899baab0ecd508d74660,INFN,0.13695612122813902,0.0050125060341390006,0.13194361519400002
2650,ec7fdb6657b17de5aa64,NOUN,0.174272616023516,0.9939716691799461,-0.8196990531564301
2658,27a9030c7b839b075acc,ADJF,0.000609289283965,0.009992406404942,-0.009383117120977
2658,61182c2d4d0dc39d60bc,NOUN,0.015276524593127002,0.16736284902474913,-0.15208632443162212
2658,95aef922a2cf7fec73a2,VERB,0.29481361277246704,0.8530407250225611,-0.5582271122500941
2659,3616b0a0cfe7758b3775,NOUN,0.705488368651605,0.0038411843884300005,0.7016471842631751
2659,f64b76949bb936853b84,PRCL,0.9987653259570041,0.145693667801247,0.853071658155757
2665,d763e54f89792d109308,NOUN,0.8894107604741475,0.030706229838878003,0.8587045306352694
2667,451894fb7d18edbf354a,NOUN,0.000133883795503,0.197147703769705,-0.197013819974202
2667,61ec18267c17a2333253,VERB,0.18137261466123503,0.005573018142474,0.17579959651876104
2667,86adb6dc94a479369ba7,NOUN,3.084294867735808e-05,0.9641869798508741,-0.9641561369021967
2704,00ed79a5bc462d9d25d9,PRCL,0.560771247030667,0.9977255456877191,-0.43695429865705204
2704,5ea4c259b87bf7c7f4e4,NPRO,0.9867697973898101,0.988820116736522,-0.0020503193467119596
2704,5ea4c259b87bf7c7f4e4,VERB,0.039771463626618,0.580725452048888,-0.54095398842227
2704,e5a3eec565496aeeca3f,VERB,0.181998406820636,0.032848797223400006,0.149149609597236
2719,85e38fdfe04b2dd587cc,NOUN,0.09287027647451951,0.011460319690436,0.08140995678408351
2719,f06451abbd88f1174195,NOUN,0.09468573539696501,0.781781085485986,-0.687095350089021
2729,42afacd0998b11c81e48,ADJF,0.0009601234520070001,0.855687029639665,-0.854726906187658
2729,6c79937a70c45edb37e4,NOUN,0.9221126510570441,0.21485416526683201,0.7072584857902121
2776,d03ed05e6145d32989f5,NOUN,0.064962134442321,0.157140580602523,-0.092178446160202
2787,8c3f3fe2e6f4f430aabb,VERB,0.28443356881820203,0.012360828371655001,0.27207274044654706
2807,44ef68bc51c51aa1f64c,NPRO,0.994411994648233,0.007269273173962001,0.9871427214742711
2842,e537305388caff291047,VERB,0.0007682324672960001,0.330276242805838,-0.329508010338542
2854,a4a531b15a59fe25e906,VERB,0.598978156567865,0.009502200456585001,0.58947595611128
2854,fd7d0308aca35b3374fb,ADVB,0.026802616083491004,0.12112284588826601,-0.094320229804775
2854,fd7d0308aca35b3374fb,CONJ,0.8343847459643841,0.9740667147695281,-0.13968196880514405
2896,d11c62a6315594341ef2,VERB,0.010826930444203001,0.0036131635241050002,0.007213766920098001
2898,57a32edac684a948be64,NOUN,0.19862965761780302,0.963799142406586,-0.765169484788783
2951,279fed030ce14784ac45,NOUN,4.580146785453723e-06,0.004290002381666,-0.004285422234880546
2968,a387e17da67a864dc8f7,VERB,0.014718278050513001,0.008862917216991001,0.005855360833522
2981,d27872ce8295054d0381,VERB,0.8778531933033641,0.014455674478946001,0.8633975188244181
2988,7abff59ad787f1cd2e8c,NOUN,0.9686171386695991,0.38892239445604204,0.579694744213557
2988,941ddce75204d55c9503,NOUN,0.9762691161214561,0.020190456964594,0.9560786591568621
3044,3885fc5b43d843fef222,NPRO,0.49928064192331006,0.09378252839282,0.40549811353049003
3044,9e17bd908de25fd0c3a5,NOUN,0.004209343132286001,0.0100569136956105,-0.0058475705633245
3114,5e4a9fea8423f08d690a,PRCL,0.369489701640687,0.35083279530764605,0.018656906333040957
3133,04616e0e9107a63e1881,VERB,0.0024470784940580003,0.7896113165654821,-0.7871642380714241
3133,96ed423c8e11e0cc5797,VERB,0.004410264511285,0.003848235346217,0.000562029165068
3160,4280820f32d40fec465b,NPRO,0.282004383854252,0.527270494545867,-0.24526611069161502
3160,f60447b7d06cece0bc08,ADVB,0.7052309277286536,0.051316973450028,0.6539139542786256
3161,f3b739a44b9a92a1d11c,NOUN,1.4303167751914222e-05,0.48364540253793703,-0.4836310993701851
3176,f888222f1c87f97c3522,NOUN,0.0017342915513860002,0.8086012567397476,-0.8068669651883615
3286,9702c646f522ab50224d,VERB,0.5364404318325691,0.9798384932988161,-0.44339806146624705
3291,46af1cbad7115ab30028,NOUN,0.08362793336170901,0.13679985211460202,-0.05317191875289301
3297,b25292e2ff28b0c71921,VERB,0.968050420802336,0.367223011593702,0.6008274092086341
3353,805ea27209b765522204,NOUN,0.31597498864066703,0.000542134902771,0.31543285373789604
3369,4b423292cda99c69c356,NOUN,0.378823317527543,9.138569739477526e-06,0.3788141789578035
3369,6d88136d84c9bc792940,ADJF,7.492164245086166e-07,0.35957743884949706,-0.35957668963307254
3379,bfe64d87a5f4c076697e,CONJ,0.9904388491719931,1.076860741722318e-05,0.9904280805645759
3380,2d18501ecff33fcf6ede,NOUN,5.586947072270849e-05,0.984405323147958,-0.9843494536772354
3380,6c9a802c3b906e51a72e,NOUN,0.027743802848614003,0.006452042096469,0.021291760752145002
3380,a4dda2142f370bc426f3,NOUN,0.19666338622123503,0.0019324047660480002,0.19473098145518702
3385,8def397149df4876ad1e,NOUN,0.012951479718450001,5.974578438230961e-06,0.01294550514001177
3389,45e800bd861c0f6feabd,NOUN,0.0003450572455790873,0.20327642549980401,-0.20293136825422492
3389,81335f6286e3d8ca6f05,NOUN,0.019652810712155,0.002611680132971,0.017041130579184
3403,232006ec7440d1bdd786,NOUN,0.10639468756056,0.0012033966319250002,0.10519129092863501
3403,7baab18078654b7675be,NOUN,0.11872821988440901,0.236731022730502,-0.11800280284609299
3403,ca9b2b5b5db1e4b64e6e,NOUN,0.5363841600065945,0.159720617881486,0.3766635421251085
3444,1ffe316a3650e29cf943,NOUN,0.5623641017166581,0.008398183414324,0.5539659183023341
3444,1ffe316a3650e29cf943,NPRO,0.9993719233304441,0.40776163875825505,0.5916102845721891
3450,24237e92777553bf2004,NOUN,0.10088232279896901,0.50788655255055,-0.407004229751581
3450,d41945d064ca342a2200,NOUN,0.0009499423054340001,0.45703429083216607,-0.4560843485267321
3469,052a8472c6ebe8ac114f,NPRO,0.9723004861834981,0.6274035817389001,0.344896904444598
3469,572a30491716dceacf04,NPRO,0.855852460854094,0.7960711737982611,0.059781287055832966
3573,b8ef2ddabf0ec8cfd74a,NOUN,0.142873619274335,3.470768442733602e-05,0.14283891158990766
3607,70485ab30e6ccb3543fd,VERB,0.09291680238301701,0.47216126317327906,-0.37924446079026203
3607,7d8fbd5262f6e093631d,VERB,0.010781007966767,1.8835336864703722e-05,0.010762172629902296
3615,807ce6f4e08c5bbdf807,NOUN,0.548094909391723,0.8835510754208511,-0.3354561660291281
3615,ca7dc70864d71861d0ab,NOUN,0.4959062952358812,0.8263444149103341,-0.33043811967445286
3618,043309fbcf824bc3d6e6,ADVB,0.003330092138198,0.035569839000129,-0.032239746861931
3618,116775a638d977ca150a,VERB,0.06948046411758001,0.515524056125521,-0.44604359200794097
3628,7f25fe4ccf7ebf43777a,NOUN,0.13316809627228152,0.9481770856623241,-0.8150089893900425
3628,c1653aabd82356f59533,NOUN,9.542265641845335e-05,0.585339093178839,-0.5852436705224205
3664,5beb61b676f80b5ec0c9,VERB,0.28942157815255803,0.007514400817607,0.281907177334951
3679,e6f881ac79f31820bc98,NPRO,0.8481274949145261,0.766243808455334,0.08188368645919208
3679,e6f881ac79f31820bc98,VERB,0.980694416849423,0.37910205281709003,0.6015923640323331
3714,9cb6bea23e81d67a6950,NOUN,0.003047577481023,1.374406792643799e-10,0.003047577343582321
3730,123aa1571f531b2b06d8,NOUN,0.6862023543237802,0.000151197210307,0.6860511571134732
3772,c6a2ec333997013dac57,NOUN,0.011405425208106501,0.997885653933479,-0.9864802287253726
3792,81f0b27646b0782cee64,PRCL,0.27555170055690903,0.9986672306927071,-0.7231155301357981
3792,c8f280991cdfb329c185,ADJF,1.1567958416089419e-07,0.5605893131854971,-0.560589197505913
3809,100b4d1eb2d7c47d9b56,ADJF,0.6824168954067541,2.6085896719919092e-05,0.6823908095100342
3809,4ef02255810ddf334e32,NOUN,0.39876787736441155,0.08814568151045002,0.31062219585396156
3854,7d34aaad33a77269c2da,NOUN,0.006701972114786001,0.00024306362831800002,0.006458908486468001
3854,8c5bb79eb38a77bacaa7,NOUN,0.37477307562987205,0.035550924012262,0.33922215161761005
3859,8bc1337f792a44b19fdc,CONJ,0.9746833084885761,0.9941092509816011,-0.019425942493024984
3859,8bc1337f792a44b19fdc,PREP,0.9847458802372631,0.9633879390311221,0.021357941206140985
3864,0c4cfa9503d326c44802,NOUN,0.019084359637224,0.11535285758687201,-0.09626849794964801
3864,35019166149220788293,NOUN,0.27596741589063006,0.9232630140092241,-0.6472955981185939
3864,a13d48d873ad3fafc50c,NOUN,0.0046331362912170005,0.03211167235075,-0.027478536059532998
3881,0387dd905bc0d355e6be,NOUN,0.0015745574073810001,0.44725994597474705,-0.44568538856736606
3881,1fdfa5bf81865cabd208,NOUN,0.30410271836557967,0.0010419876184860001,0.30306073074709367
3881,9f672e556ce223a08b0e,NOUN,0.0071786481290580005,0.012596314288173,-0.005417666159115
3881,b8a256ab83fd0b3e5668,NOUN,0.315091800480336,0.0012721249673760002,0.31381967551296003
3916,af534a4056470e16e1dd,NOUN,0.681044975681042,0.000634988198497,0.680409987482545
3916,c0732e692d922fedfae2,NOUN,0.6666546648986236,0.8952877423473151,-0.22863307744869155
3918,26edc41d637775fdacf1,CONJ,0.01932541666883,0.5545324194840331,-0.5352070028152031
3918,ed37307b1596d22f88c6,ADVB,0.060475889082831004,0.007910603039028,0.052565286043803006
3918,ed37307b1596d22f88c6,NOUN,0.080876940213106,0.809221368836736,-0.72834442862363
3937,31a6800aef009b4822b4,NOUN,5.038239397892326e-05,0.502126912206317,-0.5020765298123381
3937,838302ffec1a7c7daa19,NOUN,0.07335425055789471,0.0017655963381190002,0.07158865421977571
3937,9ef3a88313f023ca44f9,NOUN,0.776845888914873,0.004617217324332,0.7722286715905411
3937,d43aedfe3c168b4a454a,NOUN,1.590956530538453e-05,2.160391510597181e-07,1.569352615432481e-05
3937,dea86e2c796d305fc0ef,NOUN,0.028118784615998003,3.549276518387708e-11,0.02811878458050524
3938,29a2610c7c5cee33a8ff,NOUN,9.512244753069854e-05,2.103877907613016e-08,9.51014087516224e-05
3938,83605676c6e6c2103e91,NOUN,0.0462642407688,0.026121473202490503,0.020142767566309498
3941,2eccc6408f0e9e7430e9,NOUN,0.0002839875298473627,0.002504481993387,-0.002220494463539637
3948,13e8206de3ee00a46a30,VERB,0.453276226984595,0.0046548495350710005,0.448621377449524
3963,185a445f3f08bde1e068,NOUN,0.012075699240131,0.702550591519236,-0.6904748922791051
3963,b673ba312cd49e741e14,NOUN,0.9791426422581047,0.408279684422583,0.5708629578355217
3963,bb94a0f7fc9375ea86ca,NOUN,0.46869289161207,0.233180417784316,0.235512473827754
4029,2f7bbc161d99d29bc40c,ADJF,0.083390273242873,0.9988561854051701,-0.9154659121622971
4029,9f5eef331bf162eb27e4,ADJF,0.9909696926175271,0.433987828160166,0.5569818644573611
4029,d09e879ff4ece9d99ee9,NPRO,0.7715987593971321,0.095406104618815,0.676192654778317
4046,74967824fb9f29f1a586,ADJF,0.19571261972231452,0.131557347989278,0.0641552717330365
4046,fe2549bf26d81c96a465,PRCL,0.7935822944450001,0.71178243260546,0.08179986183954002
4071,58d36fe4ae380f939c25,NOUN,0.5098617977265321,0.000217628451116,0.5096441692754161
4071,f4bedd4419f090b55875,NOUN,9.231444114143677e-07,0.04141088572325,-0.04140996257883859
4076,78e67346c95d38cd130b,NOUN,0.0020901173054190003,0.4028984017104945,-0.4008082844050755
