pos,role,n,constructions,accuracy,ci_low,ci_high,mean_affinity,single_accuracy
ADJF,anchor,174,48,0.7126436781609196,0.611764705882353,0.8057142857142857,0.6162790710114658,0.7808219178082192
ADJF,filler,392,169,0.44642857142857145,0.395120445648901,0.498674088152774,0.3360490966192837,0.5321428571428571
ADJS,anchor,18,6,0.5555555555555556,0.23809523809523808,1.0,0.4982070552315284,0.5833333333333334
ADJS,filler,30,25,0.4,0.2413793103448276,0.5770161290322566,0.3724642566961243,0.4166666666666667
ADVB,anchor,228,54,0.4342105263157895,0.3305075652869717,0.5422222222222223,0.3996190758482452,0.47029702970297027
ADVB,filler,164,77,0.524390243902439,0.43684059286146404,0.6158200702769739,0.37501855591799005,0.5637583892617449
COMP,anchor,10,3,0.9,0.6666666666666666,1.0,0.7327869593672248,0.9
COMP,filler,30,18,0.5666666666666667,0.34881193124368054,0.7666860465116276,0.37084332837384726,0.5925925925925926
CONJ,anchor,329,70,0.8936170212765957,0.8370764502835406,0.9432193135270022,0.8247776763185005,0.8990825688073395
CONJ,filler,122,75,0.860655737704918,0.7981651376146789,0.918918918918919,0.8029283597348532,0.860655737704918
GRND,anchor,13,6,0.7692307692307693,0.4,1.0,0.7381001666255715,0.9
GRND,filler,4,4,0.25,0.0,0.75,0.2711399963161083,
INFN,anchor,45,17,0.7111111111111111,0.46938775510204084,0.9117647058823529,0.6050263526275742,0.7567567567567568
INFN,filler,237,105,0.4345991561181435,0.36666334661354577,0.5020751228319936,0.3212504427945419,0.47619047619047616
INTJ,anchor,17,5,0.29411764705882354,0.058823529411764705,0.6153846153846154,0.24197606981560985,0.3333333333333333
NONE,filler,26,16,0.19230769230769232,0.03700396825396828,0.391304347826087,0.1016219204427491,0.29411764705882354
NOUN,anchor,606,144,0.6584158415841584,0.5941273118899622,0.7195306322715465,0.5658305283142483,0.7307692307692307
NOUN,filler,1251,238,0.3844924060751399,0.35080278095440054,0.4182577392365885,0.2851792620952692,0.4604966139954853
NPRO,anchor,44,12,0.75,0.5106382978723404,0.9534883720930233,0.717826055379439,0.7567567567567568
NPRO,filler,354,141,0.672316384180791,0.6249916219839142,0.71875,0.5399705501596835,0.6773255813953488
NUMR,anchor,5,2,0.6,0.3333333333333333,1.0,0.5406363357324281,0.6
NUMR,filler,49,25,0.24489795918367346,0.13636363636363635,0.35850266086115123,0.15191423738325296,0.2608695652173913
PRCL,anchor,253,53,0.841897233201581,0.7584710451977401,0.9105708354955889,0.8016125430120701,0.8588709677419355
PRCL,filler,129,70,0.8294573643410853,0.751937984496124,0.8965572858731924,0.7171170472249315,0.8294573643410853
PRED,anchor,41,10,0.4878048780487805,0.29545454545454547,0.6944444444444444,0.40419474914123005,0.4878048780487805
PRED,filler,19,16,0.6842105263157895,0.47619047619047616,0.8823529411764706,0.43820178280726946,0.7222222222222222
PREP,anchor,592,142,0.9408783783783784,0.9069373170550965,0.9692832764505119,0.9062188568284757,0.9456706281833617
PREP,filler,244,125,0.9508196721311475,0.9227642276422764,0.9759036144578314,0.9215375951409142,0.9585062240663901
PRTF,anchor,11,4,0.36363636363636365,0.14285714285714285,0.625,0.32842308506345863,0.5
PRTF,filler,25,22,0.32,0.16,0.5,0.17955258766016602,0.25
PRTS,anchor,3,2,1.0,1.0,1.0,0.7609303007745801,1.0
PRTS,filler,20,18,0.3,0.10526315789473684,0.52,0.2855092328343063,0.5
VERB,anchor,239,67,0.5690376569037657,0.4691293991086522,0.6680170342869621,0.4978311980615099,0.6727272727272727
VERB,filler,575,175,0.4,0.35727109515260325,0.44173934149430144,0.2922586477995568,0.4621212121212121
