pos,n_pairs,mean_diff,ci95,positive,ties,wilcoxon_p,sign_p,sign_p_holm
ADJF,23,0.2666666666666667,"[0.07971014492753625, 0.43769927536231856]",12,8,0.014398103489862667,0.03515625,0.28125
ADVB,21,-0.0870748299319728,"[-0.3527267573696145, 0.18968253968253967]",7,3,0.6155688205399656,0.480682373046875,1.0
CONJ,24,0.06746031746031746,"[-0.06984126984126983, 0.22162698412698414]",5,15,0.44086703541808714,1.0,1.0
INFN,4,-0.375,"[-1.0, 0.25]",1,1,,1.0,1.0
NOUN,115,0.2587512487512488,"[0.16440542066629024, 0.3489371437741003]",72,14,3.6787101511620254e-07,2.2369582656172593e-05,0.00022369582656172593
NPRO,6,0.3904761904761904,"[0.05714285714285714, 0.7238095238095239]",4,2,,0.125,0.875
PRCL,16,0.052430555555555564,"[-0.16424479166666667, 0.26146701388888877]",5,7,0.4764220527010231,1.0,1.0
PRED,2,-0.16666666666666669,"[-0.33333333333333337, 0.0]",0,1,,1.0,1.0
PREP,44,-0.05454545454545454,"[-0.1409090909090909, 0.02727272727272728]",1,37,0.17241510261138115,0.125,0.875
VERB,17,0.47058823529411764,"[0.2529166666666667, 0.6735539215686271]",13,1,0.002449403720010908,0.021270751953125,0.191436767578125
